passer_player_name,player_id,team,total_passing_yards,pass_yds_per_attempt,pass_attempts,passing_tds,first_down_passes,cmp,ints,cmp_percentage,epa,yac_sum,yac_avg,air_epa_avg,yac_epa_avg,air_wpa_avg,yac_wpa_avg,two_pt_sum,sacks,fumbles,fumbles_to_turnovers,td_rate,int_rate,rusher_player_name,rushing_tds,rushing_yds_sum,rushing_yds_avg,cur_fpts,year,next_fpts
A.Smith,00-0015082,CIN,805.0,10.0625,172.0,2.0,35.0,80.0,6.0,0.46511627906976744,-0.2408142575638217,0.0,0.0,0.0,0.0,0.0,0.0,0,19.0,0.0,0,0.011627906976744186,0.03488372093023256,0,0.0,0.0,0.0,28.200000000000003,1999,36.12
B.Brister,00-0001785,DEN,87.0,7.25,20.0,0.0,7.0,12.0,3.0,0.6,-0.36954654823639466,0.0,0.0,0.0,0.0,0.0,0.0,0,0.0,0.0,0,0.0,0.15,B.Brister,0.0,17.0,8.5,-0.8200000000000001,1999,3.28
B.Favre,00-0005106,GB,4091.0,11.997067448680351,631.0,22.0,194.0,341.0,23.0,0.5404120443740095,0.006712698403673235,-1.0,-1.0,0.0,0.0,0.0,0.0,1,35.0,7.0,5,0.03486529318541997,0.03645007923930269,B.Favre,0.0,142.0,5.071428571428571,211.83999999999997,1999,205.28
B.Griese,00-0006423,DEN,3032.0,11.616858237547893,476.0,14.0,137.0,261.0,14.0,0.5483193277310925,0.0027802363498656947,9.0,4.5,0.0,0.0,0.0,0.0,0,27.0,4.0,4,0.029411764705882353,0.029411764705882353,B.Griese,2.0,138.0,3.0,167.08,1999,189.71999999999997
B.Hobert,00-0007530,NO,970.0,11.411764705882353,171.0,6.0,43.0,85.0,6.0,0.49707602339181284,-0.06333754598738675,0.0,0.0,0.0,0.0,0.0,0.0,0,11.0,0.0,0,0.03508771929824561,0.03508771929824561,B.Hobert,1.0,47.0,3.9166666666666665,61.5,1999,
B.Johnson,00-0008442,WAS,4005.0,12.674050632911392,549.0,24.0,177.0,316.0,13.0,0.575591985428051,0.10065320856810837,0.0,0.0,0.0,0.0,0.0,0.0,1,29.0,7.0,5,0.04371584699453552,0.023679417122040074,B.Johnson,2.0,31.0,1.1923076923076923,237.29999999999998,1999,117.99999999999999
B.Tolliver,00-0016534,NO,1916.0,13.784172661870503,289.0,7.0,83.0,139.0,16.0,0.4809688581314879,-0.10690969412043672,150.0,4.166666666666667,0.0,0.0,0.0,0.0,3,19.0,0.0,0,0.02422145328719723,0.05536332179930796,B.Tolliver,3.0,142.0,5.461538461538462,110.84,1999,
C.Batch,00-0000865,DET,1957.0,12.960264900662251,307.0,13.0,89.0,151.0,7.0,0.49185667752442996,-0.05963415267804581,37.0,6.166666666666667,0.0,0.0,0.0,0.0,1,36.0,1.0,1,0.04234527687296417,0.02280130293159609,C.Batch,2.0,87.0,3.107142857142857,136.98000000000002,1999,147.46
C.Chandler,00-0002876,ATL,2339.0,13.442528735632184,338.0,16.0,113.0,174.0,11.0,0.514792899408284,-0.03057015076542901,11.0,11.0,0.0,0.0,0.0,0.0,0,32.0,3.0,2,0.047337278106508875,0.03254437869822485,C.Chandler,1.0,57.0,3.5625,143.26,1999,111.44
C.McNown,00-0011044,CHI,1465.0,11.535433070866143,253.0,8.0,65.0,127.0,10.0,0.5019762845849802,-0.1266436388384337,284.0,6.761904761904762,0.0,0.0,0.0,0.0,0,18.0,2.0,2,0.03162055335968379,0.039525691699604744,C.McNown,0.0,160.0,5.0,82.6,1999,128.44
C.Miller,00-0011244,DEN,527.0,11.456521739130435,88.0,2.0,23.0,46.0,1.0,0.5227272727272727,-0.06689950439155273,0.0,0.0,0.0,0.0,0.0,0.0,0,7.0,0.0,1,0.022727272727272728,0.011363636363636364,C.Miller,0.0,40.0,5.0,29.08,1999,
D.Bledsoe,00-0001361,NE,3985.0,13.065573770491802,594.0,19.0,184.0,305.0,21.0,0.5134680134680135,-0.06908680499641291,0.0,0.0,0.0,0.0,0.0,0.0,0,55.0,6.0,2,0.03198653198653199,0.03535353535353535,D.Bledsoe,0.0,101.0,2.4047619047619047,199.5,1999,197.44
D.Brown,00-0001907,ARI,944.0,11.238095238095237,187.0,2.0,39.0,84.0,6.0,0.44919786096256686,-0.25756290932684034,0.0,0.0,0.0,0.0,0.0,0.0,0,18.0,2.0,2,0.0106951871657754,0.03208556149732621,D.Brown,0.0,49.0,3.769230769230769,34.66,1999,18.68
D.Flutie,00-0005363,BUF,3171.0,12.011363636363637,504.0,19.0,156.0,264.0,16.0,0.5238095238095238,0.014330280947527066,161.0,3.926829268292683,0.0,0.0,0.0,0.0,0,26.0,5.0,4,0.037698412698412696,0.031746031746031744,D.Flutie,1.0,476.0,5.409090909090909,216.44,1999,116.34
D.Huard,00-0007835,MIA,1288.0,10.304,245.0,8.0,68.0,125.0,4.0,0.5102040816326531,-0.0897536720618478,0.0,0.0,0.0,0.0,0.0,0.0,0,28.0,2.0,1,0.0326530612244898,0.0163265306122449,D.Huard,0.0,124.0,4.428571428571429,85.92000000000002,1999,10.719999999999999
D.Kanell,00-0009007,ATL,593.0,14.119047619047619,89.0,4.0,29.0,42.0,4.0,0.47191011235955055,0.054434561714721,0.0,0.0,0.0,0.0,0.0,0.0,0,5.0,0.0,0,0.0449438202247191,0.0449438202247191,0,0.0,0.0,0.0,31.72,1999,18.96
D.Marino,00-0010379,MIA,2448.0,12.0,379.0,12.0,120.0,204.0,17.0,0.5382585751978892,-0.10918103452323795,0.0,0.0,0.0,0.0,0.0,0.0,0,9.0,6.0,4,0.0316622691292876,0.044854881266490766,D.Marino,0.0,-6.0,-1.0,103.32000000000002,1999,
D.McNabb,00-0011022,PHI,948.0,8.943396226415095,245.0,8.0,55.0,106.0,7.0,0.4326530612244898,-0.31871582228203765,0.0,0.0,0.0,0.0,0.0,0.0,1,28.0,4.0,5,0.0326530612244898,0.02857142857142857,D.McNabb,0.0,313.0,6.659574468085107,79.22,1999,290.5
D.Pederson,00-0012726,PHI,1276.0,10.722689075630251,247.0,7.0,61.0,119.0,9.0,0.4817813765182186,-0.21776049791625568,113.0,5.380952380952381,0.0,0.0,0.0,0.0,0,20.0,5.0,5,0.02834008097165992,0.03643724696356275,D.Pederson,0.0,33.0,1.65,54.33999999999999,1999,40.68
D.Wuerffel,00-0018333,NO,191.0,8.681818181818182,53.0,0.0,9.0,22.0,3.0,0.41509433962264153,-0.5325606367678505,0.0,0.0,0.0,0.0,0.0,0.0,0,5.0,0.0,0,0.0,0.05660377358490566,D.Wuerffel,1.0,29.0,14.5,10.54,1999,
E.Grbac,00-0006300,KC,3389.0,11.52721088435374,526.0,22.0,163.0,294.0,15.0,0.55893536121673,0.048739803492746904,0.0,0.0,0.0,0.0,0.0,0.0,0,26.0,4.0,2,0.04182509505703422,0.028517110266159697,E.Grbac,0.0,10.0,0.5263157894736842,190.56,1999,236.56
E.Kramer,00-0009451,LAC,788.0,10.102564102564102,148.0,2.0,39.0,78.0,10.0,0.527027027027027,-0.21241146420001292,0.0,0.0,0.0,0.0,0.0,0.0,0,7.0,1.0,1,0.013513513513513514,0.06756756756756757,E.Kramer,0.0,1.0,0.2,17.619999999999997,1999,
E.Zeier,00-0018483,TB,270.0,8.4375,59.0,0.0,12.0,32.0,1.0,0.5423728813559322,-0.2913146694717514,0.0,0.0,0.0,0.0,0.0,0.0,0,5.0,1.0,1,0.0,0.01694915254237288,E.Zeier,0.0,7.0,2.3333333333333335,7.500000000000001,1999,
G.Foley,00-0005379,SEA,283.0,15.722222222222221,36.0,2.0,13.0,18.0,0.0,0.5,0.19600140284455794,0.0,0.0,0.0,0.0,0.0,0.0,0,6.0,1.0,0,0.05555555555555555,0.0,G.Foley,0.0,-1.0,-0.3333333333333333,19.22,1999,
G.Frerotte,00-0005589,DET,2117.0,12.097142857142858,319.0,9.0,90.0,175.0,7.0,0.54858934169279,0.03792703671034227,99.0,6.1875,0.0,0.0,0.0,0.0,1,28.0,1.0,0,0.02821316614420063,0.0219435736677116,G.Frerotte,0.0,33.0,2.2,111.98,1999,97.44000000000001
J.Blake,00-0001335,CIN,2670.0,12.418604651162791,421.0,16.0,124.0,215.0,12.0,0.5106888361045131,-0.03350438622614125,0.0,0.0,0.0,0.0,0.0,0.0,2,30.0,5.0,4,0.03800475059382423,0.028503562945368172,J.Blake,2.0,332.0,5.26984126984127,188.0,1999,143.3
J.Delhomme,00-0004161,NO,521.0,12.404761904761905,83.0,3.0,24.0,42.0,5.0,0.5060240963855421,-0.19953511421837186,0.0,0.0,0.0,0.0,0.0,0.0,0,6.0,1.0,1,0.03614457831325301,0.060240963855421686,J.Delhomme,2.0,72.0,6.545454545454546,40.040000000000006,1999,
J.Fiedler,00-0005180,JAX,656.0,10.754098360655737,102.0,2.0,40.0,61.0,2.0,0.5980392156862745,0.14726981975879827,8.0,8.0,0.0,0.0,0.0,0.0,1,7.0,0.0,0,0.0196078431372549,0.0196078431372549,J.Fiedler,0.0,26.0,2.0,34.839999999999996,1999,144.20000000000002
J.Garcia,00-0005755,SF,2544.0,11.306666666666667,390.0,11.0,133.0,225.0,11.0,0.5769230769230769,0.056198528631414134,103.0,5.722222222222222,0.0,0.0,0.0,0.0,1,15.0,3.0,2,0.028205128205128206,0.028205128205128206,J.Garcia,2.0,231.0,5.133333333333334,156.85999999999999,1999,340.52
J.Garrett,00-0005794,DAL,314.0,9.8125,69.0,3.0,13.0,32.0,1.0,0.463768115942029,-0.2058262406876876,0.0,0.0,0.0,0.0,0.0,0.0,0,5.0,0.0,0,0.043478260869565216,0.014492753623188406,J.Garrett,0.0,12.0,2.0,23.76,1999,
J.George,00-0005885,MIN,2816.0,14.743455497382199,358.0,23.0,120.0,191.0,12.0,0.5335195530726257,0.14023903223597922,155.0,6.458333333333333,0.0,0.0,0.0,0.0,0,28.0,5.0,4,0.06424581005586592,0.0335195530726257,J.George,0.0,41.0,2.5625,176.73999999999998,1999,73.96000000000001
J.Germaine,00-0005902,LA,136.0,15.11111111111111,19.0,1.0,6.0,9.0,2.0,0.47368421052631576,-0.35580199072443913,0.0,0.0,0.0,0.0,0.0,0.0,0,3.0,1.0,1,0.05263157894736842,0.10526315789473684,J.Germaine,0.0,0.0,0.0,3.4400000000000013,1999,
J.Harbaugh,00-0006808,LAC,2761.0,11.088353413654618,473.0,10.0,130.0,249.0,14.0,0.5264270613107822,-0.0752328256162383,0.0,0.0,0.0,0.0,0.0,0.0,1,37.0,3.0,1,0.021141649048625793,0.02959830866807611,J.Harbaugh,0.0,126.0,3.7058823529411766,135.04,1999,69.04
J.Kitna,00-0009311,SEA,3346.0,12.392592592592592,529.0,23.0,166.0,270.0,16.0,0.5103969754253308,-0.007443516074539251,0.0,0.0,0.0,0.0,0.0,0.0,0,32.0,6.0,4,0.043478260869565216,0.030245746691871456,J.Kitna,0.0,56.0,1.6,191.44,1999,151.01999999999998
J.Miller,00-0011276,CHI,1242.0,11.290909090909091,181.0,7.0,53.0,110.0,6.0,0.6077348066298343,0.10405302523029993,232.0,7.483870967741935,0.0,0.0,0.0,0.0,0,7.0,2.0,1,0.03867403314917127,0.03314917127071823,0,0.0,0.0,0.0,63.68000000000001,1999,17.78
J.Plummer,00-0013042,ARI,2111.0,10.502487562189055,409.0,9.0,110.0,201.0,24.0,0.49144254278728605,-0.19298458095537246,0.0,0.0,0.0,0.0,0.0,0.0,0,27.0,2.0,0,0.022004889975550123,0.05867970660146699,J.Plummer,2.0,121.0,3.1025641025641026,96.53999999999999,1999,142.14000000000001
K.Collins,00-0003292,NYG,2318.0,12.2,347.0,8.0,116.0,190.0,11.0,0.547550432276657,-0.021096235074463638,0.0,0.0,0.0,0.0,0.0,0.0,0,16.0,3.0,3,0.023054755043227664,0.03170028818443804,K.Collins,2.0,36.0,1.894736842105263,112.32,1999,214.9
K.Detmer,00-0004229,PHI,181.0,18.1,29.0,3.0,7.0,10.0,2.0,0.3448275862068966,-0.10505312161941262,0.0,0.0,0.0,0.0,0.0,0.0,0,0.0,0.0,0,0.10344827586206896,0.06896551724137931,K.Detmer,0.0,-2.0,-1.0,15.040000000000003,1999,
K.Graham,00-0006212,NYG,1697.0,10.60625,298.0,9.0,81.0,160.0,9.0,0.5369127516778524,-0.04558158311673088,0.0,0.0,0.0,0.0,0.0,0.0,0,26.0,2.0,0,0.030201342281879196,0.030201342281879196,K.Graham,1.0,132.0,3.7714285714285714,105.08,1999,35.82
K.Stewart,00-0015700,PIT,1464.0,9.15,297.0,6.0,80.0,160.0,10.0,0.5387205387205387,-0.20641984965627025,110.0,5.238095238095238,0.0,0.0,0.0,0.0,0,22.0,0.0,1,0.020202020202020204,0.03367003367003367,K.Stewart,2.0,258.0,4.607142857142857,98.36,1999,186.0
K.Warner,00-0017200,LA,4044.0,13.616161616161616,482.0,38.0,182.0,297.0,11.0,0.6161825726141079,0.3052512889291683,142.0,8.352941176470589,0.0,0.0,0.0,0.0,1,26.0,5.0,2,0.07883817427385892,0.022821576763485476,K.Warner,1.0,93.0,4.2272727272727275,305.06,1999,188.85999999999999
M.Brunell,00-0002110,JAX,3060.0,11.814671814671815,473.0,14.0,154.0,259.0,9.0,0.547568710359408,0.10738712259190322,0.0,0.0,0.0,0.0,0.0,0.0,2,29.0,3.0,1,0.02959830866807611,0.019027484143763214,M.Brunell,1.0,208.0,4.425531914893617,189.20000000000002,1999,231.2
M.Hasselbeck,00-0007091,GB,41.0,13.666666666666666,11.0,1.0,2.0,3.0,0.0,0.2727272727272727,-0.27821133341621085,0.0,0.0,0.0,0.0,0.0,0.0,0,1.0,0.0,0,0.09090909090909091,0.0,M.Hasselbeck,0.0,15.0,2.5,7.14,1999,7.66
M.Tomczak,00-0016538,PIT,1625.0,11.690647482014388,276.0,12.0,78.0,139.0,8.0,0.5036231884057971,-0.013018723909198917,0.0,0.0,0.0,0.0,0.0,0.0,1,15.0,1.0,1,0.043478260869565216,0.028985507246376812,M.Tomczak,0.0,19.0,1.1875,98.9,1999,
N.O'Donnell,00-0012261,TEN,1382.0,11.913793103448276,204.0,10.0,65.0,116.0,5.0,0.5686274509803921,0.054581359056310674,32.0,2.6666666666666665,0.0,0.0,0.0,0.0,0,9.0,3.0,2,0.049019607843137254,0.024509803921568627,N.O'Donnell,0.0,1.0,0.05263157894736842,81.38,1999,23.0
P.Justin,00-0008970,LA,91.0,10.11111111111111,15.0,0.0,5.0,9.0,0.0,0.6,0.14306062473574055,0.0,0.0,0.0,0.0,0.0,0.0,0,1.0,0.0,0,0.0,0.0,P.Justin,0.0,-1.0,-0.2,3.54,1999,
P.Manning,00-0010346,IND,4135.0,12.492447129909365,548.0,26.0,197.0,331.0,15.0,0.6040145985401459,0.19026199132446175,0.0,0.0,0.0,0.0,0.0,0.0,1,14.0,4.0,1,0.04744525547445255,0.02737226277372263,P.Manning,2.0,73.0,2.085714285714286,258.7,1999,296.12
R.Cunningham,00-0003761,MIN,1475.0,11.89516129032258,214.0,8.0,71.0,124.0,9.0,0.5794392523364486,-0.038520883053643325,0.0,0.0,0.0,0.0,0.0,0.0,0,15.0,3.0,1,0.037383177570093455,0.04205607476635514,R.Cunningham,0.0,58.0,5.8,76.8,1999,62.86
R.Gannon,00-0005741,LV,3840.0,12.631578947368421,566.0,24.0,195.0,304.0,14.0,0.5371024734982333,0.08855008565052266,72.0,4.8,0.0,0.0,0.0,0.0,1,49.0,6.0,4,0.04240282685512368,0.024734982332155476,R.Gannon,2.0,298.0,6.478260869565218,257.4,1999,298.09999999999997
R.Johnson,00-0008612,BUF,298.0,11.92,35.0,2.0,16.0,25.0,0.0,0.7142857142857143,0.5084878739102615,0.0,0.0,0.0,0.0,0.0,0.0,0,1.0,0.0,0,0.05714285714285714,0.0,R.Johnson,0.0,61.0,7.625,26.020000000000003,1999,142.18
R.Lucas,00-0010137,NYJ,1678.0,10.422360248447205,281.0,14.0,82.0,161.0,6.0,0.5729537366548043,0.09861266095466187,0.0,0.0,0.0,0.0,0.0,0.0,0,11.0,0.0,0,0.0498220640569395,0.021352313167259787,R.Lucas,1.0,144.0,3.5121951219512195,131.52,1999,2.4400000000000004
R.Mirer,00-0011378,NYJ,1062.0,11.178947368421053,200.0,5.0,47.0,95.0,9.0,0.475,-0.11474327857363868,0.0,0.0,0.0,0.0,0.0,0.0,0,22.0,1.0,1,0.025,0.045,R.Mirer,1.0,89.0,4.238095238095238,57.379999999999995,1999,11.04
R.Peete,00-0012732,WAS,107.0,13.375,19.0,2.0,6.0,8.0,1.0,0.42105263157894735,-0.17115909041213995,0.0,0.0,0.0,0.0,0.0,0.0,0,2.0,0.0,0,0.10526315789473684,0.05263157894736842,R.Peete,0.0,-1.0,-0.5,10.180000000000001,1999,
S.Beuerlein,00-0001218,CAR,4436.0,12.932944606413994,621.0,36.0,208.0,343.0,15.0,0.5523349436392915,0.09437210936078756,89.0,4.45,0.0,0.0,0.0,0.0,0,50.0,8.0,5,0.057971014492753624,0.024154589371980676,S.Beuerlein,2.0,124.0,4.592592592592593,305.84,1999,189.79999999999998
S.Case,00-0002787,BAL,988.0,12.831168831168831,186.0,3.0,42.0,77.0,8.0,0.41397849462365593,-0.2949927636757162,0.0,0.0,0.0,0.0,0.0,0.0,0,17.0,3.0,2,0.016129032258064516,0.043010752688172046,S.Case,3.0,141.0,3.9166666666666665,63.620000000000005,1999,33.82
S.King,00-0009266,TB,875.0,9.831460674157304,158.0,7.0,41.0,89.0,4.0,0.5632911392405063,-0.09246024802625827,0.0,0.0,0.0,0.0,0.0,0.0,0,11.0,3.0,3,0.04430379746835443,0.02531645569620253,S.King,0.0,38.0,2.111111111111111,52.8,1999,220.06
S.Matthews,00-0010560,CHI,1645.0,9.850299401197605,290.0,10.0,85.0,167.0,6.0,0.5758620689655173,-0.07792238520246207,0.0,0.0,0.0,0.0,0.0,0.0,0,13.0,5.0,3,0.034482758620689655,0.020689655172413793,S.Matthews,0.0,31.0,2.2142857142857144,90.89999999999999,1999,40.06
S.McNair,00-0011024,TEN,2179.0,11.6524064171123,348.0,12.0,101.0,187.0,8.0,0.5373563218390804,0.01666464580550231,0.0,0.0,0.0,0.0,0.0,0.0,1,16.0,2.0,1,0.034482758620689655,0.022988505747126436,S.McNair,8.0,337.0,4.680555555555555,200.86,1999,182.18
S.Mitchell,00-0011434,BAL,48.0,6.857142857142857,17.0,0.0,2.0,7.0,2.0,0.4117647058823529,-0.3671114414154951,0.0,0.0,0.0,0.0,0.0,0.0,0,1.0,0.0,0,0.0,0.11764705882352941,S.Mitchell,0.0,1.0,1.0,-1.98,1999,42.74
S.Stenstrom,00-0015627,SF,536.0,9.925925925925926,110.0,0.0,22.0,54.0,4.0,0.4909090909090909,-0.4267773940432416,0.0,0.0,0.0,0.0,0.0,0.0,0,10.0,1.0,0,0.0,0.03636363636363636,S.Stenstrom,0.0,15.0,5.0,14.940000000000001,1999,
S.Walsh,00-0017121,IND,47.0,6.714285714285714,13.0,0.0,2.0,7.0,2.0,0.5384615384615384,-1.6508402069493278,0.0,0.0,0.0,0.0,0.0,0.0,0,0.0,2.0,0,0.0,0.15384615384615385,0,0.0,0.0,0.0,-2.12,1999,
S.Young,00-0018441,SF,446.0,9.911111111111111,91.0,3.0,17.0,45.0,4.0,0.4945054945054945,-0.25060672330703904,0.0,0.0,0.0,0.0,0.0,0.0,0,8.0,1.0,1,0.03296703296703297,0.04395604395604396,S.Young,0.0,57.0,5.181818181818182,25.54,1999,
T.Aikman,00-0000104,DAL,2964.0,11.269961977186313,460.0,17.0,126.0,263.0,12.0,0.5717391304347826,0.03616293075906802,0.0,0.0,0.0,0.0,0.0,0.0,0,19.0,3.0,1,0.03695652173913044,0.02608695652173913,T.Aikman,1.0,10.0,0.47619047619047616,167.56,1999,64.58
T.Banks,00-0000722,BAL,2136.0,12.63905325443787,353.0,17.0,93.0,169.0,8.0,0.47875354107648727,-0.08331642906908406,0.0,0.0,0.0,0.0,0.0,0.0,0,33.0,6.0,5,0.04815864022662889,0.0226628895184136,0,0.0,0.0,0.0,127.44,1999,86.82000000000001
T.Couch,00-0003535,CLE,2447.0,10.973094170403588,455.0,15.0,107.0,223.0,13.0,0.4901098901098901,-0.16461010330222606,35.0,11.666666666666666,0.0,0.0,0.0,0.0,0,56.0,5.0,5,0.03296703296703297,0.02857142857142857,T.Couch,1.0,267.0,6.675,154.57999999999998,1999,73.82
T.Detmer,00-0004230,CLE,548.0,11.659574468085106,95.0,4.0,27.0,47.0,2.0,0.49473684210526314,-0.03156826042778473,0.0,0.0,0.0,0.0,0.0,0.0,0,4.0,0.0,0,0.042105263157894736,0.021052631578947368,T.Detmer,1.0,38.0,6.333333333333333,43.72,1999,
T.Dilfer,00-0004293,TB,1619.0,11.08904109589041,270.0,11.0,78.0,146.0,11.0,0.5407407407407407,-0.154033510280317,1.0,1.0,0.0,0.0,0.0,0.0,0,26.0,4.0,4,0.040740740740740744,0.040740740740740744,T.Dilfer,0.0,144.0,4.114285714285714,93.16000000000001,1999,89.58
T.Graziani,00-0006299,ATL,759.0,12.241935483870968,130.0,2.0,37.0,62.0,4.0,0.47692307692307695,-0.18504942912938327,0.0,0.0,0.0,0.0,0.0,0.0,0,12.0,4.0,3,0.015384615384615385,0.03076923076923077,T.Graziani,0.0,11.0,1.2222222222222223,25.46,1999,
T.Tupa,00-0016683,NYJ,165.0,27.5,15.0,2.0,4.0,6.0,0.0,0.4,-0.05489385917801357,0.0,0.0,0.0,0.0,0.0,0.0,0,3.0,1.0,1,0.13333333333333333,0.0,T.Tupa,0.0,8.0,4.0,13.4,1999,
V.Testaverde,00-0016193,NYJ,96.0,9.6,15.0,1.0,6.0,10.0,1.0,0.6666666666666666,0.3133318281189225,0.0,0.0,0.0,0.0,0.0,0.0,0,0.0,0.0,0,0.06666666666666667,0.06666666666666667,0,0.0,0.0,0.0,5.84,1999,186.48
A.Brooks,00-0001823,NO,1514.0,13.398230088495575,210.0,9.0,66.0,113.0,6.0,0.5380952380952381,0.10576958100527231,0.0,0.0,0.0,0.0,0.0,0.0,0,15.0,0.0,0,0.04285714285714286,0.02857142857142857,A.Brooks,2.0,170.0,4.146341463414634,113.56,2000,257.08
A.Smith,00-0015082,CIN,1253.0,10.61864406779661,303.0,3.0,58.0,118.0,6.0,0.38943894389438943,-0.3117506411508404,0.0,0.0,0.0,0.0,0.0,0.0,0,36.0,6.0,7,0.009900990099009901,0.019801980198019802,0,0.0,0.0,0.0,36.12,2000,
A.Wright,00-0018272,DAL,237.0,10.772727272727273,66.0,0.0,10.0,22.0,3.0,0.3333333333333333,-0.7545298361586183,0.0,0.0,0.0,0.0,0.0,0.0,0,12.0,3.0,2,0.0,0.045454545454545456,A.Wright,0.0,36.0,3.0,3.0800000000000005,2000,34.86
B.Brister,00-0001785,MIN,82.0,8.2,21.0,0.0,3.0,10.0,1.0,0.47619047619047616,-0.6105935124629449,0.0,0.0,0.0,0.0,0.0,0.0,0,1.0,0.0,0,0.0,0.047619047619047616,B.Brister,0.0,20.0,4.0,3.28,2000,
B.Favre,00-0005106,GB,3812.0,11.278106508875739,615.0,20.0,193.0,338.0,16.0,0.5495934959349593,0.0033416196112937293,0.0,0.0,0.0,0.0,0.0,0.0,2,33.0,11.0,5,0.032520325203252036,0.026016260162601626,B.Favre,0.0,108.0,4.0,205.28,2000,262.44000000000005
B.Griese,00-0006423,DEN,2688.0,12.444444444444445,354.0,19.0,136.0,216.0,4.0,0.6101694915254238,0.2522092103561691,0.0,0.0,0.0,0.0,0.0,0.0,1,17.0,2.0,2,0.05367231638418079,0.011299435028248588,B.Griese,1.0,102.0,3.5172413793103448,189.71999999999997,2000,194.38
B.Huard,00-0007834,SEA,540.0,11.020408163265307,100.0,3.0,27.0,49.0,2.0,0.49,-0.19146713042082117,0.0,0.0,0.0,0.0,0.0,0.0,0,13.0,0.0,0,0.03,0.02,B.Huard,0.0,29.0,5.8,32.5,2000,9.08
B.Johnson,00-0008442,WAS,2505.0,10.986842105263158,383.0,11.0,120.0,228.0,15.0,0.5953002610966057,-0.007620454975226504,0.0,0.0,0.0,0.0,0.0,0.0,0,20.0,7.0,4,0.028720626631853787,0.0391644908616188,B.Johnson,1.0,58.0,2.6363636363636362,117.99999999999999,2000,196.24
C.Batch,00-0000865,DET,2489.0,11.262443438914028,453.0,13.0,117.0,221.0,15.0,0.4878587196467991,-0.16825405656614337,0.0,0.0,0.0,0.0,0.0,0.0,0,41.0,4.0,3,0.02869757174392936,0.033112582781456956,C.Batch,2.0,199.0,4.5227272727272725,147.46,2000,120.18
C.Chandler,00-0002876,ATL,2236.0,11.645833333333334,372.0,10.0,105.0,192.0,12.0,0.5161290322580645,-0.18757494456465176,0.0,0.0,0.0,0.0,0.0,0.0,0,40.0,2.0,0,0.026881720430107527,0.03225806451612903,C.Chandler,0.0,60.0,2.857142857142857,111.44,2000,158.28
C.Greisen,00-0006410,ARI,65.0,10.833333333333334,13.0,1.0,4.0,6.0,0.0,0.46153846153846156,-0.28078785196591405,0.0,0.0,0.0,0.0,0.0,0.0,0,3.0,1.0,1,0.07692307692307693,0.0,0,0.0,0.0,0.0,4.6,2000,
C.McNown,00-0011044,CHI,1646.0,10.688311688311689,307.0,8.0,67.0,154.0,9.0,0.501628664495114,-0.21417580471841327,0.0,0.0,0.0,0.0,0.0,0.0,0,27.0,4.0,1,0.026058631921824105,0.029315960912052116,C.McNown,3.0,326.0,6.52,128.44,2000,
D.Bledsoe,00-0001361,NE,3291.0,10.548076923076923,576.0,17.0,164.0,312.0,13.0,0.5416666666666666,-0.03928727130546504,0.0,0.0,0.0,0.0,0.0,0.0,0,45.0,6.0,2,0.029513888888888888,0.022569444444444444,D.Bledsoe,2.0,158.0,3.3617021276595747,197.44,2000,21.8
D.Brown,00-0001907,ARI,467.0,11.675,80.0,2.0,20.0,40.0,3.0,0.5,-0.19543413404719162,0.0,0.0,0.0,0.0,0.0,0.0,0,10.0,1.0,1,0.025,0.0375,D.Brown,0.0,0.0,0.0,18.68,2000,
D.Culpepper,00-0003739,MIN,3937.0,13.255892255892256,510.0,33.0,190.0,297.0,16.0,0.5823529411764706,0.18328852680196095,0.0,0.0,0.0,0.0,0.0,0.0,2,34.0,5.0,4,0.06470588235294118,0.03137254901960784,D.Culpepper,7.0,470.0,5.280898876404494,342.48,2000,198.08
D.Flutie,00-0005363,BUF,1656.0,12.837209302325581,234.0,8.0,69.0,129.0,2.0,0.5512820512820513,0.09552436071401998,0.0,0.0,0.0,0.0,0.0,0.0,0,9.0,2.0,0,0.03418803418803419,0.008547008547008548,D.Flutie,1.0,161.0,4.472222222222222,116.34,2000,185.76
D.Huard,00-0007835,MIA,318.0,8.153846153846153,67.0,1.0,15.0,39.0,3.0,0.582089552238806,-0.32376719837751944,0.0,0.0,0.0,0.0,0.0,0.0,0,4.0,1.0,0,0.014925373134328358,0.04477611940298507,0,0.0,0.0,0.0,10.719999999999999,2000,
D.Johnson,00-0019087,ATL,406.0,11.277777777777779,80.0,2.0,21.0,36.0,3.0,0.45,-0.46179826039148475,0.0,0.0,0.0,0.0,0.0,0.0,0,13.0,4.0,3,0.025,0.0375,D.Johnson,0.0,11.0,3.6666666666666665,13.339999999999998,2000,
D.Kanell,00-0009007,ATL,524.0,9.192982456140351,124.0,2.0,30.0,57.0,5.0,0.4596774193548387,-0.26499507669408073,0.0,0.0,0.0,0.0,0.0,0.0,0,8.0,0.0,0,0.016129032258064516,0.04032258064516129,D.Kanell,0.0,0.0,0.0,18.96,2000,
D.McNabb,00-0011022,PHI,3365.0,10.196969696969697,616.0,21.0,181.0,330.0,13.0,0.5357142857142857,-0.0028645328391681832,0.0,0.0,0.0,0.0,0.0,0.0,1,45.0,3.0,2,0.03409090909090909,0.021103896103896104,D.McNabb,6.0,639.0,7.430232558139535,290.5,2000,261.52
D.Pederson,00-0012726,CLE,1047.0,8.948717948717949,227.0,2.0,45.0,117.0,8.0,0.5154185022026432,-0.25302831373091955,0.0,0.0,0.0,0.0,0.0,0.0,0,17.0,1.0,0,0.00881057268722467,0.03524229074889868,D.Pederson,0.0,68.0,3.7777777777777777,40.68,2000,
E.Grbac,00-0006300,KC,3934.0,12.856209150326798,545.0,23.0,184.0,306.0,13.0,0.5614678899082569,0.08711637105010292,0.0,0.0,0.0,0.0,0.0,0.0,0,27.0,6.0,2,0.04220183486238532,0.023853211009174313,E.Grbac,1.0,112.0,4.0,236.56,2000,135.32
G.Frerotte,00-0005589,DEN,1776.0,12.869565217391305,245.0,9.0,87.0,138.0,8.0,0.563265306122449,0.005176945947629465,0.0,0.0,0.0,0.0,0.0,0.0,0,12.0,4.0,3,0.036734693877551024,0.0326530612244898,G.Frerotte,1.0,64.0,2.909090909090909,97.44000000000001,2000,29.22
J.Blake,00-0001335,NO,2025.0,11.005434782608695,328.0,13.0,102.0,184.0,9.0,0.5609756097560976,-0.005864053832384933,0.0,0.0,0.0,0.0,0.0,0.0,0,24.0,2.0,1,0.039634146341463415,0.027439024390243903,J.Blake,1.0,243.0,4.2631578947368425,143.3,2000,
J.Fiedler,00-0005180,MIA,2260.0,11.894736842105264,355.0,13.0,101.0,190.0,13.0,0.5352112676056338,0.10821503672458663,0.0,0.0,0.0,0.0,0.0,0.0,0,22.0,1.0,1,0.036619718309859155,0.036619718309859155,J.Fiedler,1.0,238.0,4.857142857142857,144.20000000000002,2000,222.01999999999998
J.Friesz,00-0005600,NE,66.0,6.0,24.0,0.0,4.0,11.0,1.0,0.4583333333333333,-0.6439422243936067,0.0,0.0,0.0,0.0,0.0,0.0,0,3.0,0.0,0,0.0,0.041666666666666664,0,0.0,0.0,0.0,0.6400000000000001,2000,
J.Garcia,00-0005755,SF,4278.0,12.050704225352113,586.0,31.0,205.0,355.0,10.0,0.60580204778157,0.1852068981203792,0.0,0.0,0.0,0.0,0.0,0.0,1,24.0,5.0,1,0.052901023890784986,0.017064846416382253,J.Garcia,4.0,414.0,5.75,340.52,2000,298.91999999999996
J.George,00-0005885,WAS,1389.0,12.29203539823009,208.0,7.0,65.0,113.0,6.0,0.5432692307692307,0.12615440323978316,0.0,0.0,0.0,0.0,0.0,0.0,0,12.0,0.0,0,0.03365384615384615,0.028846153846153848,J.George,0.0,24.0,3.4285714285714284,73.96000000000001,2000,0.7199999999999998
J.Harbaugh,00-0006808,LAC,1416.0,11.512195121951219,217.0,8.0,66.0,123.0,10.0,0.5668202764976958,0.03584665548435637,0.0,0.0,0.0,0.0,0.0,0.0,0,14.0,0.0,1,0.03686635944700461,0.04608294930875576,J.Harbaugh,0.0,24.0,1.5,69.04,2000,
J.Kitna,00-0009311,SEA,2658.0,10.262548262548263,454.0,18.0,141.0,259.0,19.0,0.5704845814977973,-0.011800350363298575,0.0,0.0,0.0,0.0,0.0,0.0,0,33.0,6.0,4,0.039647577092511016,0.04185022026431718,J.Kitna,1.0,127.0,2.6458333333333335,151.01999999999998,2000,143.94
J.Lewis,00-0009868,CAR,123.0,7.235294117647059,40.0,0.0,7.0,17.0,1.0,0.425,-0.7589419109062877,0.0,0.0,0.0,0.0,0.0,0.0,0,7.0,1.0,0,0.0,0.025,0,0.0,0.0,0.0,2.92,2000,
J.Martin,00-0010455,JAX,307.0,13.954545454545455,33.0,2.0,16.0,22.0,1.0,0.6666666666666666,0.5708489389296364,0.0,0.0,0.0,0.0,0.0,0.0,0,0.0,0.0,0,0.06060606060606061,0.030303030303030304,J.Martin,0.0,-6.0,-0.8571428571428571,17.68,2000,
J.Miller,00-0011276,CHI,382.0,8.127659574468085,84.0,1.0,22.0,47.0,1.0,0.5595238095238095,-0.03280299340171118,0.0,0.0,0.0,0.0,0.0,0.0,0,2.0,0.0,0,0.011904761904761904,0.011904761904761904,J.Miller,0.0,5.0,0.625,17.78,2000,120.05999999999997
J.Plummer,00-0013042,ARI,2946.0,10.911111111111111,498.0,13.0,132.0,270.0,21.0,0.5421686746987951,-0.10363887888950912,0.0,0.0,0.0,0.0,0.0,0.0,0,22.0,6.0,2,0.02610441767068273,0.04216867469879518,J.Plummer,0.0,183.0,4.945945945945946,142.14000000000001,2000,204.42000000000002
K.Collins,00-0003292,NYG,3610.0,11.607717041800644,557.0,22.0,195.0,311.0,13.0,0.5583482944344704,0.12228845415398913,0.0,0.0,0.0,0.0,0.0,0.0,0,28.0,5.0,2,0.03949730700179533,0.02333931777378815,K.Collins,1.0,65.0,1.5853658536585367,214.9,2000,141.58
K.Collins,00-0003292,NYG,3610.0,11.607717041800644,557.0,22.0,195.0,311.0,13.0,0.5583482944344704,0.12228845415398913,0.0,0.0,0.0,0.0,0.0,0.0,0,28.0,5.0,2,0.03949730700179533,0.02333931777378815,K.Collins,1.0,65.0,1.5853658536585367,214.9,2000,135.08
K.Collins,00-0003292,NYG,3610.0,11.607717041800644,557.0,22.0,195.0,311.0,13.0,0.5583482944344704,0.12228845415398913,0.0,0.0,0.0,0.0,0.0,0.0,0,28.0,5.0,2,0.03949730700179533,0.02333931777378815,K.Collins,1.0,65.0,1.5853658536585367,214.9,2000,58.78
K.Collins,00-0003292,NYG,3610.0,11.607717041800644,557.0,22.0,195.0,311.0,13.0,0.5583482944344704,0.12228845415398913,0.0,0.0,0.0,0.0,0.0,0.0,0,28.0,5.0,2,0.03949730700179533,0.02333931777378815,K.Collins,1.0,65.0,1.5853658536585367,214.9,2000,52.28
K.Graham,00-0006212,PIT,878.0,13.303030303030303,161.0,1.0,37.0,66.0,1.0,0.40993788819875776,-0.24173266853268863,0.0,0.0,0.0,0.0,0.0,0.0,0,13.0,2.0,1,0.006211180124223602,0.006211180124223602,K.Graham,0.0,7.0,0.875,35.82,2000,12.540000000000001
K.Stewart,00-0015700,PIT,1860.0,12.317880794701987,320.0,11.0,91.0,151.0,8.0,0.471875,-0.017460171718543194,0.0,0.0,0.0,0.0,0.0,0.0,0,30.0,3.0,1,0.034375,0.025,K.Stewart,7.0,436.0,5.589743589743589,186.0,2000,242.06
K.Warner,00-0017200,LA,3429.0,14.591489361702127,370.0,21.0,153.0,235.0,18.0,0.6351351351351351,0.2556065136691726,0.0,0.0,0.0,0.0,0.0,0.0,1,20.0,2.0,0,0.05675675675675676,0.04864864864864865,K.Warner,0.0,17.0,0.9444444444444444,188.85999999999999,2000,295.2
M.Brunell,00-0002110,JAX,3640.0,11.704180064308682,567.0,20.0,177.0,311.0,14.0,0.5485008818342152,0.02849798280856603,0.0,0.0,0.0,0.0,0.0,0.0,1,54.0,7.0,2,0.03527336860670194,0.024691358024691357,M.Brunell,2.0,236.0,4.916666666666667,231.2,2000,210.76000000000002
M.Hasselbeck,00-0007091,GB,104.0,10.4,21.0,1.0,4.0,10.0,0.0,0.47619047619047616,-0.26513213656980233,0.0,0.0,0.0,0.0,0.0,0.0,0,1.0,1.0,0,0.047619047619047616,0.0,M.Hasselbeck,0.0,-5.0,-1.25,7.66,2000,103.02
M.Moreno,00-0011640,LAC,134.0,8.375,34.0,0.0,6.0,16.0,2.0,0.47058823529411764,-0.4271113348353055,0.0,0.0,0.0,0.0,0.0,0.0,0,3.0,1.0,1,0.0,0.058823529411764705,0,0.0,0.0,0.0,-0.6399999999999997,2000,
N.O'Donnell,00-0012261,TEN,530.0,14.722222222222221,66.0,2.0,24.0,36.0,3.0,0.5454545454545454,0.1974391980432644,0.0,0.0,0.0,0.0,0.0,0.0,0,3.0,0.0,0,0.030303030303030304,0.045454545454545456,N.O'Donnell,0.0,-2.0,-0.2222222222222222,23.0,2000,26.64
P.Manning,00-0010346,IND,4413.0,12.361344537815127,593.0,33.0,213.0,357.0,15.0,0.6020236087689713,0.2269264396444115,0.0,0.0,0.0,0.0,0.0,0.0,1,20.0,4.0,1,0.05564924114671164,0.025295109612141653,P.Manning,1.0,116.0,3.135135135135135,296.12,2000,260.94
R.Cunningham,00-0003761,DAL,849.0,11.472972972972974,134.0,6.0,35.0,74.0,4.0,0.5522388059701493,0.022001640979709344,0.0,0.0,0.0,0.0,0.0,0.0,1,8.0,2.0,2,0.04477611940298507,0.029850746268656716,R.Cunningham,1.0,89.0,3.869565217391304,62.86,2000,42.92
R.Gannon,00-0005741,LV,3430.0,12.077464788732394,501.0,28.0,177.0,284.0,11.0,0.5668662674650699,0.19306022149027163,0.0,0.0,0.0,0.0,0.0,0.0,0,28.0,3.0,3,0.05588822355289421,0.021956087824351298,R.Gannon,4.0,529.0,5.943820224719101,298.09999999999997,2000,270.22
R.Johnson,00-0008612,BUF,1947.0,11.871951219512194,324.0,12.0,95.0,164.0,7.0,0.5061728395061729,-0.09380815703565865,0.0,0.0,0.0,0.0,0.0,0.0,0,44.0,3.0,1,0.037037037037037035,0.021604938271604937,R.Johnson,1.0,263.0,6.921052631578948,142.18,2000,86.69999999999999
R.Leaf,00-0009715,LAC,1821.0,11.748387096774193,340.0,11.0,77.0,155.0,17.0,0.45588235294117646,-0.21556476053069085,0.0,0.0,0.0,0.0,0.0,0.0,0,30.0,5.0,3,0.03235294117647059,0.05,R.Leaf,0.0,54.0,1.9285714285714286,82.24000000000001,2000,15.060000000000002
R.Lucas,00-0010137,NYJ,206.0,9.80952380952381,47.0,0.0,10.0,21.0,4.0,0.44680851063829785,-0.567136296291183,0.0,0.0,0.0,0.0,0.0,0.0,0,6.0,1.0,1,0.0,0.0851063829787234,R.Lucas,0.0,42.0,7.0,2.4400000000000004,2000,
R.Mirer,00-0011378,SF,126.0,12.6,22.0,1.0,6.0,10.0,0.0,0.45454545454545453,0.20234376298124016,0.0,0.0,0.0,0.0,0.0,0.0,1,1.0,0.0,0,0.045454545454545456,0.0,R.Mirer,0.0,0.0,0.0,11.04,2000,
S.Beuerlein,00-0001218,CAR,3730.0,11.512345679012345,596.0,19.0,195.0,324.0,18.0,0.5436241610738255,-0.014999794191279546,0.0,0.0,0.0,0.0,0.0,0.0,0,62.0,11.0,8,0.031879194630872486,0.030201342281879196,S.Beuerlein,1.0,106.0,2.409090909090909,189.79999999999998,2000,
S.Case,00-0002787,DET,503.0,8.982142857142858,104.0,1.0,26.0,56.0,4.0,0.5384615384615384,-0.3226186328943801,0.0,0.0,0.0,0.0,0.0,0.0,1,12.0,2.0,1,0.009615384615384616,0.038461538461538464,S.Case,1.0,117.0,7.3125,33.82,2000,
S.King,00-0009266,TB,2769.0,11.88412017167382,465.0,18.0,142.0,233.0,13.0,0.5010752688172043,-0.02019383649860183,0.0,0.0,0.0,0.0,0.0,0.0,0,37.0,3.0,1,0.03870967741935484,0.02795698924731183,S.King,5.0,353.0,4.835616438356165,220.06,2000,5.2
S.Matthews,00-0010560,CHI,964.0,9.450980392156863,183.0,3.0,53.0,102.0,6.0,0.5573770491803278,-0.19370700153440343,0.0,0.0,0.0,0.0,0.0,0.0,0,5.0,1.0,1,0.01639344262295082,0.03278688524590164,S.Matthews,0.0,35.0,3.5,40.06,2000,34.260000000000005
S.McNair,00-0011024,TEN,2847.0,11.47983870967742,420.0,15.0,141.0,248.0,13.0,0.5904761904761905,-0.003815587533594962,0.0,0.0,0.0,0.0,0.0,0.0,0,24.0,7.0,3,0.03571428571428571,0.030952380952380953,S.McNair,0.0,403.0,5.597222222222222,182.18,2000,269.4
S.Mitchell,00-0011434,CIN,966.0,10.853932584269662,203.0,3.0,51.0,89.0,8.0,0.43842364532019706,-0.2188340899960613,0.0,0.0,0.0,0.0,0.0,0.0,0,16.0,3.0,2,0.014778325123152709,0.03940886699507389,S.Mitchell,1.0,61.0,6.1,42.74,2000,-4.48
S.Wynn,00-0019553,CLE,167.0,7.590909090909091,67.0,0.0,5.0,22.0,1.0,0.3283582089552239,-0.7694663725421527,0.0,0.0,0.0,0.0,0.0,0.0,0,13.0,2.0,2,0.0,0.014925373134328358,S.Wynn,0.0,15.0,5.0,2.1799999999999997,2000,8.819999999999999
T.Aikman,00-0000104,DAL,1632.0,10.461538461538462,276.0,7.0,81.0,156.0,14.0,0.5652173913043478,-0.1015758105004062,0.0,0.0,0.0,0.0,0.0,0.0,1,13.0,2.0,2,0.025362318840579712,0.050724637681159424,T.Aikman,0.0,13.0,1.3,64.58,2000,
T.Banks,00-0000722,BAL,1578.0,10.52,295.0,8.0,84.0,150.0,8.0,0.5084745762711864,-0.07719758282872605,0.0,0.0,0.0,0.0,0.0,0.0,1,20.0,2.0,0,0.02711864406779661,0.02711864406779661,T.Banks,0.0,57.0,3.0,86.82000000000001,2000,140.64
T.Couch,00-0003535,CLE,1483.0,10.824817518248175,225.0,7.0,59.0,137.0,9.0,0.6088888888888889,-0.04801086634737835,0.0,0.0,0.0,0.0,0.0,0.0,0,10.0,2.0,0,0.03111111111111111,0.04,T.Couch,0.0,45.0,3.75,73.82,2000,158.4
T.Dilfer,00-0004293,BAL,1502.0,11.208955223880597,249.0,12.0,70.0,134.0,11.0,0.5381526104417671,-0.07926836773843625,0.0,0.0,0.0,0.0,0.0,0.0,0,23.0,2.0,2,0.04819277108433735,0.04417670682730924,T.Dilfer,0.0,75.0,3.75,89.58,2000,64.26
T.Green,00-0006355,LA,2063.0,14.227586206896552,265.0,16.0,94.0,145.0,5.0,0.5471698113207547,0.16321118408281413,0.0,0.0,0.0,0.0,0.0,0.0,0,24.0,4.0,2,0.06037735849056604,0.018867924528301886,T.Green,1.0,69.0,3.45,145.42,2000,189.12
V.Testaverde,00-0016193,NYJ,3732.0,11.378048780487806,606.0,21.0,179.0,328.0,25.0,0.5412541254125413,-0.020915512786591525,0.0,0.0,0.0,0.0,0.0,0.0,2,13.0,4.0,2,0.034653465346534656,0.041254125412541254,V.Testaverde,0.0,32.0,1.28,186.48,2000,144.57999999999998
W.Moon,00-0011524,KC,208.0,13.866666666666667,39.0,1.0,9.0,15.0,1.0,0.38461538461538464,-0.14903326194389596,0.0,0.0,0.0,0.0,0.0,0.0,0,5.0,0.0,0,0.02564102564102564,0.02564102564102564,W.Moon,0.0,2.0,1.0,10.52,2000,
A.Brooks,00-0001823,NO,3832.0,12.282051282051283,610.0,26.0,183.0,312.0,22.0,0.5114754098360655,-0.02232369720514783,0.0,0.0,0.0,0.0,0.0,0.0,1,50.0,5.0,0,0.04262295081967213,0.036065573770491806,A.Brooks,1.0,358.0,4.475,257.08,2001,250.18
A.Feeley,00-0020305,PHI,143.0,14.3,14.0,2.0,8.0,10.0,1.0,0.7142857142857143,0.7219496966927329,0.0,0.0,0.0,0.0,0.0,0.0,0,0.0,0.0,0,0.14285714285714285,0.07142857142857142,0,0.0,0.0,0.0,11.719999999999999,2001,55.04
A.Van Pelt,00-0016838,BUF,2056.0,11.55056179775281,326.0,12.0,99.0,178.0,11.0,0.5460122699386503,0.01957398137751269,0.0,0.0,0.0,0.0,0.0,0.0,1,14.0,3.0,1,0.03680981595092025,0.03374233128834356,A.Van Pelt,0.0,33.0,2.75,111.54,2001,
A.Wright,00-0018272,DAL,529.0,11.020833333333334,103.0,5.0,23.0,48.0,5.0,0.46601941747572817,-0.22885245536015025,0.0,0.0,0.0,0.0,0.0,0.0,0,5.0,1.0,1,0.04854368932038835,0.04854368932038835,A.Wright,0.0,57.0,3.3529411764705883,34.86,2001,
B.Favre,00-0005106,GB,3921.0,12.487261146496815,533.0,32.0,187.0,314.0,15.0,0.5891181988742964,0.16141429939736224,0.0,0.0,0.0,0.0,0.0,0.0,1,21.0,3.0,3,0.0600375234521576,0.028142589118198873,B.Favre,1.0,56.0,1.4736842105263157,262.44000000000005,2001,223.62
B.Griese,00-0006423,DEN,2827.0,10.28,492.0,23.0,150.0,275.0,19.0,0.5589430894308943,-0.05012869222180138,0.0,0.0,0.0,0.0,0.0,0.0,2,38.0,3.0,0,0.046747967479674794,0.03861788617886179,B.Griese,1.0,173.0,3.46,194.38,2001,81.0
B.Griese,00-0006423,DEN,2827.0,10.28,492.0,23.0,150.0,275.0,19.0,0.5589430894308943,-0.05012869222180138,0.0,0.0,0.0,0.0,0.0,0.0,2,38.0,3.0,0,0.046747967479674794,0.03861788617886179,B.Griese,1.0,173.0,3.46,194.38,2001,88.10000000000001
B.Griese,00-0006423,DEN,2827.0,10.28,492.0,23.0,150.0,275.0,19.0,0.5589430894308943,-0.05012869222180138,0.0,0.0,0.0,0.0,0.0,0.0,2,38.0,3.0,0,0.046747967479674794,0.03861788617886179,B.Griese,1.0,173.0,3.46,194.38,2001,87.16
B.Griese,00-0006423,DEN,2827.0,10.28,492.0,23.0,150.0,275.0,19.0,0.5589430894308943,-0.05012869222180138,0.0,0.0,0.0,0.0,0.0,0.0,2,38.0,3.0,0,0.046747967479674794,0.03861788617886179,B.Griese,1.0,173.0,3.46,194.38,2001,94.26
B.Huard,00-0007834,SEA,127.0,14.11111111111111,18.0,1.0,6.0,9.0,0.0,0.5,0.24367525465721712,0.0,0.0,0.0,0.0,0.0,0.0,0,1.0,0.0,0,0.05555555555555555,0.0,0,0.0,0.0,0.0,9.08,2001,
B.Johnson,00-0008442,TB,3406.0,10.01764705882353,606.0,13.0,179.0,340.0,11.0,0.5610561056105611,-0.007222075656120396,0.0,0.0,0.0,0.0,0.0,0.0,2,44.0,5.0,2,0.02145214521452145,0.018151815181518153,B.Johnson,3.0,120.0,3.076923076923077,196.24,2001,200.95999999999998
C.Batch,00-0000865,DET,2392.0,12.080808080808081,377.0,12.0,107.0,198.0,12.0,0.5251989389920424,-0.05766718074488067,0.0,0.0,0.0,0.0,0.0,0.0,1,33.0,4.0,3,0.03183023872679045,0.03183023872679045,C.Batch,0.0,45.0,3.75,120.18,2001,
C.Chandler,00-0002876,ATL,2847.0,12.766816143497758,407.0,16.0,127.0,223.0,14.0,0.547911547911548,0.04841316063226042,0.0,0.0,0.0,0.0,0.0,0.0,1,41.0,1.0,1,0.03931203931203931,0.0343980343980344,C.Chandler,0.0,84.0,3.36,158.28,2001,48.120000000000005
C.Pennington,00-0019559,NYJ,92.0,9.2,21.0,1.0,5.0,10.0,0.0,0.47619047619047616,-0.13098704520269236,0.0,0.0,0.0,0.0,0.0,0.0,0,1.0,0.0,0,0.047619047619047616,0.0,0,0.0,0.0,0.0,7.68,2001,217.70000000000002
C.Stoerner,00-0019442,DAL,314.0,12.076923076923077,56.0,3.0,17.0,26.0,5.0,0.4642857142857143,-0.14865908858018553,0.0,0.0,0.0,0.0,0.0,0.0,0,5.0,0.0,0,0.05357142857142857,0.08928571428571429,C.Stoerner,1.0,27.0,3.0,23.26,2001,
C.Weinke,00-0020434,CAR,2931.0,10.003412969283277,569.0,11.0,137.0,293.0,19.0,0.5149384885764499,-0.18766100279919792,0.0,0.0,0.0,0.0,0.0,0.0,0,26.0,3.0,1,0.019332161687170474,0.033391915641476276,C.Weinke,6.0,128.0,3.4594594594594597,170.04000000000002,2001,2.1
D.Bledsoe,00-0001361,NE,400.0,10.0,71.0,2.0,18.0,40.0,2.0,0.5633802816901409,-0.07726187597301105,0.0,0.0,0.0,0.0,0.0,0.0,0,5.0,1.0,0,0.028169014084507043,0.028169014084507043,D.Bledsoe,0.0,18.0,3.6,21.8,2001,57.599999999999994
D.Bledsoe,00-0001361,NE,400.0,10.0,71.0,2.0,18.0,40.0,2.0,0.5633802816901409,-0.07726187597301105,0.0,0.0,0.0,0.0,0.0,0.0,0,5.0,1.0,0,0.028169014084507043,0.028169014084507043,D.Bledsoe,0.0,18.0,3.6,21.8,2001,60.3
D.Bledsoe,00-0001361,NE,400.0,10.0,71.0,2.0,18.0,40.0,2.0,0.5633802816901409,-0.07726187597301105,0.0,0.0,0.0,0.0,0.0,0.0,0,5.0,1.0,0,0.028169014084507043,0.028169014084507043,D.Bledsoe,0.0,18.0,3.6,21.8,2001,190.76
D.Bledsoe,00-0001361,NE,400.0,10.0,71.0,2.0,18.0,40.0,2.0,0.5633802816901409,-0.07726187597301105,0.0,0.0,0.0,0.0,0.0,0.0,0,5.0,1.0,0,0.028169014084507043,0.028169014084507043,D.Bledsoe,0.0,18.0,3.6,21.8,2001,193.45999999999998
D.Brees,00-0020531,LAC,221.0,14.733333333333333,29.0,1.0,11.0,15.0,0.0,0.5172413793103449,0.36434832591294597,0.0,0.0,0.0,0.0,0.0,0.0,0,2.0,0.0,0,0.034482758620689655,0.0,D.Brees,0.0,18.0,9.0,14.64,2001,45.660000000000004
D.Brees,00-0020531,LAC,221.0,14.733333333333333,29.0,1.0,11.0,15.0,0.0,0.5172413793103449,0.36434832591294597,0.0,0.0,0.0,0.0,0.0,0.0,0,2.0,0.0,0,0.034482758620689655,0.0,D.Brees,0.0,18.0,9.0,14.64,2001,59.260000000000005
D.Brees,00-0020531,LAC,221.0,14.733333333333333,29.0,1.0,11.0,15.0,0.0,0.5172413793103449,0.36434832591294597,0.0,0.0,0.0,0.0,0.0,0.0,0,2.0,0.0,0,0.034482758620689655,0.0,D.Brees,0.0,18.0,9.0,14.64,2001,129.1
D.Brees,00-0020531,LAC,221.0,14.733333333333333,29.0,1.0,11.0,15.0,0.0,0.5172413793103449,0.36434832591294597,0.0,0.0,0.0,0.0,0.0,0.0,0,2.0,0.0,0,0.034482758620689655,0.0,D.Brees,0.0,18.0,9.0,14.64,2001,142.70000000000002
D.Culpepper,00-0003739,MIN,2612.0,11.114893617021277,401.0,14.0,126.0,235.0,13.0,0.5860349127182045,-0.016478293959833086,0.0,0.0,0.0,0.0,0.0,0.0,1,33.0,8.0,5,0.034912718204488775,0.032418952618453865,D.Culpepper,5.0,416.0,5.859154929577465,198.08,2001,287.02
D.Flutie,00-0005363,LAC,3464.0,11.782312925170068,547.0,15.0,166.0,294.0,18.0,0.5374771480804388,0.03416749921900192,0.0,0.0,0.0,0.0,0.0,0.0,0,25.0,4.0,1,0.027422303473491772,0.03290676416819013,D.Flutie,1.0,192.0,3.6226415094339623,185.76,2001,2.56
D.McNabb,00-0011022,PHI,3233.0,11.343859649122807,532.0,25.0,136.0,285.0,12.0,0.5357142857142857,-0.01696831942507313,0.0,0.0,0.0,0.0,0.0,0.0,0,39.0,4.0,2,0.046992481203007516,0.022556390977443608,D.McNabb,2.0,482.0,5.878048780487805,261.52,2001,225.56
E.Grbac,00-0006300,BAL,3033.0,11.445283018867924,497.0,15.0,149.0,265.0,18.0,0.5331991951710262,-0.10474823164012242,0.0,0.0,0.0,0.0,0.0,0.0,0,28.0,7.0,5,0.030181086519114688,0.03621730382293763,0,0.0,0.0,0.0,135.32,2001,
G.Frerotte,00-0005589,DEN,308.0,10.266666666666667,51.0,3.0,19.0,30.0,0.0,0.5882352941176471,0.23005024233658503,0.0,0.0,0.0,0.0,0.0,0.0,0,3.0,1.0,1,0.058823529411764705,0.0,G.Frerotte,1.0,9.0,0.9,29.22,2001,13.68
J. Miller,00-0011276,CHI,2299.0,10.083333333333334,406.0,13.0,106.0,228.0,10.0,0.5615763546798029,-0.06771029294517146,0.0,0.0,0.0,0.0,0.0,0.0,0,11.0,3.0,1,0.03201970443349754,0.024630541871921183,J. Miller,0.0,-19.0,-0.6551724137931034,120.05999999999997,2001,112.85999999999999
J.Fiedler,00-0005180,MIA,3248.0,11.941176470588236,476.0,20.0,152.0,272.0,19.0,0.5714285714285714,0.024150103251892773,0.0,0.0,0.0,0.0,0.0,0.0,0,27.0,9.0,3,0.04201680672268908,0.03991596638655462,J.Fiedler,4.0,321.0,4.397260273972603,222.01999999999998,2001,89.3
J.Fiedler,00-0005180,MIA,3248.0,11.941176470588236,476.0,20.0,152.0,272.0,19.0,0.5714285714285714,0.024150103251892773,0.0,0.0,0.0,0.0,0.0,0.0,0,27.0,9.0,3,0.04201680672268908,0.03991596638655462,J.Fiedler,4.0,321.0,4.397260273972603,222.01999999999998,2001,82.2
J.Fiedler,00-0005180,MIA,3248.0,11.941176470588236,476.0,20.0,152.0,272.0,19.0,0.5714285714285714,0.024150103251892773,0.0,0.0,0.0,0.0,0.0,0.0,0,27.0,9.0,3,0.04201680672268908,0.03991596638655462,J.Fiedler,4.0,321.0,4.397260273972603,222.01999999999998,2001,62.66
J.Fiedler,00-0005180,MIA,3248.0,11.941176470588236,476.0,20.0,152.0,272.0,19.0,0.5714285714285714,0.024150103251892773,0.0,0.0,0.0,0.0,0.0,0.0,0,27.0,9.0,3,0.04201680672268908,0.03991596638655462,J.Fiedler,4.0,321.0,4.397260273972603,222.01999999999998,2001,55.559999999999995
J.Garcia,00-0005755,SF,3538.0,11.19620253164557,532.0,32.0,183.0,316.0,12.0,0.5939849624060151,0.1421853431140351,0.0,0.0,0.0,0.0,0.0,0.0,1,26.0,4.0,2,0.06015037593984962,0.022556390977443608,J.Garcia,5.0,254.0,3.5277777777777777,298.91999999999996,2001,253.06
J.George,00-0005885,WAS,168.0,7.304347826086956,48.0,0.0,6.0,23.0,3.0,0.4791666666666667,-0.5840498753459539,0.0,0.0,0.0,0.0,0.0,0.0,0,6.0,1.0,0,0.0,0.0625,J.George,0.0,0.0,0.0,0.7199999999999998,2001,
J.Jackson,00-0019682,DEN,73.0,10.428571428571429,13.0,0.0,5.0,7.0,0.0,0.5384615384615384,-0.2610260104670884,0.0,0.0,0.0,0.0,0.0,0.0,0,1.0,1.0,0,0.0,0.0,0,0.0,0.0,0.0,2.92,2001,
J.Kitna,00-0009311,CIN,3216.0,10.274760383386582,607.0,12.0,171.0,313.0,22.0,0.515650741350906,-0.06383269591939864,0.0,0.0,0.0,0.0,0.0,0.0,1,25.0,3.0,2,0.019769357495881382,0.036243822075782535,J.Kitna,1.0,73.0,2.7037037037037037,143.94,2001,176.82
J.Plummer,00-0013042,ARI,3653.0,12.016447368421053,554.0,18.0,177.0,304.0,14.0,0.5487364620938628,0.050777152914960696,0.0,0.0,0.0,0.0,0.0,0.0,0,29.0,4.0,1,0.032490974729241874,0.02527075812274368,J.Plummer,0.0,163.0,4.6571428571428575,204.42000000000002,2001,53.1
J.Plummer,00-0013042,ARI,3653.0,12.016447368421053,554.0,18.0,177.0,304.0,14.0,0.5487364620938628,0.050777152914960696,0.0,0.0,0.0,0.0,0.0,0.0,0,29.0,4.0,1,0.032490974729241874,0.02527075812274368,J.Plummer,0.0,163.0,4.6571428571428575,204.42000000000002,2001,80.4
J.Plummer,00-0013042,ARI,3653.0,12.016447368421053,554.0,18.0,177.0,304.0,14.0,0.5487364620938628,0.050777152914960696,0.0,0.0,0.0,0.0,0.0,0.0,0,29.0,4.0,1,0.032490974729241874,0.02527075812274368,J.Plummer,0.0,163.0,4.6571428571428575,204.42000000000002,2001,108.78
J.Plummer,00-0013042,ARI,3653.0,12.016447368421053,554.0,18.0,177.0,304.0,14.0,0.5487364620938628,0.050777152914960696,0.0,0.0,0.0,0.0,0.0,0.0,0,29.0,4.0,1,0.032490974729241874,0.02527075812274368,J.Plummer,0.0,163.0,4.6571428571428575,204.42000000000002,2001,136.07999999999998
J.Quinn,00-0013338,JAX,361.0,11.28125,67.0,1.0,17.0,32.0,1.0,0.47761194029850745,-0.5000913512665695,0.0,0.0,0.0,0.0,0.0,0.0,0,6.0,3.0,3,0.014925373134328358,0.014925373134328358,J.Quinn,0.0,42.0,5.25,14.639999999999997,2001,
K. Collins,00-0003292,NYG,2817.0,11.268,466.0,14.0,147.0,250.0,14.0,0.5364806866952789,-0.04657440257501585,0.0,0.0,0.0,0.0,0.0,0.0,0,30.0,3.0,3,0.030042918454935622,0.030042918454935622,K. Collins,0.0,69.0,2.15625,141.58,2001,210.61999999999998
K. Collins,00-0003292,NYG,2817.0,11.268,466.0,14.0,147.0,250.0,14.0,0.5364806866952789,-0.04657440257501585,0.0,0.0,0.0,0.0,0.0,0.0,0,30.0,3.0,3,0.030042918454935622,0.030042918454935622,K.Collins,0.0,4.0,0.5714285714285714,135.08,2001,210.61999999999998
K.Collins,00-0003292,NYG,947.0,12.2987012987013,138.0,5.0,42.0,77.0,2.0,0.5579710144927537,0.13430551191714046,0.0,0.0,0.0,0.0,0.0,0.0,0,6.0,1.0,1,0.036231884057971016,0.014492753623188406,K. Collins,0.0,69.0,2.15625,58.78,2001,210.61999999999998
K.Collins,00-0003292,NYG,947.0,12.2987012987013,138.0,5.0,42.0,77.0,2.0,0.5579710144927537,0.13430551191714046,0.0,0.0,0.0,0.0,0.0,0.0,0,6.0,1.0,1,0.036231884057971016,0.014492753623188406,K.Collins,0.0,4.0,0.5714285714285714,52.28,2001,210.61999999999998
K.Detmer,00-0004229,PHI,51.0,10.2,15.0,0.0,2.0,5.0,1.0,0.3333333333333333,-0.5704102612112742,0.0,0.0,0.0,0.0,0.0,0.0,0,1.0,0.0,0,0.0,0.06666666666666667,K.Detmer,0.0,6.0,0.75,0.64,2001,23.36
K.Graham,00-0006212,WAS,131.0,10.076923076923077,21.0,2.0,9.0,13.0,0.0,0.6190476190476191,0.33899796966718426,0.0,0.0,0.0,0.0,0.0,0.0,0,2.0,0.0,0,0.09523809523809523,0.0,K.Graham,0.0,-7.0,-1.0,12.540000000000001,2001,
K.Holcomb,00-0007576,CLE,114.0,16.285714285714285,12.0,1.0,5.0,7.0,0.0,0.5833333333333334,0.6274101252298956,0.0,0.0,0.0,0.0,0.0,0.0,0,0.0,0.0,0,0.08333333333333333,0.0,K.Holcomb,0.0,0.0,0.0,8.559999999999999,2001,54.5
K.Stewart,00-0015700,PIT,3109.0,11.68796992481203,472.0,14.0,145.0,266.0,11.0,0.5635593220338984,0.10922506888994513,0.0,0.0,0.0,0.0,0.0,0.0,0,29.0,2.0,0,0.029661016949152543,0.023305084745762712,K.Stewart,5.0,537.0,5.59375,242.06,2001,89.30000000000001
K.Warner,00-0017200,LA,4830.0,12.88,586.0,36.0,233.0,375.0,22.0,0.6399317406143344,0.2139083123657187,0.0,0.0,0.0,0.0,0.0,0.0,1,38.0,9.0,3,0.06143344709897611,0.03754266211604096,K.Warner,0.0,60.0,2.142857142857143,295.2,2001,46.540000000000006
M.Brunell,00-0002110,JAX,3309.0,11.449826989619377,531.0,19.0,164.0,289.0,13.0,0.544256120527307,-0.2518957431462729,0.0,0.0,0.0,0.0,0.0,0.0,1,57.0,5.0,1,0.035781544256120526,0.02448210922787194,M.Brunell,1.0,224.0,5.743589743589744,210.76000000000002,2001,169.20000000000002
M.Brunell,00-0002110,JAX,3309.0,11.449826989619377,531.0,19.0,164.0,289.0,13.0,0.544256120527307,-0.2518957431462729,0.0,0.0,0.0,0.0,0.0,0.0,1,57.0,5.0,1,0.035781544256120526,0.02448210922787194,M.Brunell,1.0,224.0,5.743589743589744,210.76000000000002,2001,152.3
M.Brunell,00-0002110,JAX,3309.0,11.449826989619377,531.0,19.0,164.0,289.0,13.0,0.544256120527307,-0.2518957431462729,0.0,0.0,0.0,0.0,0.0,0.0,1,57.0,5.0,1,0.035781544256120526,0.02448210922787194,M.Brunell,1.0,224.0,5.743589743589744,210.76000000000002,2001,35.92
M.Brunell,00-0002110,JAX,3309.0,11.449826989619377,531.0,19.0,164.0,289.0,13.0,0.544256120527307,-0.2518957431462729,0.0,0.0,0.0,0.0,0.0,0.0,1,57.0,5.0,1,0.035781544256120526,0.02448210922787194,M.Brunell,1.0,224.0,5.743589743589744,210.76000000000002,2001,19.019999999999996
M.Hasselbeck,00-0007091,SEA,2023.0,11.494318181818182,359.0,7.0,92.0,176.0,8.0,0.49025069637883006,-0.07179536299225547,0.0,0.0,0.0,0.0,0.0,0.0,0,38.0,3.0,2,0.019498607242339833,0.022284122562674095,M.Hasselbeck,0.0,141.0,3.525,103.02,2001,181.2
M.Lytle,00-0010206,CAR,133.0,7.823529411764706,33.0,1.0,5.0,17.0,3.0,0.5151515151515151,-0.6047155108492924,0.0,0.0,0.0,0.0,0.0,0.0,0,3.0,0.0,0,0.030303030303030304,0.09090909090909091,0,0.0,0.0,0.0,3.3200000000000003,2001,
M.McMahon,00-0020308,DET,671.0,12.660377358490566,137.0,3.0,34.0,53.0,1.0,0.38686131386861317,-0.14096392565964172,0.0,0.0,0.0,0.0,0.0,0.0,0,21.0,3.0,3,0.021897810218978103,0.0072992700729927005,M.McMahon,1.0,145.0,5.37037037037037,51.34,2001,72.56
M.Vick,00-0020245,ATL,785.0,15.7,134.0,2.0,34.0,50.0,3.0,0.373134328358209,-0.37050761161523305,0.0,0.0,0.0,0.0,0.0,0.0,0,21.0,6.0,5,0.014925373134328358,0.022388059701492536,M.Vick,1.0,289.0,9.32258064516129,58.3,2001,287.14
N.O'Donnell,00-0012261,TEN,496.0,11.80952380952381,82.0,2.0,19.0,42.0,2.0,0.5121951219512195,-0.11213332476284561,0.0,0.0,0.0,0.0,0.0,0.0,0,6.0,0.0,0,0.024390243902439025,0.024390243902439025,N.O'Donnell,0.0,28.0,4.666666666666667,26.64,2001,
P.Manning,00-0010346,IND,4131.0,12.043731778425656,579.0,26.0,201.0,343.0,23.0,0.5924006908462867,0.01854603963313914,0.0,0.0,0.0,0.0,0.0,0.0,2,29.0,7.0,3,0.044905008635578586,0.039723661485319514,P.Manning,4.0,157.0,4.485714285714286,260.94,2001,262.8
Q.Carter,00-0020404,DAL,1072.0,11.911111111111111,188.0,5.0,46.0,90.0,7.0,0.4787234042553192,-0.11010012043148344,0.0,0.0,0.0,0.0,0.0,0.0,0,12.0,0.0,0,0.026595744680851064,0.03723404255319149,Q.Carter,1.0,150.0,3.3333333333333335,69.88,2001,73.69999999999999
R. Gannon,00-0005741,LV,3828.0,10.60387811634349,576.0,27.0,194.0,361.0,9.0,0.6267361111111112,0.17057052220738741,0.0,0.0,0.0,0.0,0.0,0.0,0,27.0,4.0,4,0.046875,0.015625,R. Gannon,2.0,231.0,3.6666666666666665,270.22,2001,167.54
R. Gannon,00-0005741,LV,3828.0,10.60387811634349,576.0,27.0,194.0,361.0,9.0,0.6267361111111112,0.17057052220738741,0.0,0.0,0.0,0.0,0.0,0.0,0,27.0,4.0,4,0.046875,0.015625,R. Gannon,2.0,231.0,3.6666666666666665,270.22,2001,157.33999999999997
R. Gannon,00-0005741,LV,3828.0,10.60387811634349,576.0,27.0,194.0,361.0,9.0,0.6267361111111112,0.17057052220738741,0.0,0.0,0.0,0.0,0.0,0.0,0,27.0,4.0,4,0.046875,0.015625,R. Gannon,2.0,231.0,3.6666666666666665,270.22,2001,145.82000000000002
R. Gannon,00-0005741,LV,3828.0,10.60387811634349,576.0,27.0,194.0,361.0,9.0,0.6267361111111112,0.17057052220738741,0.0,0.0,0.0,0.0,0.0,0.0,0,27.0,4.0,4,0.046875,0.015625,R. Gannon,2.0,231.0,3.6666666666666665,270.22,2001,135.62
R.Cunningham,00-0003761,BAL,573.0,10.61111111111111,105.0,3.0,31.0,54.0,2.0,0.5142857142857142,0.016103229827761373,0.0,0.0,0.0,0.0,0.0,0.0,1,12.0,0.0,0,0.02857142857142857,0.01904761904761905,R.Cunningham,1.0,40.0,2.857142857142857,42.92,2001,
R.Johnson,00-0008612,BUF,1465.0,10.932835820895523,248.0,5.0,70.0,134.0,7.0,0.5403225806451613,-0.1519001091647455,0.0,0.0,0.0,0.0,0.0,0.0,0,31.0,4.0,4,0.020161290322580645,0.028225806451612902,R.Johnson,1.0,241.0,6.694444444444445,86.69999999999999,2001,24.740000000000002
R.Leaf,00-0009715,DAL,494.0,10.977777777777778,100.0,1.0,24.0,45.0,3.0,0.45,-0.303631644519105,0.0,0.0,0.0,0.0,0.0,0.0,0,12.0,1.0,1,0.01,0.03,R.Leaf,0.0,-7.0,-1.75,15.060000000000002,2001,
S. Matthews,00-0010560,CHI,694.0,8.261904761904763,135.0,5.0,44.0,84.0,6.0,0.6222222222222222,-0.07557540430540974,0.0,0.0,0.0,0.0,0.0,0.0,0,6.0,1.0,1,0.037037037037037035,0.044444444444444446,S. Matthews,0.0,5.0,1.25,34.260000000000005,2001,85.13999999999999
S.King,00-0009266,TB,210.0,10.0,34.0,0.0,10.0,21.0,1.0,0.6176470588235294,-0.05723646896576922,0.0,0.0,0.0,0.0,0.0,0.0,0,3.0,0.0,0,0.0,0.029411764705882353,S.King,0.0,-12.0,-2.4,5.2,2001,1.2000000000000002
S.McNair,00-0011024,TEN,3350.0,12.68939393939394,472.0,21.0,159.0,264.0,12.0,0.559322033898305,0.14366135250146894,0.0,0.0,0.0,0.0,0.0,0.0,3,37.0,1.0,1,0.04449152542372881,0.025423728813559324,S.McNair,5.0,414.0,5.52,269.4,2001,249.48
S.Mitchell,00-0011434,CIN,38.0,9.5,14.0,0.0,2.0,4.0,3.0,0.2857142857142857,-1.271955794367906,0.0,0.0,0.0,0.0,0.0,0.0,0,2.0,0.0,0,0.0,0.21428571428571427,0,0.0,0.0,0.0,-4.48,2001,
S.Wynn,00-0019553,MIN,418.0,8.708333333333334,108.0,1.0,20.0,48.0,6.0,0.4444444444444444,-0.46492664067236217,0.0,0.0,0.0,0.0,0.0,0.0,0,10.0,4.0,3,0.009259259259259259,0.05555555555555555,S.Wynn,0.0,61.0,7.625,8.819999999999999,2001,
T. Green,00-0006355,KC,3783.0,12.780405405405405,566.0,17.0,176.0,296.0,24.0,0.5229681978798587,-0.029186239829322457,0.0,0.0,0.0,0.0,0.0,0.0,2,39.0,4.0,1,0.030035335689045935,0.04240282685512368,T. Green,0.0,158.0,4.514285714285714,189.12,2001,254.1
T.Banks,00-0000722,WAS,2386.0,12.05050505050505,401.0,10.0,106.0,198.0,10.0,0.4937655860349127,-0.10590593780412469,0.0,0.0,0.0,0.0,0.0,0.0,1,29.0,3.0,2,0.02493765586034913,0.02493765586034913,T.Banks,2.0,152.0,3.234042553191489,140.64,2001,
T.Bouman,00-0001545,MIN,795.0,15.588235294117647,94.0,8.0,32.0,51.0,4.0,0.5425531914893617,0.14994688711459644,0.0,0.0,0.0,0.0,0.0,0.0,0,4.0,0.0,0,0.0851063829787234,0.0425531914893617,T.Bouman,0.0,61.0,6.777777777777778,61.9,2001,
T.Brady,00-0019596,NE,2843.0,10.768939393939394,454.0,18.0,143.0,264.0,12.0,0.5814977973568282,0.02527402819548508,0.0,0.0,0.0,0.0,0.0,0.0,0,41.0,3.0,2,0.039647577092511016,0.02643171806167401,T.Brady,0.0,43.0,1.1944444444444444,162.02,2001,249.56
T.Brown,00-0019192,BUF,201.0,13.4,34.0,1.0,11.0,15.0,2.0,0.4411764705882353,-0.28984019428368357,0.0,0.0,0.0,0.0,0.0,0.0,0,1.0,0.0,0,0.029411764705882353,0.058823529411764705,0,0.0,0.0,0.0,8.04,2001,
T.Couch,00-0003535,CLE,3040.0,11.176470588235293,505.0,17.0,134.0,272.0,21.0,0.5386138613861386,-0.13198999720800733,0.0,0.0,0.0,0.0,0.0,0.0,0,51.0,3.0,1,0.033663366336633666,0.041584158415841586,T.Couch,0.0,128.0,3.3684210526315788,158.4,2001,157.38
T.Detmer,00-0004230,DET,906.0,9.847826086956522,164.0,3.0,43.0,92.0,10.0,0.5609756097560976,-0.24640560981824533,0.0,0.0,0.0,0.0,0.0,0.0,0,12.0,2.0,1,0.018292682926829267,0.06097560975609756,T.Detmer,0.0,26.0,2.888888888888889,28.840000000000003,2001,
T.Dilfer,00-0004293,SEA,1014.0,13.89041095890411,133.0,7.0,43.0,73.0,4.0,0.5488721804511278,0.17145270365830861,0.0,0.0,0.0,0.0,0.0,0.0,1,10.0,0.0,0,0.05263157894736842,0.03007518796992481,T.Dilfer,0.0,17.0,1.5454545454545454,64.26,2001,51.980000000000004
V.Testaverde,00-0016193,NYJ,2752.0,10.584615384615384,461.0,15.0,144.0,260.0,14.0,0.5639913232104121,-0.011950343507923783,0.0,0.0,0.0,0.0,0.0,0.0,0,18.0,1.0,0,0.03253796095444685,0.03036876355748373,V.Testaverde,0.0,25.0,0.8064516129032258,144.57999999999998,2001,26.26
A.Brooks,00-0001823,NO,3572.0,12.621908127208481,568.0,27.0,165.0,283.0,15.0,0.4982394366197183,-0.014802141941282628,0.0,0.0,0.0,0.0,0.0,0.0,2,36.0,9.0,6,0.04753521126760563,0.02640845070422535,A.Brooks,2.0,253.0,4.080645161290323,250.18,2002,238.14000000000001
A.Feeley,00-0020305,PHI,1011.0,11.755813953488373,161.0,6.0,44.0,86.0,5.0,0.5341614906832298,-0.03574786891994892,0.0,0.0,0.0,0.0,0.0,0.0,0,7.0,2.0,0,0.037267080745341616,0.031055900621118012,A.Feeley,0.0,6.0,0.5,55.04,2002,
A.Smith,00-0015082,CIN,117.0,9.75,36.0,0.0,6.0,12.0,1.0,0.3333333333333333,-0.7551020301762036,0.0,0.0,0.0,0.0,0.0,0.0,0,3.0,1.0,1,0.0,0.027777777777777776,0,0.0,0.0,0.0,0.6799999999999997,2002,
B. Griese,00-0006423,DEN,1655.0,11.413793103448276,222.0,5.0,74.0,145.0,5.0,0.6531531531531531,0.16466879754282984,0.0,0.0,0.0,0.0,0.0,0.0,0,12.0,1.0,0,0.02252252252252252,0.02252252252252252,B. Griese,0.0,48.0,3.2,81.0,2002,34.02
B. Griese,00-0006423,DEN,1655.0,11.413793103448276,222.0,5.0,74.0,145.0,5.0,0.6531531531531531,0.16466879754282984,0.0,0.0,0.0,0.0,0.0,0.0,0,12.0,1.0,0,0.02252252252252252,0.02252252252252252,B.Griese,1.0,59.0,2.6818181818181817,88.10000000000001,2002,34.02
B.Favre,00-0005106,GB,3658.0,10.727272727272727,577.0,27.0,189.0,341.0,16.0,0.5909878682842288,0.03410944753929659,0.0,0.0,0.0,0.0,0.0,0.0,0,26.0,7.0,3,0.04679376083188908,0.02772963604852686,B.Favre,0.0,73.0,2.92,223.62,2002,221.94
B.Griese,00-0006423,DEN,1559.0,10.678082191780822,248.0,10.0,82.0,146.0,10.0,0.5887096774193549,-0.02377123341685815,0.0,0.0,0.0,0.0,0.0,0.0,0,22.0,0.0,0,0.04032258064516129,0.04032258064516129,B. Griese,0.0,48.0,3.2,87.16,2002,34.02
B.Griese,00-0006423,DEN,1559.0,10.678082191780822,248.0,10.0,82.0,146.0,10.0,0.5887096774193549,-0.02377123341685815,0.0,0.0,0.0,0.0,0.0,0.0,0,22.0,0.0,0,0.04032258064516129,0.04032258064516129,B.Griese,1.0,59.0,2.6818181818181817,94.26,2002,34.02
B.Johnson,00-0008442,TB,3049.0,10.850533807829182,475.0,22.0,142.0,281.0,6.0,0.5915789473684211,0.09066048878242587,0.0,0.0,0.0,0.0,0.0,0.0,2,21.0,4.0,2,0.04631578947368421,0.01263157894736842,B.Johnson,0.0,30.0,2.142857142857143,200.95999999999998,2002,215.44000000000003
C.Chandler,00-0002876,CHI,1023.0,9.932038834951456,184.0,4.0,43.0,103.0,4.0,0.5597826086956522,-0.18500618455067117,0.0,0.0,0.0,0.0,0.0,0.0,0,23.0,2.0,2,0.021739130434782608,0.021739130434782608,C.Chandler,0.0,32.0,3.2,48.120000000000005,2002,3.64
C.Chandler,00-0002876,CHI,1023.0,9.932038834951456,184.0,4.0,43.0,103.0,4.0,0.5597826086956522,-0.18500618455067117,0.0,0.0,0.0,0.0,0.0,0.0,0,23.0,2.0,2,0.021739130434782608,0.021739130434782608,C.Chandler,0.0,32.0,3.2,48.120000000000005,2002,6.34
C.Chandler,00-0002876,CHI,1023.0,9.932038834951456,184.0,4.0,43.0,103.0,4.0,0.5597826086956522,-0.18500618455067117,0.0,0.0,0.0,0.0,0.0,0.0,0,23.0,2.0,2,0.021739130434782608,0.021739130434782608,C.Chandler,0.0,32.0,3.2,48.120000000000005,2002,37.16
C.Chandler,00-0002876,CHI,1023.0,9.932038834951456,184.0,4.0,43.0,103.0,4.0,0.5597826086956522,-0.18500618455067117,0.0,0.0,0.0,0.0,0.0,0.0,0,23.0,2.0,2,0.021739130434782608,0.021739130434782608,C.Chandler,0.0,32.0,3.2,48.120000000000005,2002,39.86
C.Hutchinson,00-0020562,DAL,1555.0,12.244094488188976,284.0,7.0,63.0,127.0,8.0,0.4471830985915493,-0.35895909500098067,0.0,0.0,0.0,0.0,0.0,0.0,0,34.0,10.0,8,0.02464788732394366,0.028169014084507043,C.Hutchinson,0.0,74.0,4.111111111111111,65.60000000000001,2002,
C.Pennington,00-0019559,NYJ,3120.0,11.345454545454546,422.0,22.0,167.0,275.0,6.0,0.6516587677725119,0.2486356825294447,0.0,0.0,0.0,0.0,0.0,0.0,1,22.0,4.0,1,0.052132701421800945,0.014218009478672985,C.Pennington,2.0,49.0,1.6896551724137931,217.70000000000002,2002,129.76
C.Redman,00-0019709,BAL,1034.0,10.65979381443299,193.0,7.0,49.0,97.0,3.0,0.5025906735751295,-0.10278224619225107,0.0,0.0,0.0,0.0,0.0,0.0,0,11.0,2.0,2,0.03626943005181347,0.015544041450777202,C.Redman,0.0,8.0,0.8,60.16,2002,-5.279999999999999
C.Weinke,00-0020434,CAR,180.0,10.588235294117647,44.0,0.0,10.0,17.0,3.0,0.38636363636363635,-0.5588297433250836,0.0,0.0,0.0,0.0,0.0,0.0,0,6.0,0.0,0,0.0,0.06818181818181818,C.Weinke,0.0,9.0,1.8,2.1,2002,
D. Bledsoe,00-0001361,BUF,1040.0,11.304347826086957,157.0,6.0,50.0,92.0,7.0,0.5859872611464968,0.030011700527802672,0.0,0.0,0.0,0.0,0.0,0.0,0,10.0,2.0,1,0.03821656050955414,0.044585987261146494,D. Bledsoe,1.0,20.0,4.0,57.599999999999994,2002,-1.7200000000000006
D. Bledsoe,00-0001361,BUF,1040.0,11.304347826086957,157.0,6.0,50.0,92.0,7.0,0.5859872611464968,0.030011700527802672,0.0,0.0,0.0,0.0,0.0,0.0,0,10.0,2.0,1,0.03821656050955414,0.044585987261146494,D. Bledsoe,1.0,20.0,4.0,57.599999999999994,2002,120.12
D. Bledsoe,00-0001361,BUF,1040.0,11.304347826086957,157.0,6.0,50.0,92.0,7.0,0.5859872611464968,0.030011700527802672,0.0,0.0,0.0,0.0,0.0,0.0,0,10.0,2.0,1,0.03821656050955414,0.044585987261146494,D.Bledsoe,1.0,47.0,2.1363636363636362,60.3,2002,-1.7200000000000006
D. Bledsoe,00-0001361,BUF,1040.0,11.304347826086957,157.0,6.0,50.0,92.0,7.0,0.5859872611464968,0.030011700527802672,0.0,0.0,0.0,0.0,0.0,0.0,0,10.0,2.0,1,0.03821656050955414,0.044585987261146494,D.Bledsoe,1.0,47.0,2.1363636363636362,60.3,2002,120.12
D. Brees,00-0020531,LAC,574.0,10.830188679245284,95.0,5.0,29.0,53.0,1.0,0.5578947368421052,0.12123743445423953,0.0,0.0,0.0,0.0,0.0,0.0,1,4.0,1.0,0,0.05263157894736842,0.010526315789473684,D. Brees,0.0,27.0,9.0,45.660000000000004,2002,102.72
D. Brees,00-0020531,LAC,574.0,10.830188679245284,95.0,5.0,29.0,53.0,1.0,0.5578947368421052,0.12123743445423953,0.0,0.0,0.0,0.0,0.0,0.0,1,4.0,1.0,0,0.05263157894736842,0.010526315789473684,D.Brees,1.0,103.0,2.942857142857143,59.260000000000005,2002,102.72
D. Garrard,00-0021231,JAX,231.0,10.043478260869565,53.0,1.0,16.0,23.0,2.0,0.4339622641509434,-0.33226681691441157,0.0,0.0,0.0,0.0,0.0,0.0,0,7.0,0.0,0,0.018867924528301886,0.03773584905660377,D. Garrard,2.0,139.0,5.56,35.14,2002,7.4399999999999995
D.Bledsoe,00-0001361,BUF,3319.0,11.72791519434629,509.0,18.0,168.0,283.0,8.0,0.555992141453831,0.0819956906487405,0.0,0.0,0.0,0.0,0.0,0.0,0,44.0,4.0,3,0.03536345776031434,0.015717092337917484,D. Bledsoe,1.0,20.0,4.0,190.76,2002,-1.7200000000000006
D.Bledsoe,00-0001361,BUF,3319.0,11.72791519434629,509.0,18.0,168.0,283.0,8.0,0.555992141453831,0.0819956906487405,0.0,0.0,0.0,0.0,0.0,0.0,0,44.0,4.0,3,0.03536345776031434,0.015717092337917484,D. Bledsoe,1.0,20.0,4.0,190.76,2002,120.12
D.Bledsoe,00-0001361,BUF,3319.0,11.72791519434629,509.0,18.0,168.0,283.0,8.0,0.555992141453831,0.0819956906487405,0.0,0.0,0.0,0.0,0.0,0.0,0,44.0,4.0,3,0.03536345776031434,0.015717092337917484,D.Bledsoe,1.0,47.0,2.1363636363636362,193.45999999999998,2002,-1.7200000000000006
D.Bledsoe,00-0001361,BUF,3319.0,11.72791519434629,509.0,18.0,168.0,283.0,8.0,0.555992141453831,0.0819956906487405,0.0,0.0,0.0,0.0,0.0,0.0,0,44.0,4.0,3,0.03536345776031434,0.015717092337917484,D.Bledsoe,1.0,47.0,2.1363636363636362,193.45999999999998,2002,120.12
D.Brees,00-0020531,LAC,2710.0,10.149812734082397,458.0,12.0,134.0,267.0,15.0,0.5829694323144105,-0.049581189149258784,0.0,0.0,0.0,0.0,0.0,0.0,0,20.0,4.0,0,0.026200873362445413,0.03275109170305677,D. Brees,0.0,27.0,9.0,129.1,2002,102.72
D.Brees,00-0020531,LAC,2710.0,10.149812734082397,458.0,12.0,134.0,267.0,15.0,0.5829694323144105,-0.049581189149258784,0.0,0.0,0.0,0.0,0.0,0.0,0,20.0,4.0,0,0.026200873362445413,0.03275109170305677,D.Brees,1.0,103.0,2.942857142857143,142.70000000000002,2002,102.72
D.Carr,00-0020608,HOU,2592.0,11.124463519313304,522.0,9.0,117.0,233.0,15.0,0.446360153256705,-0.2537533917629915,0.0,0.0,0.0,0.0,0.0,0.0,2,76.0,3.0,3,0.017241379310344827,0.028735632183908046,D.Carr,3.0,282.0,4.779661016949152,153.88,2002,115.61999999999999
D.Culpepper,00-0003739,MIN,3853.0,11.57057057057057,596.0,18.0,188.0,333.0,23.0,0.5587248322147651,0.03472589323189948,0.0,0.0,0.0,0.0,0.0,0.0,0,47.0,8.0,7,0.030201342281879196,0.03859060402684564,D.Culpepper,10.0,609.0,5.745283018867925,287.02,2002,277.36
D.Flutie,00-0005363,LAC,64.0,21.333333333333332,11.0,0.0,2.0,3.0,0.0,0.2727272727272727,-0.0652521954795119,0.0,0.0,0.0,0.0,0.0,0.0,0,0.0,0.0,0,0.0,0.0,0,0.0,0.0,0.0,2.56,2002,100.67999999999999
D.Johnson,00-0019087,ATL,448.0,12.108108108108109,60.0,2.0,24.0,37.0,3.0,0.6166666666666667,0.16584485576476168,0.0,0.0,0.0,0.0,0.0,0.0,0,3.0,0.0,0,0.03333333333333333,0.05,D.Johnson,1.0,16.0,2.0,27.520000000000003,2002,82.3
D.McNabb,00-0011022,PHI,2289.0,10.848341232227488,391.0,17.0,108.0,211.0,6.0,0.5396419437340153,-0.02295803669406721,0.0,0.0,0.0,0.0,0.0,0.0,2,28.0,7.0,4,0.043478260869565216,0.015345268542199489,D.McNabb,6.0,460.0,7.301587301587301,225.56,2002,218.82
D.Pederson,00-0012726,GB,134.0,7.052631578947368,29.0,1.0,7.0,19.0,0.0,0.6551724137931034,-0.21250557042546375,0.0,0.0,0.0,0.0,0.0,0.0,0,1.0,1.0,0,0.034482758620689655,0.0,D.Pederson,0.0,-1.0,-1.0,9.26,2002,
D.Wuerffel,00-0018333,WAS,719.0,12.39655172413793,103.0,3.0,33.0,58.0,6.0,0.5631067961165048,-0.12950255049767737,0.0,0.0,0.0,0.0,0.0,0.0,0,11.0,2.0,1,0.02912621359223301,0.05825242718446602,D.Wuerffel,0.0,76.0,7.6,34.36000000000001,2002,
G.Frerotte,00-0005589,CIN,437.0,9.931818181818182,95.0,1.0,24.0,44.0,5.0,0.4631578947368421,-0.33898332182083546,0.0,0.0,0.0,0.0,0.0,0.0,0,10.0,0.0,0,0.010526315789473684,0.05263157894736842,G.Frerotte,0.0,22.0,5.5,13.68,2002,53.4
H.Burris,00-0019764,CHI,207.0,11.5,56.0,3.0,9.0,18.0,5.0,0.32142857142857145,-0.6783872397124614,0.0,0.0,0.0,0.0,0.0,0.0,0,4.0,2.0,2,0.05357142857142857,0.08928571428571429,H.Burris,0.0,104.0,6.933333333333334,16.68,2002,
J. Fiedler,00-0005180,MIA,1445.0,10.946969696969697,228.0,8.0,74.0,132.0,8.0,0.5789473684210527,0.006607552444581761,0.0,0.0,0.0,0.0,0.0,0.0,0,11.0,4.0,1,0.03508771929824561,0.03508771929824561,J. Fiedler,2.0,55.0,3.4375,89.3,2002,123.01999999999998
J. Fiedler,00-0005180,MIA,1445.0,10.946969696969697,228.0,8.0,74.0,132.0,8.0,0.5789473684210527,0.006607552444581761,0.0,0.0,0.0,0.0,0.0,0.0,0,11.0,4.0,1,0.03508771929824561,0.03508771929824561,J.Fiedler,1.0,44.0,3.6666666666666665,82.2,2002,123.01999999999998
J. Martin,00-0010455,LA,1216.0,9.806451612903226,205.0,7.0,67.0,124.0,10.0,0.6048780487804878,-0.06416000108356402,0.0,0.0,0.0,0.0,0.0,0.0,0,10.0,2.0,2,0.03414634146341464,0.04878048780487805,J. Martin,0.0,6.0,1.2,53.24,2002,
J. McCown,00-0021206,ARI,66.0,9.428571428571429,23.0,0.0,3.0,7.0,2.0,0.30434782608695654,-0.9384350621966521,0.0,0.0,0.0,0.0,0.0,0.0,0,5.0,1.0,1,0.0,0.08695652173913043,J. McCown,0.0,20.0,20.0,-1.3599999999999999,2002,69.12
J. Plummer,00-0013042,ARI,815.0,9.702380952380953,169.0,7.0,38.0,84.0,6.0,0.4970414201183432,-0.14107641783769323,0.0,0.0,0.0,0.0,0.0,0.0,0,15.0,1.0,1,0.04142011834319527,0.03550295857988166,J. Plummer,0.0,65.0,6.5,53.1,2002,15.04
J. Plummer,00-0013042,ARI,815.0,9.702380952380953,169.0,7.0,38.0,84.0,6.0,0.4970414201183432,-0.14107641783769323,0.0,0.0,0.0,0.0,0.0,0.0,0,15.0,1.0,1,0.04142011834319527,0.03550295857988166,J. Plummer,0.0,65.0,6.5,53.1,2002,49.14
J. Plummer,00-0013042,ARI,815.0,9.702380952380953,169.0,7.0,38.0,84.0,6.0,0.4970414201183432,-0.14107641783769323,0.0,0.0,0.0,0.0,0.0,0.0,0,15.0,1.0,1,0.04142011834319527,0.03550295857988166,J. Plummer,0.0,65.0,6.5,53.1,2002,120.68000000000002
J. Plummer,00-0013042,ARI,815.0,9.702380952380953,169.0,7.0,38.0,84.0,6.0,0.4970414201183432,-0.14107641783769323,0.0,0.0,0.0,0.0,0.0,0.0,0,15.0,1.0,1,0.04142011834319527,0.03550295857988166,J. Plummer,0.0,65.0,6.5,53.1,2002,154.78000000000003
J. Plummer,00-0013042,ARI,815.0,9.702380952380953,169.0,7.0,38.0,84.0,6.0,0.4970414201183432,-0.14107641783769323,0.0,0.0,0.0,0.0,0.0,0.0,0,15.0,1.0,1,0.04142011834319527,0.03550295857988166,J.Plummer,2.0,218.0,6.055555555555555,80.4,2002,15.04
J. Plummer,00-0013042,ARI,815.0,9.702380952380953,169.0,7.0,38.0,84.0,6.0,0.4970414201183432,-0.14107641783769323,0.0,0.0,0.0,0.0,0.0,0.0,0,15.0,1.0,1,0.04142011834319527,0.03550295857988166,J.Plummer,2.0,218.0,6.055555555555555,80.4,2002,49.14
J. Plummer,00-0013042,ARI,815.0,9.702380952380953,169.0,7.0,38.0,84.0,6.0,0.4970414201183432,-0.14107641783769323,0.0,0.0,0.0,0.0,0.0,0.0,0,15.0,1.0,1,0.04142011834319527,0.03550295857988166,J.Plummer,2.0,218.0,6.055555555555555,80.4,2002,120.68000000000002
J. Plummer,00-0013042,ARI,815.0,9.702380952380953,169.0,7.0,38.0,84.0,6.0,0.4970414201183432,-0.14107641783769323,0.0,0.0,0.0,0.0,0.0,0.0,0,15.0,1.0,1,0.04142011834319527,0.03550295857988166,J.Plummer,2.0,218.0,6.055555555555555,80.4,2002,154.78000000000003
J.Blake,00-0001335,BAL,2084.0,12.63030303030303,327.0,13.0,96.0,165.0,11.0,0.5045871559633027,-0.04167336849017883,0.0,0.0,0.0,0.0,0.0,0.0,1,30.0,4.0,4,0.039755351681957186,0.03363914373088685,J.Blake,1.0,106.0,2.717948717948718,123.96000000000001,2002,135.77999999999997
J.Fiedler,00-0005180,MIA,579.0,12.319148936170214,77.0,6.0,34.0,47.0,1.0,0.6103896103896104,0.3899713441946483,0.0,0.0,0.0,0.0,0.0,0.0,0,2.0,0.0,0,0.07792207792207792,0.012987012987012988,J. Fiedler,2.0,55.0,3.4375,62.66,2002,123.01999999999998
J.Fiedler,00-0005180,MIA,579.0,12.319148936170214,77.0,6.0,34.0,47.0,1.0,0.6103896103896104,0.3899713441946483,0.0,0.0,0.0,0.0,0.0,0.0,0,2.0,0.0,0,0.07792207792207792,0.012987012987012988,J.Fiedler,1.0,44.0,3.6666666666666665,55.559999999999995,2002,123.01999999999998
J.Garcia,00-0005755,SF,3344.0,10.195121951219512,546.0,21.0,171.0,328.0,10.0,0.6007326007326007,0.1476023073492899,0.0,0.0,0.0,0.0,0.0,0.0,1,17.0,0.0,0,0.038461538461538464,0.018315018315018316,J.Garcia,3.0,353.0,4.835616438356165,253.06,2002,226.66
J.Harrington,00-0021141,DET,2294.0,10.669767441860465,437.0,12.0,110.0,215.0,16.0,0.4919908466819222,-0.19858018555323614,0.0,0.0,0.0,0.0,0.0,0.0,0,8.0,1.0,1,0.02745995423340961,0.036613272311212815,J.Harrington,0.0,4.0,0.5714285714285714,106.16,2002,30.08
J.Harrington,00-0021141,DET,2294.0,10.669767441860465,437.0,12.0,110.0,215.0,16.0,0.4919908466819222,-0.19858018555323614,0.0,0.0,0.0,0.0,0.0,0.0,0,8.0,1.0,1,0.02745995423340961,0.036613272311212815,J.Harrington,0.0,4.0,0.5714285714285714,106.16,2002,39.879999999999995
J.Harrington,00-0021141,DET,2294.0,10.669767441860465,437.0,12.0,110.0,215.0,16.0,0.4919908466819222,-0.19858018555323614,0.0,0.0,0.0,0.0,0.0,0.0,0,8.0,1.0,1,0.02745995423340961,0.036613272311212815,J.Harrington,0.0,4.0,0.5714285714285714,106.16,2002,113.12
J.Harrington,00-0021141,DET,2294.0,10.669767441860465,437.0,12.0,110.0,215.0,16.0,0.4919908466819222,-0.19858018555323614,0.0,0.0,0.0,0.0,0.0,0.0,0,8.0,1.0,1,0.02745995423340961,0.036613272311212815,J.Harrington,0.0,4.0,0.5714285714285714,106.16,2002,122.92
J.Kitna,00-0009311,CIN,3178.0,10.80952380952381,498.0,16.0,156.0,294.0,16.0,0.5903614457831325,-0.03534648233137777,0.0,0.0,0.0,0.0,0.0,0.0,0,24.0,6.0,6,0.0321285140562249,0.0321285140562249,J.Kitna,4.0,57.0,2.375,176.82,2002,221.89999999999998
J.Miller,00-0011276,CHI,1944.0,10.8,331.0,13.0,98.0,180.0,9.0,0.5438066465256798,-0.05193796374069866,0.0,0.0,0.0,0.0,0.0,0.0,0,16.0,2.0,0,0.03927492447129909,0.027190332326283987,J.Miller,0.0,11.0,0.8461538461538461,112.85999999999999,2002,
J.Plummer,00-0013042,ARI,2157.0,10.785,399.0,11.0,107.0,200.0,14.0,0.5012531328320802,-0.08558136664403819,0.0,0.0,0.0,0.0,0.0,0.0,1,21.0,2.0,1,0.02756892230576441,0.03508771929824561,J. Plummer,0.0,65.0,6.5,108.78,2002,15.04
J.Plummer,00-0013042,ARI,2157.0,10.785,399.0,11.0,107.0,200.0,14.0,0.5012531328320802,-0.08558136664403819,0.0,0.0,0.0,0.0,0.0,0.0,1,21.0,2.0,1,0.02756892230576441,0.03508771929824561,J. Plummer,0.0,65.0,6.5,108.78,2002,49.14
J.Plummer,00-0013042,ARI,2157.0,10.785,399.0,11.0,107.0,200.0,14.0,0.5012531328320802,-0.08558136664403819,0.0,0.0,0.0,0.0,0.0,0.0,1,21.0,2.0,1,0.02756892230576441,0.03508771929824561,J. Plummer,0.0,65.0,6.5,108.78,2002,120.68000000000002
J.Plummer,00-0013042,ARI,2157.0,10.785,399.0,11.0,107.0,200.0,14.0,0.5012531328320802,-0.08558136664403819,0.0,0.0,0.0,0.0,0.0,0.0,1,21.0,2.0,1,0.02756892230576441,0.03508771929824561,J. Plummer,0.0,65.0,6.5,108.78,2002,154.78000000000003
J.Plummer,00-0013042,ARI,2157.0,10.785,399.0,11.0,107.0,200.0,14.0,0.5012531328320802,-0.08558136664403819,0.0,0.0,0.0,0.0,0.0,0.0,1,21.0,2.0,1,0.02756892230576441,0.03508771929824561,J.Plummer,2.0,218.0,6.055555555555555,136.07999999999998,2002,15.04
J.Plummer,00-0013042,ARI,2157.0,10.785,399.0,11.0,107.0,200.0,14.0,0.5012531328320802,-0.08558136664403819,0.0,0.0,0.0,0.0,0.0,0.0,1,21.0,2.0,1,0.02756892230576441,0.03508771929824561,J.Plummer,2.0,218.0,6.055555555555555,136.07999999999998,2002,49.14
J.Plummer,00-0013042,ARI,2157.0,10.785,399.0,11.0,107.0,200.0,14.0,0.5012531328320802,-0.08558136664403819,0.0,0.0,0.0,0.0,0.0,0.0,1,21.0,2.0,1,0.02756892230576441,0.03508771929824561,J.Plummer,2.0,218.0,6.055555555555555,136.07999999999998,2002,120.68000000000002
J.Plummer,00-0013042,ARI,2157.0,10.785,399.0,11.0,107.0,200.0,14.0,0.5012531328320802,-0.08558136664403819,0.0,0.0,0.0,0.0,0.0,0.0,1,21.0,2.0,1,0.02756892230576441,0.03508771929824561,J.Plummer,2.0,218.0,6.055555555555555,136.07999999999998,2002,154.78000000000003
K. Warner,00-0017200,LA,1431.0,9.9375,241.0,3.0,66.0,144.0,11.0,0.5975103734439834,-0.11719492090486619,0.0,0.0,0.0,0.0,0.0,0.0,0,21.0,3.0,2,0.012448132780082987,0.04564315352697095,K. Warner,0.0,33.0,4.125,46.540000000000006,2002,10.600000000000001
K.Collins,00-0003292,NYG,4073.0,12.15820895522388,571.0,19.0,193.0,335.0,14.0,0.5866900175131349,0.1499918175996333,0.0,0.0,0.0,0.0,0.0,0.0,1,24.0,5.0,1,0.03327495621716287,0.024518388791593695,K.Collins,0.0,-3.0,-0.06818181818181818,210.61999999999998,2002,139.3
K.Detmer,00-0004229,PHI,224.0,11.789473684210526,29.0,2.0,10.0,19.0,0.0,0.6551724137931034,0.44827402575008374,0.0,0.0,0.0,0.0,0.0,0.0,0,1.0,0.0,0,0.06896551724137931,0.0,K.Detmer,1.0,4.0,2.0,23.36,2002,
K.Holcomb,00-0007576,CLE,790.0,12.34375,111.0,8.0,42.0,64.0,4.0,0.5765765765765766,0.06064046444186173,0.0,0.0,0.0,0.0,0.0,0.0,0,5.0,2.0,1,0.07207207207207207,0.036036036036036036,K.Holcomb,0.0,9.0,1.125,54.5,2002,45.64
K.Holcomb,00-0007576,CLE,790.0,12.34375,111.0,8.0,42.0,64.0,4.0,0.5765765765765766,0.06064046444186173,0.0,0.0,0.0,0.0,0.0,0.0,0,5.0,2.0,1,0.07207207207207207,0.036036036036036036,K.Holcomb,0.0,9.0,1.125,54.5,2002,46.34
K.Holcomb,00-0007576,CLE,790.0,12.34375,111.0,8.0,42.0,64.0,4.0,0.5765765765765766,0.06064046444186173,0.0,0.0,0.0,0.0,0.0,0.0,0,5.0,2.0,1,0.07207207207207207,0.036036036036036036,K.Holcomb,0.0,9.0,1.125,54.5,2002,38.239999999999995
K.Holcomb,00-0007576,CLE,790.0,12.34375,111.0,8.0,42.0,64.0,4.0,0.5765765765765766,0.06064046444186173,0.0,0.0,0.0,0.0,0.0,0.0,0,5.0,2.0,1,0.07207207207207207,0.036036036036036036,K.Holcomb,0.0,9.0,1.125,54.5,2002,38.94
K.Stewart,00-0015700,PIT,1155.0,10.596330275229358,174.0,6.0,60.0,109.0,6.0,0.6264367816091954,0.029848011681016952,0.0,0.0,0.0,0.0,0.0,0.0,1,7.0,3.0,1,0.034482758620689655,0.034482758620689655,K.Stewart,2.0,191.0,4.441860465116279,89.30000000000001,2002,-0.36000000000000004
K.Stewart,00-0015700,PIT,1155.0,10.596330275229358,174.0,6.0,60.0,109.0,6.0,0.6264367816091954,0.029848011681016952,0.0,0.0,0.0,0.0,0.0,0.0,1,7.0,3.0,1,0.034482758620689655,0.034482758620689655,K.Stewart,2.0,191.0,4.441860465116279,89.30000000000001,2002,46.24
K.Stewart,00-0015700,PIT,1155.0,10.596330275229358,174.0,6.0,60.0,109.0,6.0,0.6264367816091954,0.029848011681016952,0.0,0.0,0.0,0.0,0.0,0.0,1,7.0,3.0,1,0.034482758620689655,0.034482758620689655,K.Stewart,2.0,191.0,4.441860465116279,89.30000000000001,2002,55.480000000000004
K.Stewart,00-0015700,PIT,1155.0,10.596330275229358,174.0,6.0,60.0,109.0,6.0,0.6264367816091954,0.029848011681016952,0.0,0.0,0.0,0.0,0.0,0.0,1,7.0,3.0,1,0.034482758620689655,0.034482758620689655,K.Stewart,2.0,191.0,4.441860465116279,89.30000000000001,2002,102.08
M. Brunell,00-0002110,JAX,2560.0,11.47982062780269,415.0,15.0,129.0,223.0,6.0,0.5373493975903615,-0.14760733772208112,0.0,0.0,0.0,0.0,0.0,0.0,1,33.0,1.0,1,0.03614457831325301,0.014457831325301205,M. Brunell,0.0,188.0,4.82051282051282,169.20000000000002,2002,35.26
M. Brunell,00-0002110,JAX,2560.0,11.47982062780269,415.0,15.0,129.0,223.0,6.0,0.5373493975903615,-0.14760733772208112,0.0,0.0,0.0,0.0,0.0,0.0,1,33.0,1.0,1,0.03614457831325301,0.014457831325301205,M.Brunell,0.0,19.0,4.75,152.3,2002,35.26
M. Bulger,00-0019599,LA,1826.0,13.231884057971014,226.0,14.0,86.0,138.0,6.0,0.6106194690265486,0.15400080065201208,0.0,0.0,0.0,0.0,0.0,0.0,0,12.0,5.0,1,0.061946902654867256,0.02654867256637168,M. Bulger,1.0,-13.0,-1.0833333333333333,119.74000000000002,2002,213.3
M.Brunell,00-0002110,JAX,228.0,10.363636363636363,37.0,2.0,11.0,22.0,1.0,0.5945945945945946,-0.6693536330896718,0.0,0.0,0.0,0.0,0.0,0.0,1,1.0,0.0,0,0.05405405405405406,0.02702702702702703,M. Brunell,0.0,188.0,4.82051282051282,35.92,2002,35.26
M.Brunell,00-0002110,JAX,228.0,10.363636363636363,37.0,2.0,11.0,22.0,1.0,0.5945945945945946,-0.6693536330896718,0.0,0.0,0.0,0.0,0.0,0.0,1,1.0,0.0,0,0.05405405405405406,0.02702702702702703,M.Brunell,0.0,19.0,4.75,19.019999999999996,2002,35.26
M.Hasselbeck,00-0007091,SEA,3075.0,11.51685393258427,446.0,15.0,157.0,267.0,10.0,0.5986547085201793,0.10034571235223387,0.0,0.0,0.0,0.0,0.0,0.0,0,26.0,7.0,4,0.033632286995515695,0.02242152466367713,M.Hasselbeck,1.0,202.0,5.05,181.2,2002,250.26
M.McMahon,00-0020308,DET,874.0,14.096774193548388,162.0,7.0,40.0,62.0,9.0,0.38271604938271603,-0.1992472127830185,0.0,0.0,0.0,0.0,0.0,0.0,1,12.0,1.0,1,0.043209876543209874,0.05555555555555555,M.McMahon,3.0,96.0,6.857142857142857,72.56,2002,0.8399999999999999
M.McMahon,00-0020308,DET,874.0,14.096774193548388,162.0,7.0,40.0,62.0,9.0,0.38271604938271603,-0.1992472127830185,0.0,0.0,0.0,0.0,0.0,0.0,1,12.0,1.0,1,0.043209876543209874,0.05555555555555555,M.McMahon,3.0,96.0,6.857142857142857,72.56,2002,1.24
M.McMahon,00-0020308,DET,874.0,14.096774193548388,162.0,7.0,40.0,62.0,9.0,0.38271604938271603,-0.1992472127830185,0.0,0.0,0.0,0.0,0.0,0.0,1,12.0,1.0,1,0.043209876543209874,0.05555555555555555,M.McMahon,3.0,96.0,6.857142857142857,72.56,2002,1.44
M.McMahon,00-0020308,DET,874.0,14.096774193548388,162.0,7.0,40.0,62.0,9.0,0.38271604938271603,-0.1992472127830185,0.0,0.0,0.0,0.0,0.0,0.0,1,12.0,1.0,1,0.043209876543209874,0.05555555555555555,M.McMahon,3.0,96.0,6.857142857142857,72.56,2002,1.84
M.Vick,00-0020245,ATL,2936.0,12.70995670995671,454.0,16.0,139.0,231.0,8.0,0.5088105726872246,0.02454998902396276,0.0,0.0,0.0,0.0,0.0,0.0,0,33.0,7.0,2,0.03524229074889868,0.01762114537444934,M.Vick,8.0,777.0,6.876106194690266,287.14,2002,62.9
P.Manning,00-0010346,IND,4200.0,10.714285714285714,617.0,27.0,213.0,392.0,19.0,0.6353322528363047,0.08199429212902315,0.0,0.0,0.0,0.0,0.0,0.0,2,23.0,8.0,3,0.04376012965964344,0.03079416531604538,P.Manning,2.0,148.0,3.8947368421052633,262.8,2002,267.58
P.Ramsey,00-0021379,WAS,1539.0,13.153846153846153,247.0,9.0,67.0,117.0,8.0,0.47368421052631576,-0.04885370173199448,0.0,0.0,0.0,0.0,0.0,0.0,1,18.0,6.0,3,0.03643724696356275,0.032388663967611336,P.Ramsey,1.0,-1.0,-0.07692307692307693,83.46000000000001,2002,130.95999999999998
Q.Carter,00-0020404,DAL,1465.0,11.72,240.0,7.0,66.0,125.0,8.0,0.5208333333333334,-0.06690912585320713,0.0,0.0,0.0,0.0,0.0,0.0,0,19.0,3.0,3,0.029166666666666667,0.03333333333333333,Q.Carter,0.0,91.0,3.3703703703703702,73.69999999999999,2002,189.78
R. Gannon,00-0005741,LV,2641.0,11.05020920502092,380.0,12.0,131.0,239.0,4.0,0.6289473684210526,0.19928197382070922,0.0,0.0,0.0,0.0,0.0,0.0,2,19.0,3.0,2,0.031578947368421054,0.010526315789473684,R. Gannon,2.0,99.0,3.3,167.54,2002,68.6
R. Gannon,00-0005741,LV,2641.0,11.05020920502092,380.0,12.0,131.0,239.0,4.0,0.6289473684210526,0.19928197382070922,0.0,0.0,0.0,0.0,0.0,0.0,2,19.0,3.0,2,0.031578947368421054,0.010526315789473684,R.Gannon,1.0,57.0,2.85,157.33999999999997,2002,68.6
R. Lucas,00-0010137,MIA,1045.0,11.358695652173912,173.0,4.0,47.0,92.0,6.0,0.5317919075144508,-0.11516676144789952,0.0,0.0,0.0,0.0,0.0,0.0,0,12.0,2.0,2,0.023121387283236993,0.03468208092485549,R. Lucas,2.0,128.0,3.764705882352941,66.6,2002,
R. Lucas,00-0010137,MIA,1045.0,11.358695652173912,173.0,4.0,47.0,92.0,6.0,0.5317919075144508,-0.11516676144789952,0.0,0.0,0.0,0.0,0.0,0.0,0,12.0,2.0,2,0.023121387283236993,0.03468208092485549,R.Lucas,0.0,-2.0,-1.0,41.599999999999994,2002,
R.Fasani,00-0021254,CAR,146.0,13.272727272727273,41.0,0.0,8.0,11.0,4.0,0.2682926829268293,-0.5940461151236253,0.0,0.0,0.0,0.0,0.0,0.0,0,4.0,0.0,0,0.0,0.0975609756097561,R.Fasani,0.0,79.0,4.647058823529412,5.74,2002,
R.Fasani,00-0021254,CAR,146.0,13.272727272727273,41.0,0.0,8.0,11.0,4.0,0.2682926829268293,-0.5940461151236253,0.0,0.0,0.0,0.0,0.0,0.0,0,4.0,0.0,0,0.0,0.0975609756097561,R.Fasani (3rd QB),0.0,16.0,16.0,-0.56,2002,
R.Gannon,00-0005741,LV,2048.0,11.441340782122905,276.0,14.0,95.0,179.0,6.0,0.6485507246376812,0.18468860189254616,0.0,0.0,0.0,0.0,0.0,0.0,0,17.0,2.0,1,0.050724637681159424,0.021739130434782608,R. Gannon,2.0,99.0,3.3,145.82000000000002,2002,68.6
R.Gannon,00-0005741,LV,2048.0,11.441340782122905,276.0,14.0,95.0,179.0,6.0,0.6485507246376812,0.18468860189254616,0.0,0.0,0.0,0.0,0.0,0.0,0,17.0,2.0,1,0.050724637681159424,0.021739130434782608,R.Gannon,1.0,57.0,2.85,135.62,2002,68.6
R.Johnson,00-0008612,TB,536.0,9.403508771929825,107.0,1.0,26.0,57.0,2.0,0.5327102803738317,-0.21398997040755557,0.0,0.0,0.0,0.0,0.0,0.0,0,19.0,2.0,2,0.009345794392523364,0.018691588785046728,R.Johnson,0.0,73.0,5.214285714285714,24.740000000000002,2002,1.6600000000000001
R.Johnson,00-0008612,TB,536.0,9.403508771929825,107.0,1.0,26.0,57.0,2.0,0.5327102803738317,-0.21398997040755557,0.0,0.0,0.0,0.0,0.0,0.0,0,19.0,2.0,2,0.009345794392523364,0.018691588785046728,R.Johnson,0.0,73.0,5.214285714285714,24.740000000000002,2002,0.7600000000000001
R.Peete,00-0012732,CAR,2630.0,11.79372197309417,412.0,15.0,114.0,223.0,14.0,0.5412621359223301,-0.09291438553243984,0.0,0.0,0.0,0.0,0.0,0.0,0,31.0,8.0,6,0.03640776699029126,0.03398058252427184,R.Peete,0.0,14.0,0.6363636363636364,126.6,2002,0.76
S. Beuerlein,00-0001218,DEN,488.0,12.512820512820513,71.0,4.0,22.0,39.0,4.0,0.5492957746478874,-0.06432768265352941,0.0,0.0,0.0,0.0,0.0,0.0,0,6.0,1.0,1,0.056338028169014086,0.056338028169014086,S. Beuerlein,0.0,0.0,0.0,25.519999999999996,2002,8.14
S. Beuerlein,00-0001218,DEN,488.0,12.512820512820513,71.0,4.0,22.0,39.0,4.0,0.5492957746478874,-0.06432768265352941,0.0,0.0,0.0,0.0,0.0,0.0,0,6.0,1.0,1,0.056338028169014086,0.056338028169014086,S. Beuerlein,0.0,0.0,0.0,25.519999999999996,2002,8.440000000000001
S. Beuerlein,00-0001218,DEN,488.0,12.512820512820513,71.0,4.0,22.0,39.0,4.0,0.5492957746478874,-0.06432768265352941,0.0,0.0,0.0,0.0,0.0,0.0,0,6.0,1.0,1,0.056338028169014086,0.056338028169014086,S. Beuerlein,0.0,0.0,0.0,25.519999999999996,2002,4.42
S. Beuerlein,00-0001218,DEN,488.0,12.512820512820513,71.0,4.0,22.0,39.0,4.0,0.5492957746478874,-0.06432768265352941,0.0,0.0,0.0,0.0,0.0,0.0,0,6.0,1.0,1,0.056338028169014086,0.056338028169014086,S. Beuerlein,0.0,0.0,0.0,25.519999999999996,2002,4.72
S. Beuerlein,00-0001218,DEN,488.0,12.512820512820513,71.0,4.0,22.0,39.0,4.0,0.5492957746478874,-0.06432768265352941,0.0,0.0,0.0,0.0,0.0,0.0,0,6.0,1.0,1,0.056338028169014086,0.056338028169014086,S.Beuerlein,1.0,9.0,3.0,32.419999999999995,2002,8.14
S. Beuerlein,00-0001218,DEN,488.0,12.512820512820513,71.0,4.0,22.0,39.0,4.0,0.5492957746478874,-0.06432768265352941,0.0,0.0,0.0,0.0,0.0,0.0,0,6.0,1.0,1,0.056338028169014086,0.056338028169014086,S.Beuerlein,1.0,9.0,3.0,32.419999999999995,2002,8.440000000000001
S. Beuerlein,00-0001218,DEN,488.0,12.512820512820513,71.0,4.0,22.0,39.0,4.0,0.5492957746478874,-0.06432768265352941,0.0,0.0,0.0,0.0,0.0,0.0,0,6.0,1.0,1,0.056338028169014086,0.056338028169014086,S.Beuerlein,1.0,9.0,3.0,32.419999999999995,2002,4.42
S. Beuerlein,00-0001218,DEN,488.0,12.512820512820513,71.0,4.0,22.0,39.0,4.0,0.5492957746478874,-0.06432768265352941,0.0,0.0,0.0,0.0,0.0,0.0,0,6.0,1.0,1,0.056338028169014086,0.056338028169014086,S.Beuerlein,1.0,9.0,3.0,32.419999999999995,2002,4.72
S.Beuerlein,00-0001218,DEN,437.0,15.068965517241379,59.0,2.0,21.0,29.0,1.0,0.4915254237288136,0.1369445743520868,0.0,0.0,0.0,0.0,0.0,0.0,0,6.0,0.0,0,0.03389830508474576,0.01694915254237288,S. Beuerlein,0.0,0.0,0.0,23.48,2002,8.14
S.Beuerlein,00-0001218,DEN,437.0,15.068965517241379,59.0,2.0,21.0,29.0,1.0,0.4915254237288136,0.1369445743520868,0.0,0.0,0.0,0.0,0.0,0.0,0,6.0,0.0,0,0.03389830508474576,0.01694915254237288,S. Beuerlein,0.0,0.0,0.0,23.48,2002,8.440000000000001
S.Beuerlein,00-0001218,DEN,437.0,15.068965517241379,59.0,2.0,21.0,29.0,1.0,0.4915254237288136,0.1369445743520868,0.0,0.0,0.0,0.0,0.0,0.0,0,6.0,0.0,0,0.03389830508474576,0.01694915254237288,S. Beuerlein,0.0,0.0,0.0,23.48,2002,4.42
S.Beuerlein,00-0001218,DEN,437.0,15.068965517241379,59.0,2.0,21.0,29.0,1.0,0.4915254237288136,0.1369445743520868,0.0,0.0,0.0,0.0,0.0,0.0,0,6.0,0.0,0,0.03389830508474576,0.01694915254237288,S. Beuerlein,0.0,0.0,0.0,23.48,2002,4.72
S.Beuerlein,00-0001218,DEN,437.0,15.068965517241379,59.0,2.0,21.0,29.0,1.0,0.4915254237288136,0.1369445743520868,0.0,0.0,0.0,0.0,0.0,0.0,0,6.0,0.0,0,0.03389830508474576,0.01694915254237288,S.Beuerlein,1.0,9.0,3.0,30.38,2002,8.14
S.Beuerlein,00-0001218,DEN,437.0,15.068965517241379,59.0,2.0,21.0,29.0,1.0,0.4915254237288136,0.1369445743520868,0.0,0.0,0.0,0.0,0.0,0.0,0,6.0,0.0,0,0.03389830508474576,0.01694915254237288,S.Beuerlein,1.0,9.0,3.0,30.38,2002,8.440000000000001
S.Beuerlein,00-0001218,DEN,437.0,15.068965517241379,59.0,2.0,21.0,29.0,1.0,0.4915254237288136,0.1369445743520868,0.0,0.0,0.0,0.0,0.0,0.0,0,6.0,0.0,0,0.03389830508474576,0.01694915254237288,S.Beuerlein,1.0,9.0,3.0,30.38,2002,4.42
S.Beuerlein,00-0001218,DEN,437.0,15.068965517241379,59.0,2.0,21.0,29.0,1.0,0.4915254237288136,0.1369445743520868,0.0,0.0,0.0,0.0,0.0,0.0,0,6.0,0.0,0,0.03389830508474576,0.01694915254237288,S.Beuerlein,1.0,9.0,3.0,30.38,2002,4.72
S.King,00-0009266,TB,80.0,8.0,28.0,0.0,4.0,10.0,1.0,0.35714285714285715,-0.5924401018775381,0.0,0.0,0.0,0.0,0.0,0.0,0,1.0,0.0,0,0.0,0.03571428571428571,0,0.0,0.0,0.0,1.2000000000000002,2002,9.2
S.Matthews,00-0010560,WAS,1251.0,10.088709677419354,246.0,11.0,64.0,124.0,6.0,0.5040650406504065,-0.05975560713867526,0.0,0.0,0.0,0.0,0.0,0.0,0,9.0,0.0,0,0.044715447154471545,0.024390243902439025,S.Matthews,0.0,31.0,2.5833333333333335,85.13999999999999,2002,
S.McNair,00-0011024,TEN,3387.0,11.252491694352159,515.0,22.0,178.0,301.0,15.0,0.5844660194174758,0.09989527804200694,0.0,0.0,0.0,0.0,0.0,0.0,0,21.0,7.0,3,0.04271844660194175,0.02912621359223301,S.McNair,3.0,440.0,5.365853658536586,249.48,2002,241.64000000000001
T. Green,00-0006355,KC,3690.0,12.857142857142858,497.0,26.0,176.0,287.0,13.0,0.5774647887323944,0.18453425194969275,0.0,0.0,0.0,0.0,0.0,0.0,0,26.0,0.0,0,0.052313883299798795,0.026156941649899398,T. Green,1.0,225.0,7.258064516129032,254.1,2002,251.86
T.Brady,00-0019596,NE,3764.0,10.091152815013405,636.0,28.0,184.0,373.0,14.0,0.5864779874213837,0.010579405394192155,0.0,0.0,0.0,0.0,0.0,0.0,2,31.0,5.0,3,0.0440251572327044,0.0220125786163522,T.Brady,1.0,110.0,2.619047619047619,249.56,2002,217.10000000000002
T.Couch,00-0003535,CLE,2842.0,10.41025641025641,474.0,18.0,128.0,273.0,18.0,0.5759493670886076,-0.013109040433463767,0.0,0.0,0.0,0.0,0.0,0.0,1,30.0,3.0,1,0.0379746835443038,0.0379746835443038,T.Couch,0.0,77.0,3.347826086956522,157.38,2002,26.880000000000003
T.Couch,00-0003535,CLE,2842.0,10.41025641025641,474.0,18.0,128.0,273.0,18.0,0.5759493670886076,-0.013109040433463767,0.0,0.0,0.0,0.0,0.0,0.0,1,30.0,3.0,1,0.0379746835443038,0.0379746835443038,T.Couch,0.0,77.0,3.347826086956522,157.38,2002,31.980000000000004
T.Couch,00-0003535,CLE,2842.0,10.41025641025641,474.0,18.0,128.0,273.0,18.0,0.5759493670886076,-0.013109040433463767,0.0,0.0,0.0,0.0,0.0,0.0,1,30.0,3.0,1,0.0379746835443038,0.0379746835443038,T.Couch,0.0,77.0,3.347826086956522,157.38,2002,40.68
T.Couch,00-0003535,CLE,2842.0,10.41025641025641,474.0,18.0,128.0,273.0,18.0,0.5759493670886076,-0.013109040433463767,0.0,0.0,0.0,0.0,0.0,0.0,1,30.0,3.0,1,0.0379746835443038,0.0379746835443038,T.Couch,0.0,77.0,3.347826086956522,157.38,2002,45.78
T.Dilfer,00-0004293,SEA,1182.0,12.574468085106384,175.0,4.0,51.0,94.0,6.0,0.5371428571428571,-0.05299684329501227,0.0,0.0,0.0,0.0,0.0,0.0,0,7.0,2.0,1,0.022857142857142857,0.03428571428571429,T.Dilfer,0.0,27.0,2.7,51.980000000000004,2002,
T.Maddox,00-0010261,PIT,2836.0,12.11965811965812,406.0,20.0,137.0,234.0,16.0,0.5763546798029556,0.05090732036647617,0.0,0.0,0.0,0.0,0.0,0.0,3,26.0,3.0,1,0.04926108374384237,0.03940886699507389,T.Maddox,0.0,43.0,2.263157894736842,169.74,2002,129.26
T.Maddox,00-0010261,PIT,2836.0,12.11965811965812,406.0,20.0,137.0,234.0,16.0,0.5763546798029556,0.05090732036647617,0.0,0.0,0.0,0.0,0.0,0.0,3,26.0,3.0,1,0.04926108374384237,0.03940886699507389,T.Maddox,0.0,43.0,2.263157894736842,169.74,2002,127.85999999999999
T.Maddox,00-0010261,PIT,2836.0,12.11965811965812,406.0,20.0,137.0,234.0,16.0,0.5763546798029556,0.05090732036647617,0.0,0.0,0.0,0.0,0.0,0.0,3,26.0,3.0,1,0.04926108374384237,0.03940886699507389,T.Maddox,0.0,43.0,2.263157894736842,169.74,2002,43.9
T.Maddox,00-0010261,PIT,2836.0,12.11965811965812,406.0,20.0,137.0,234.0,16.0,0.5763546798029556,0.05090732036647617,0.0,0.0,0.0,0.0,0.0,0.0,3,26.0,3.0,1,0.04926108374384237,0.03940886699507389,T.Maddox,0.0,43.0,2.263157894736842,169.74,2002,42.5
T.Rattay,00-0019623,SF,232.0,8.923076923076923,48.0,2.0,11.0,26.0,0.0,0.5416666666666666,-0.21222718426658457,0.0,0.0,0.0,0.0,0.0,0.0,0,5.0,1.0,0,0.041666666666666664,0.0,T.Rattay,0.0,0.0,0.0,17.28,2002,58.24
V.Testaverde,00-0016193,NYJ,499.0,9.24074074074074,93.0,3.0,23.0,54.0,3.0,0.5806451612903226,-0.32865051143418667,0.0,0.0,0.0,0.0,0.0,0.0,1,9.0,2.0,2,0.03225806451612903,0.03225806451612903,V.Testaverde,0.0,23.0,11.5,26.26,2002,80.7
A.Brooks,00-0001823,NO,3546.0,11.588235294117647,555.0,24.0,172.0,306.0,8.0,0.5513513513513514,0.020336453234666513,0.0,0.0,0.0,0.0,0.0,0.0,0,36.0,9.0,7,0.043243243243243246,0.014414414414414415,A.Brooks,2.0,183.0,3.519230769230769,238.14000000000001,2003,246.3
A.Wright,00-0018272,BAL,1199.0,12.75531914893617,197.0,9.0,55.0,94.0,8.0,0.47715736040609136,-0.061886366380897034,0.0,0.0,0.0,0.0,0.0,0.0,0,19.0,0.0,0,0.04568527918781726,0.04060913705583756,A.Wright,0.0,75.0,2.7777777777777777,75.46000000000001,2003,
B.Favre,00-0005106,GB,3361.0,10.912337662337663,493.0,32.0,166.0,308.0,21.0,0.6247464503042597,0.1112007235928169,0.0,0.0,0.0,0.0,0.0,0.0,2,19.0,3.0,2,0.06490872210953347,0.04259634888438134,B.Favre,0.0,15.0,0.8333333333333334,221.94,2003,255.04
B.Griese,00-0006423,MIA,813.0,10.986486486486486,142.0,5.0,36.0,74.0,6.0,0.5211267605633803,-0.2945381528607198,0.0,0.0,0.0,0.0,0.0,0.0,0,12.0,4.0,4,0.035211267605633804,0.04225352112676056,B.Griese,0.0,15.0,3.0,34.02,2003,160.98
B.Johnson,00-0008442,TB,3821.0,10.793785310734464,592.0,26.0,184.0,354.0,21.0,0.597972972972973,0.038224439719935034,0.0,0.0,0.0,0.0,0.0,0.0,1,20.0,7.0,2,0.04391891891891892,0.03547297297297297,B.Johnson,0.0,26.0,0.9285714285714286,215.44000000000003,2003,32.96
B.Leftwich,00-0022177,JAX,2819.0,11.794979079497908,437.0,14.0,135.0,239.0,17.0,0.5469107551487414,-0.054609253385341394,0.0,0.0,0.0,0.0,0.0,0.0,0,18.0,5.0,3,0.032036613272311214,0.038901601830663615,B.Leftwich,2.0,108.0,4.32,151.56,2003,190.44
B.Volek,00-0019041,TEN,545.0,12.386363636363637,75.0,4.0,31.0,44.0,1.0,0.5866666666666667,0.08432010883408016,0.0,0.0,0.0,0.0,0.0,0.0,0,6.0,1.0,1,0.05333333333333334,0.013333333333333334,B.Volek,1.0,4.0,0.36363636363636365,40.199999999999996,2003,158.4
C. Chandler,00-0002876,CHI,81.0,13.5,20.0,0.0,3.0,6.0,0.0,0.3,-0.3691599292098539,0.0,0.0,0.0,0.0,0.0,0.0,0,3.0,0.0,0,0.0,0.0,C. Chandler,0.0,4.0,4.0,3.64,2003,6.599999999999999
C. Chandler,00-0002876,CHI,81.0,13.5,20.0,0.0,3.0,6.0,0.0,0.3,-0.3691599292098539,0.0,0.0,0.0,0.0,0.0,0.0,0,3.0,0.0,0,0.0,0.0,C.Chandler,0.0,31.0,2.3846153846153846,6.34,2003,6.599999999999999
C.Chandler,00-0002876,CHI,969.0,9.594059405940595,186.0,3.0,48.0,101.0,7.0,0.543010752688172,-0.0882752476585961,0.0,0.0,0.0,0.0,0.0,0.0,0,11.0,0.0,0,0.016129032258064516,0.03763440860215054,C. Chandler,0.0,4.0,4.0,37.16,2003,6.599999999999999
C.Chandler,00-0002876,CHI,969.0,9.594059405940595,186.0,3.0,48.0,101.0,7.0,0.543010752688172,-0.0882752476585961,0.0,0.0,0.0,0.0,0.0,0.0,0,11.0,0.0,0,0.016129032258064516,0.03763440860215054,C.Chandler,0.0,31.0,2.3846153846153846,39.86,2003,6.599999999999999
C.Pennington,00-0019559,NYJ,2139.0,11.317460317460318,326.0,13.0,116.0,189.0,12.0,0.5797546012269938,0.052591423710530716,0.0,0.0,0.0,0.0,0.0,0.0,1,25.0,2.0,1,0.03987730061349693,0.03680981595092025,C.Pennington,2.0,42.0,2.0,129.76,2003,169.52
C.Redman,00-0019709,BAL,58.0,8.285714285714286,19.0,0.0,4.0,7.0,2.0,0.3684210526315789,-1.0479355166082913,0.0,0.0,0.0,0.0,0.0,0.0,0,6.0,2.0,2,0.0,0.10526315789473684,C.Redman,0.0,4.0,2.0,-5.279999999999999,2003,
D. Bledsoe,00-0001361,BUF,257.0,6.425,74.0,0.0,15.0,40.0,3.0,0.5405405405405406,-0.5449317089905065,0.0,0.0,0.0,0.0,0.0,0.0,0,6.0,4.0,3,0.0,0.04054054054054054,D. Bledsoe,0.0,0.0,0.0,-1.7200000000000006,2003,164.48
D. Brees,00-0020531,LAC,2108.0,10.282926829268293,378.0,11.0,95.0,205.0,15.0,0.5423280423280423,-0.18452214818932167,0.0,0.0,0.0,0.0,0.0,0.0,1,21.0,6.0,3,0.0291005291005291,0.03968253968253968,D. Brees,0.0,84.0,4.0,102.72,2003,240.86
D. Culpepper,00-0003739,MIN,3479.0,11.793220338983051,493.0,25.0,169.0,295.0,11.0,0.5983772819472617,0.11248559625544297,0.0,0.0,0.0,0.0,0.0,0.0,1,38.0,6.0,4,0.05070993914807302,0.02231237322515213,D. Culpepper,4.0,422.0,5.861111111111111,277.36,2003,377.28000000000003
D. Flutie,00-0005363,LAC,1097.0,12.054945054945055,176.0,9.0,50.0,91.0,4.0,0.5170454545454546,0.05438307371727182,0.0,0.0,0.0,0.0,0.0,0.0,1,8.0,1.0,1,0.05113636363636364,0.022727272727272728,D. Flutie,2.0,168.0,5.090909090909091,100.67999999999999,2003,30.939999999999998
D. Kanell,00-0009007,DEN,104.0,8.666666666666666,18.0,1.0,8.0,12.0,0.0,0.6666666666666666,0.1827762344604763,0.0,0.0,0.0,0.0,0.0,0.0,0,0.0,0.0,0,0.05555555555555555,0.0,D.Kanell,0.0,5.0,0.8333333333333334,8.66,2003,
D.Bledsoe,00-0001361,BUF,2603.0,11.123931623931623,448.0,11.0,127.0,234.0,9.0,0.5223214285714286,-0.08151645697718336,0.0,0.0,0.0,0.0,0.0,0.0,0,43.0,6.0,5,0.024553571428571428,0.020089285714285716,D. Bledsoe,0.0,0.0,0.0,120.12,2003,164.48
D.Carr,00-0020608,HOU,2013.0,12.053892215568862,310.0,9.0,86.0,167.0,13.0,0.5387096774193548,-0.11495801784905024,0.0,0.0,0.0,0.0,0.0,0.0,0,15.0,2.0,1,0.02903225806451613,0.041935483870967745,D.Carr,2.0,151.0,5.592592592592593,115.61999999999999,2003,203.86
D.Garrard,00-0021231,JAX,86.0,9.555555555555555,12.0,1.0,5.0,9.0,0.0,0.75,0.546079067901398,0.0,0.0,0.0,0.0,0.0,0.0,0,0.0,0.0,0,0.08333333333333333,0.0,0,0.0,0.0,0.0,7.4399999999999995,2003,34.56
D.Johnson,00-0019087,ATL,1655.0,12.169117647058824,263.0,8.0,72.0,136.0,12.0,0.5171102661596958,-0.24169070950981597,0.0,0.0,0.0,0.0,0.0,0.0,0,19.0,2.0,0,0.030418250950570342,0.045627376425855515,D.Johnson,1.0,21.0,1.5,82.3,2003,2.52
D.Kanell,00-0009007,DEN,338.0,8.24390243902439,87.0,1.0,18.0,41.0,5.0,0.47126436781609193,-0.40381521235592344,0.0,0.0,0.0,0.0,0.0,0.0,0,2.0,0.0,0,0.011494252873563218,0.05747126436781609,D.Kanell,0.0,5.0,0.8333333333333334,8.02,2003,
D.McNabb,00-0011022,PHI,3223.0,11.677536231884059,523.0,16.0,152.0,276.0,11.0,0.5277246653919694,-0.015362166292309744,0.0,0.0,0.0,0.0,0.0,0.0,0,43.0,5.0,3,0.030592734225621414,0.021032504780114723,D.McNabb,3.0,359.0,5.128571428571429,218.82,2003,295.1
D.Ragone,00-0022091,HOU,135.0,6.75,48.0,0.0,7.0,20.0,1.0,0.4166666666666667,-0.4979538801906462,0.0,0.0,0.0,0.0,0.0,0.0,0,8.0,1.0,0,0.0,0.020833333333333332,D.Ragone,0.0,51.0,8.5,8.5,2003,
G. Frerotte,00-0005589,MIN,690.0,18.157894736842106,71.0,7.0,25.0,38.0,2.0,0.5352112676056338,0.39438021544846585,0.0,0.0,0.0,0.0,0.0,0.0,1,5.0,0.0,0,0.09859154929577464,0.028169014084507043,G. Frerotte,0.0,-2.0,-0.16666666666666666,53.4,2003,
J. Harrington,00-0021141,DET,452.0,9.224489795918368,81.0,4.0,30.0,49.0,2.0,0.6049382716049383,-0.022438249085365725,0.0,0.0,0.0,0.0,0.0,0.0,0,1.0,1.0,0,0.04938271604938271,0.024691358024691357,J. Harrington,0.0,0.0,0.0,30.08,2003,187.38
J. Harrington,00-0021141,DET,452.0,9.224489795918368,81.0,4.0,30.0,49.0,2.0,0.6049382716049383,-0.022438249085365725,0.0,0.0,0.0,0.0,0.0,0.0,0,1.0,1.0,0,0.04938271604938271,0.024691358024691357,J.Harrington,0.0,98.0,3.769230769230769,39.879999999999995,2003,187.38
J. Plummer,00-0013042,DEN,221.0,11.05,38.0,1.0,13.0,20.0,0.0,0.5263157894736842,0.07721641278171605,0.0,0.0,0.0,0.0,0.0,0.0,0,0.0,0.0,0,0.02631578947368421,0.0,J. Plummer,0.0,22.0,7.333333333333333,15.04,2003,259.06
J. Plummer,00-0013042,DEN,221.0,11.05,38.0,1.0,13.0,20.0,0.0,0.5263157894736842,0.07721641278171605,0.0,0.0,0.0,0.0,0.0,0.0,0,0.0,0.0,0,0.02631578947368421,0.0,J.Plummer,3.0,183.0,5.382352941176471,49.14,2003,259.06
J.Blake,00-0001335,ARI,2252.0,10.826923076923077,389.0,13.0,96.0,208.0,15.0,0.5347043701799485,-0.22046844075894959,0.0,0.0,0.0,0.0,0.0,0.0,0,19.0,5.0,3,0.033419023136246784,0.038560411311053984,J.Blake,2.0,177.0,5.9,135.77999999999997,2003,5.639999999999999
J.Delhomme,00-0004161,CAR,3219.0,12.101503759398497,473.0,19.0,146.0,266.0,16.0,0.5623678646934461,-0.008611841149954733,0.0,0.0,0.0,0.0,0.0,0.0,0,23.0,8.0,6,0.040169133192389,0.03382663847780127,J.Delhomme,1.0,43.0,1.0238095238095237,171.06,2003,250.54
J.Fiedler,00-0005180,MIA,2138.0,11.94413407821229,335.0,11.0,107.0,179.0,13.0,0.5343283582089552,-0.06889295622291453,0.0,0.0,0.0,0.0,0.0,0.0,0,20.0,6.0,4,0.03283582089552239,0.03880597014925373,J.Fiedler,3.0,95.0,2.878787878787879,123.01999999999998,2003,59.339999999999996
J.Garcia,00-0005755,SF,2704.0,12.017777777777777,416.0,18.0,131.0,225.0,13.0,0.5408653846153846,0.04419475200839254,0.0,0.0,0.0,0.0,0.0,0.0,1,22.0,3.0,2,0.04326923076923077,0.03125,J.Garcia,7.0,325.0,6.018518518518518,226.66,2003,112.13999999999999
J.Harrington,00-0021141,DET,2428.0,9.338461538461539,486.0,13.0,117.0,260.0,20.0,0.5349794238683128,-0.18886816501254572,0.0,0.0,0.0,0.0,0.0,0.0,2,10.0,0.0,0,0.026748971193415638,0.0411522633744856,J. Harrington,0.0,0.0,0.0,113.12,2003,187.38
J.Harrington,00-0021141,DET,2428.0,9.338461538461539,486.0,13.0,117.0,260.0,20.0,0.5349794238683128,-0.18886816501254572,0.0,0.0,0.0,0.0,0.0,0.0,2,10.0,0.0,0,0.026748971193415638,0.0411522633744856,J.Harrington,0.0,98.0,3.769230769230769,122.92,2003,187.38
J.Kitna,00-0009311,CIN,3605.0,11.092307692307692,558.0,26.0,181.0,325.0,15.0,0.5824372759856631,0.08686910865064613,0.0,0.0,0.0,0.0,0.0,0.0,0,37.0,4.0,4,0.04659498207885305,0.026881720430107527,J.Kitna,0.0,117.0,3.0789473684210527,221.89999999999998,2003,41.120000000000005
J.McCown,00-0021206,ARI,1018.0,10.715789473684211,190.0,5.0,51.0,95.0,6.0,0.5,-0.10346479130064258,0.0,0.0,0.0,0.0,0.0,0.0,0,24.0,2.0,1,0.02631578947368421,0.031578947368421054,J.McCown,1.0,164.0,5.655172413793103,69.12,2003,139.64
J.Palmer,00-0020483,NYG,532.0,8.866666666666667,132.0,3.0,25.0,60.0,4.0,0.45454545454545453,-0.3600366225611707,0.0,0.0,0.0,0.0,0.0,0.0,0,16.0,1.0,1,0.022727272727272728,0.030303030303030304,J.Palmer,0.0,23.0,5.75,25.580000000000002,2003,
J.Plummer,00-0013042,DEN,1962.0,11.609467455621301,278.0,14.0,101.0,169.0,7.0,0.6079136690647482,0.15312543198616185,0.0,0.0,0.0,0.0,0.0,0.0,0,14.0,1.0,1,0.050359712230215826,0.025179856115107913,J. Plummer,0.0,22.0,7.333333333333333,120.68000000000002,2003,259.06
J.Plummer,00-0013042,DEN,1962.0,11.609467455621301,278.0,14.0,101.0,169.0,7.0,0.6079136690647482,0.15312543198616185,0.0,0.0,0.0,0.0,0.0,0.0,0,14.0,1.0,1,0.050359712230215826,0.025179856115107913,J.Plummer,3.0,183.0,5.382352941176471,154.78000000000003,2003,259.06
K. Holcomb,00-0007576,CLE,1041.0,9.914285714285715,166.0,5.0,51.0,105.0,6.0,0.6325301204819277,-0.10326077244782954,0.0,0.0,0.0,0.0,0.0,0.0,0,12.0,3.0,2,0.030120481927710843,0.03614457831325301,K. Holcomb,0.0,0.0,0.0,45.64,2003,47.480000000000004
K. Holcomb,00-0007576,CLE,1041.0,9.914285714285715,166.0,5.0,51.0,105.0,6.0,0.6325301204819277,-0.10326077244782954,0.0,0.0,0.0,0.0,0.0,0.0,0,12.0,3.0,2,0.030120481927710843,0.03614457831325301,K.Holcomb,0.0,7.0,1.75,46.34,2003,47.480000000000004
K. Stewart,00-0015700,CHI,86.0,17.2,15.0,0.0,4.0,5.0,2.0,0.3333333333333333,-0.5186814723995985,0.0,0.0,0.0,0.0,0.0,0.0,0,0.0,0.0,0,0.0,0.13333333333333333,K. Stewart,0.0,2.0,2.0,-0.36000000000000004,2003,
K. Stewart,00-0015700,CHI,86.0,17.2,15.0,0.0,4.0,5.0,2.0,0.3333333333333333,-0.5186814723995985,0.0,0.0,0.0,0.0,0.0,0.0,0,0.0,0.0,0,0.0,0.13333333333333333,K.Stewart,3.0,288.0,4.9655172413793105,46.24,2003,
K.Boller,00-0022164,BAL,1260.0,10.862068965517242,246.0,7.0,62.0,116.0,9.0,0.4715447154471545,-0.1497009044460318,0.0,0.0,0.0,0.0,0.0,0.0,4,17.0,3.0,3,0.028455284552845527,0.036585365853658534,K.Boller,0.0,52.0,1.7333333333333334,67.60000000000001,2003,149.26000000000002
K.Collins,00-0003292,NYG,3110.0,10.950704225352112,529.0,13.0,159.0,284.0,16.0,0.5368620037807184,-0.07219596478965291,0.0,0.0,0.0,0.0,0.0,0.0,0,28.0,8.0,5,0.024574669187145556,0.030245746691871456,K.Collins,0.0,49.0,2.8823529411764706,139.3,2003,183.3
K.Holcomb,00-0007576,CLE,756.0,8.590909090909092,158.0,5.0,43.0,88.0,6.0,0.5569620253164557,-0.056060081671035565,0.0,0.0,0.0,0.0,0.0,0.0,0,9.0,0.0,0,0.03164556962025317,0.0379746835443038,K. Holcomb,0.0,0.0,0.0,38.239999999999995,2003,47.480000000000004
K.Holcomb,00-0007576,CLE,756.0,8.590909090909092,158.0,5.0,43.0,88.0,6.0,0.5569620253164557,-0.056060081671035565,0.0,0.0,0.0,0.0,0.0,0.0,0,9.0,0.0,0,0.03164556962025317,0.0379746835443038,K.Holcomb,0.0,7.0,1.75,38.94,2003,47.480000000000004
K.Kittner,00-0021271,ATL,391.0,8.886363636363637,119.0,2.0,23.0,44.0,6.0,0.3697478991596639,-0.46126901582437957,0.0,0.0,0.0,0.0,0.0,0.0,0,5.0,0.0,0,0.01680672268907563,0.05042016806722689,K.Kittner,0.0,13.0,1.625,12.940000000000001,2003,
K.Stewart,00-0015700,CHI,1332.0,11.008264462809917,261.0,7.0,65.0,121.0,10.0,0.46360153256704983,-0.2867533603679055,0.0,0.0,0.0,0.0,0.0,0.0,0,25.0,5.0,3,0.02681992337164751,0.038314176245210725,K. Stewart,0.0,2.0,2.0,55.480000000000004,2003,
K.Stewart,00-0015700,CHI,1332.0,11.008264462809917,261.0,7.0,65.0,121.0,10.0,0.46360153256704983,-0.2867533603679055,0.0,0.0,0.0,0.0,0.0,0.0,0,25.0,5.0,3,0.02681992337164751,0.038314176245210725,K.Stewart,3.0,288.0,4.9655172413793105,102.08,2003,
K.Warner,00-0017200,LA,365.0,9.605263157894736,71.0,1.0,15.0,38.0,1.0,0.5352112676056338,-0.3548848033879375,0.0,0.0,0.0,0.0,0.0,0.0,0,6.0,3.0,3,0.014084507042253521,0.014084507042253521,K.Warner,0.0,0.0,0.0,10.600000000000001,2003,101.16
M. McMahon,00-0020308,DET,36.0,9.0,12.0,0.0,2.0,4.0,1.0,0.3333333333333333,-0.5791874205169733,0.0,0.0,0.0,0.0,0.0,0.0,0,1.0,0.0,0,0.0,0.08333333333333333,M. McMahon,0.0,14.0,7.0,0.8399999999999999,2003,2.88
M. McMahon,00-0020308,DET,36.0,9.0,12.0,0.0,2.0,4.0,1.0,0.3333333333333333,-0.5791874205169733,0.0,0.0,0.0,0.0,0.0,0.0,0,1.0,0.0,0,0.0,0.08333333333333333,M.McMahon,0.0,18.0,6.0,1.24,2003,2.88
M.Brunell,00-0002110,JAX,484.0,8.962962962962964,91.0,2.0,22.0,54.0,0.0,0.5934065934065934,-0.08133773120001822,0.0,0.0,0.0,0.0,0.0,0.0,0,9.0,0.0,0,0.02197802197802198,0.0,M.Brunell,1.0,19.0,2.375,35.26,2003,67.96
M.Bulger,00-0019599,LA,3845.0,11.443452380952381,569.0,22.0,193.0,336.0,22.0,0.5905096660808435,0.05379034505499328,0.0,0.0,0.0,0.0,0.0,0.0,0,37.0,9.0,8,0.03866432337434095,0.03866432337434095,M.Bulger,4.0,75.0,2.586206896551724,213.3,2003,235.46
M.Hasselbeck,00-0007091,SEA,3844.0,12.281150159744408,555.0,26.0,187.0,313.0,15.0,0.563963963963964,0.12130309145710746,0.0,0.0,0.0,0.0,0.0,0.0,0,42.0,4.0,1,0.04684684684684685,0.02702702702702703,M.Hasselbeck,2.0,125.0,3.4722222222222223,250.26,2003,211.0
M.McMahon,00-0020308,DET,51.0,10.2,21.0,0.0,2.0,5.0,1.0,0.23809523809523808,-0.591170075870607,0.0,0.0,0.0,0.0,0.0,0.0,0,1.0,0.0,0,0.0,0.047619047619047616,M. McMahon,0.0,14.0,7.0,1.44,2003,2.88
M.McMahon,00-0020308,DET,51.0,10.2,21.0,0.0,2.0,5.0,1.0,0.23809523809523808,-0.591170075870607,0.0,0.0,0.0,0.0,0.0,0.0,0,1.0,0.0,0,0.0,0.047619047619047616,M.McMahon,0.0,18.0,6.0,1.84,2003,2.88
M.Tuiasosopo,00-0020405,LV,324.0,12.96,47.0,0.0,14.0,25.0,3.0,0.5319148936170213,-0.20595260665564227,0.0,0.0,0.0,0.0,0.0,0.0,0,2.0,1.0,0,0.0,0.06382978723404255,M.Tuiasosopo,0.0,22.0,3.6666666666666665,9.16,2003,
M.Vick,00-0020245,ATL,585.0,11.7,109.0,4.0,32.0,50.0,3.0,0.45871559633027525,-0.12221377540346655,0.0,0.0,0.0,0.0,0.0,0.0,0,9.0,1.0,1,0.03669724770642202,0.027522935779816515,M.Vick,1.0,255.0,6.375,62.9,2003,220.71999999999997
N.O'Donnell,00-0012261,TEN,232.0,12.88888888888889,27.0,2.0,13.0,18.0,1.0,0.6666666666666666,0.23308986065435983,0.0,0.0,0.0,0.0,0.0,0.0,0,0.0,0.0,0,0.07407407407407407,0.037037037037037035,N.O'Donnell,0.0,-1.0,-1.0,15.180000000000001,2003,
P.Manning,00-0010346,IND,4267.0,11.258575197889183,586.0,29.0,210.0,379.0,10.0,0.6467576791808873,0.2147149934831095,0.0,0.0,0.0,0.0,0.0,0.0,1,19.0,5.0,2,0.04948805460750853,0.017064846416382253,P.Manning,0.0,29.0,1.0740740740740742,267.58,2003,362.08
P.Ramsey,00-0021379,WAS,2169.0,12.05,371.0,14.0,99.0,180.0,9.0,0.48517520215633425,-0.06530618885638663,0.0,0.0,0.0,0.0,0.0,0.0,2,30.0,5.0,5,0.03773584905660377,0.02425876010781671,P.Ramsey,1.0,62.0,4.133333333333334,130.95999999999998,2003,84.5
Q.Carter,00-0020404,DAL,3302.0,11.308219178082192,543.0,17.0,148.0,292.0,21.0,0.5377532228360957,-0.09140933889156867,0.0,0.0,0.0,0.0,0.0,0.0,0,37.0,3.0,3,0.03130755064456722,0.03867403314917127,Q.Carter,2.0,257.0,3.7794117647058822,189.78,2003,31.92
R. Grossman,00-0022121,CHI,31.0,5.166666666666667,11.0,0.0,3.0,6.0,0.0,0.5454545454545454,-0.5295236289913624,0.0,0.0,0.0,0.0,0.0,0.0,0,1.0,0.0,0,0.0,0.0,R.Grossman,0.0,-1.0,-0.3333333333333333,1.14,2003,29.080000000000002
R. Johnson,00-0008612,LV,54.0,9.0,14.0,0.0,3.0,6.0,1.0,0.42857142857142855,-0.5265880478213408,0.0,0.0,0.0,0.0,0.0,0.0,0,1.0,0.0,0,0.0,0.07142857142857142,R. Johnson,0.0,15.0,7.5,1.6600000000000001,2003,
R. Johnson,00-0008612,LV,54.0,9.0,14.0,0.0,3.0,6.0,1.0,0.42857142857142855,-0.5265880478213408,0.0,0.0,0.0,0.0,0.0,0.0,0,1.0,0.0,0,0.0,0.07142857142857142,R.Johnson,0.0,6.0,6.0,0.7600000000000001,2003,
R. Mirer,00-0011378,LV,761.0,10.283783783783784,172.0,2.0,34.0,74.0,3.0,0.43023255813953487,-0.30469722672136795,0.0,0.0,0.0,0.0,0.0,0.0,0,17.0,2.0,1,0.011627906976744186,0.01744186046511628,R. Mirer,1.0,77.0,4.529411764705882,44.14,2003,
R. Mirer,00-0011378,LV,761.0,10.283783783783784,172.0,2.0,34.0,74.0,3.0,0.43023255813953487,-0.30469722672136795,0.0,0.0,0.0,0.0,0.0,0.0,0,17.0,2.0,1,0.011627906976744186,0.01744186046511628,R.Mirer,0.0,6.0,2.0,31.04,2003,
R.Gannon,00-0005741,LV,1270.0,10.241935483870968,241.0,6.0,53.0,124.0,4.0,0.5145228215767634,-0.10629581866147172,0.0,0.0,0.0,0.0,0.0,0.0,0,17.0,0.0,0,0.024896265560165973,0.016597510373443983,R.Gannon,0.0,18.0,3.0,68.6,2003,31.560000000000002
R.Grossman,00-0022121,CHI,406.0,12.6875,65.0,2.0,20.0,32.0,1.0,0.49230769230769234,-0.066917195424717,0.0,0.0,0.0,0.0,0.0,0.0,0,3.0,1.0,0,0.03076923076923077,0.015384615384615385,R.Grossman,0.0,-1.0,-0.3333333333333333,22.139999999999997,2003,29.080000000000002
R.Mirer,00-0011378,LV,506.0,12.047619047619047,71.0,1.0,30.0,42.0,2.0,0.5915492957746479,0.1531831176163638,0.0,0.0,0.0,0.0,0.0,0.0,0,5.0,0.0,0,0.014084507042253521,0.028169014084507043,R. Mirer,1.0,77.0,4.529411764705882,33.94,2003,
R.Mirer,00-0011378,LV,506.0,12.047619047619047,71.0,1.0,30.0,42.0,2.0,0.5915492957746479,0.1531831176163638,0.0,0.0,0.0,0.0,0.0,0.0,0,5.0,0.0,0,0.014084507042253521,0.028169014084507043,R.Mirer,0.0,6.0,2.0,20.84,2003,
R.Peete,00-0012732,CAR,19.0,4.75,13.0,0.0,0.0,4.0,0.0,0.3076923076923077,-0.9183245680894909,0.0,0.0,0.0,0.0,0.0,0.0,0,3.0,0.0,0,0.0,0.0,0,0.0,0.0,0.0,0.76,2003,
S. Beuerlein,00-0001218,DEN,291.0,11.192307692307692,54.0,2.0,14.0,26.0,5.0,0.48148148148148145,-0.4190644361512882,0.0,0.0,0.0,0.0,0.0,0.0,0,7.0,0.0,1,0.037037037037037035,0.09259259259259259,S. Beuerlein,0.0,5.0,5.0,8.14,2003,
S. Beuerlein,00-0001218,DEN,291.0,11.192307692307692,54.0,2.0,14.0,26.0,5.0,0.48148148148148145,-0.4190644361512882,0.0,0.0,0.0,0.0,0.0,0.0,0,7.0,0.0,1,0.037037037037037035,0.09259259259259259,S.Beuerlein,0.0,8.0,2.0,8.440000000000001,2003,
S.Beuerlein,00-0001218,DEN,98.0,14.0,18.0,0.0,4.0,7.0,0.0,0.3888888888888889,-0.01570239928999327,0.0,0.0,0.0,0.0,0.0,0.0,0,2.0,0.0,0,0.0,0.0,S. Beuerlein,0.0,5.0,5.0,4.42,2003,
S.Beuerlein,00-0001218,DEN,98.0,14.0,18.0,0.0,4.0,7.0,0.0,0.3888888888888889,-0.01570239928999327,0.0,0.0,0.0,0.0,0.0,0.0,0,2.0,0.0,0,0.0,0.0,S.Beuerlein,0.0,8.0,2.0,4.72,2003,
S.King,00-0009266,TB,130.0,8.666666666666666,25.0,1.0,6.0,15.0,1.0,0.6,-0.1323217294902749,0.0,0.0,0.0,0.0,0.0,0.0,0,3.0,0.0,0,0.04,0.04,S.King,0.0,20.0,5.0,9.2,2003,17.08
S.McNair,00-0011024,TEN,3246.0,12.984,422.0,24.0,164.0,250.0,7.0,0.5924170616113744,0.23738371587347418,0.0,0.0,0.0,0.0,0.0,0.0,1,20.0,6.0,5,0.05687203791469194,0.016587677725118485,S.McNair,4.0,138.0,3.72972972972973,241.64000000000001,2003,82.52
T. Collins,00-0003315,KC,74.0,8.222222222222221,12.0,0.0,3.0,9.0,0.0,0.75,0.016479923232206335,0.0,0.0,0.0,0.0,0.0,0.0,0,0.0,0.0,0,0.0,0.0,T. Collins,0.0,-7.0,-0.875,2.26,2003,
T. Couch,00-0003535,CLE,562.0,13.707317073170731,93.0,3.0,23.0,41.0,2.0,0.44086021505376344,-0.2387812696454614,0.0,0.0,0.0,0.0,0.0,0.0,0,10.0,3.0,3,0.03225806451612903,0.021505376344086023,T. Couch,0.0,24.0,8.0,26.880000000000003,2003,
T. Couch,00-0003535,CLE,562.0,13.707317073170731,93.0,3.0,23.0,41.0,2.0,0.44086021505376344,-0.2387812696454614,0.0,0.0,0.0,0.0,0.0,0.0,0,10.0,3.0,3,0.03225806451612903,0.021505376344086023,T.Couch,1.0,15.0,1.875,31.980000000000004,2003,
T. Green,00-0006355,KC,4039.0,12.23939393939394,546.0,24.0,198.0,330.0,12.0,0.6043956043956044,0.16900613199192874,0.0,0.0,0.0,0.0,0.0,0.0,0,20.0,2.0,1,0.04395604395604396,0.02197802197802198,T. Green,2.0,83.0,3.1923076923076925,251.86,2003,262.06
T. Maddox,00-0010261,PIT,2749.0,11.648305084745763,439.0,12.0,136.0,236.0,14.0,0.5375854214123007,-0.05276893780771658,0.0,0.0,0.0,0.0,0.0,0.0,0,32.0,2.0,1,0.02733485193621868,0.03189066059225513,T. Maddox,0.0,13.0,1.0833333333333333,129.26,2003,10.66
T. Maddox,00-0010261,PIT,2749.0,11.648305084745763,439.0,12.0,136.0,236.0,14.0,0.5375854214123007,-0.05276893780771658,0.0,0.0,0.0,0.0,0.0,0.0,0,32.0,2.0,1,0.02733485193621868,0.03189066059225513,T.Maddox,0.0,-1.0,-1.0,127.85999999999999,2003,10.66
T. Martin,00-0019633,LV,69.0,11.5,17.0,0.0,5.0,6.0,1.0,0.35294117647058826,-0.6802169633515677,0.0,0.0,0.0,0.0,0.0,0.0,0,1.0,1.0,1,0.0,0.058823529411764705,T. Martin,0.0,28.0,5.6,1.5599999999999996,2003,
T.Banks,00-0000722,HOU,693.0,11.360655737704919,115.0,5.0,34.0,61.0,3.0,0.5304347826086957,0.03073832508664765,0.0,0.0,0.0,0.0,0.0,0.0,0,13.0,0.0,0,0.043478260869565216,0.02608695652173913,T.Banks,0.0,27.0,4.5,44.42,2003,
T.Bouman,00-0001545,NO,81.0,11.571428571428571,15.0,1.0,4.0,7.0,0.0,0.4666666666666667,0.26074366163133395,0.0,0.0,0.0,0.0,0.0,0.0,1,1.0,0.0,0,0.06666666666666667,0.0,T.Bouman,0.0,1.0,0.25,9.34,2003,
T.Brady,00-0019596,NE,3620.0,11.419558359621451,560.0,23.0,175.0,317.0,12.0,0.5660714285714286,0.047782469715745096,0.0,0.0,0.0,0.0,0.0,0.0,0,32.0,6.0,4,0.04107142857142857,0.02142857142857143,T.Brady,1.0,63.0,1.5,217.10000000000002,2003,224.40000000000003
T.Couch,00-0003535,CLE,757.0,9.582278481012658,131.0,4.0,36.0,79.0,4.0,0.6030534351145038,-0.15706730937243563,0.0,0.0,0.0,0.0,0.0,0.0,0,9.0,0.0,0,0.030534351145038167,0.030534351145038167,T. Couch,0.0,24.0,8.0,40.68,2003,
T.Couch,00-0003535,CLE,757.0,9.582278481012658,131.0,4.0,36.0,79.0,4.0,0.6030534351145038,-0.15706730937243563,0.0,0.0,0.0,0.0,0.0,0.0,0,9.0,0.0,0,0.030534351145038167,0.030534351145038167,T.Couch,1.0,15.0,1.875,45.78,2003,
T.Hasselbeck,00-0019816,WAS,1012.0,10.652631578947368,186.0,5.0,53.0,95.0,7.0,0.510752688172043,-0.15339332147388135,0.0,0.0,0.0,0.0,0.0,0.0,0,9.0,3.0,1,0.026881720430107527,0.03763440860215054,T.Hasselbeck,0.0,41.0,2.7333333333333334,48.58,2003,
T.Maddox,00-0010261,PIT,665.0,10.725806451612904,121.0,6.0,35.0,62.0,3.0,0.512396694214876,-0.04221249241653774,0.0,0.0,0.0,0.0,0.0,0.0,0,9.0,1.0,1,0.049586776859504134,0.024793388429752067,T. Maddox,0.0,13.0,1.0833333333333333,43.9,2003,10.66
T.Maddox,00-0010261,PIT,665.0,10.725806451612904,121.0,6.0,35.0,62.0,3.0,0.512396694214876,-0.04221249241653774,0.0,0.0,0.0,0.0,0.0,0.0,0,9.0,1.0,1,0.049586776859504134,0.024793388429752067,T.Maddox,0.0,-1.0,-1.0,42.5,2003,10.66
T.Rattay,00-0019623,SF,856.0,11.726027397260275,125.0,7.0,41.0,73.0,2.0,0.584,0.16059453362566892,0.0,0.0,0.0,0.0,0.0,0.0,0,7.0,0.0,0,0.056,0.016,T.Rattay,0.0,0.0,0.0,58.24,2003,98.76
Tr.Brown,00-0019192,BUF,160.0,11.428571428571429,19.0,0.0,7.0,14.0,1.0,0.7368421052631579,0.13276042646458844,0.0,0.0,0.0,0.0,0.0,0.0,0,1.0,0.0,0,0.0,0.05263157894736842,Tr.Brown,0.0,5.0,5.0,4.9,2003,
V.Testaverde,00-0016193,NYJ,1385.0,11.260162601626016,205.0,7.0,65.0,123.0,2.0,0.6,-0.00560650707549252,0.0,0.0,0.0,0.0,0.0,0.0,0,6.0,1.0,0,0.03414634146341464,0.00975609756097561,V.Testaverde,0.0,13.0,2.1666666666666665,80.7,2003,170.92
A.Brooks,00-0001823,NO,3810.0,12.330097087378642,586.0,21.0,177.0,309.0,16.0,0.5273037542662116,0.020887414751654645,0.0,0.0,0.0,0.0,0.0,0.0,1,42.0,3.0,2,0.03583617747440273,0.027303754266211604,A.Brooks,4.0,199.0,3.491228070175439,246.3,2004,171.38
A.Feeley,00-0020305,MIA,1893.0,9.910994764397905,383.0,11.0,101.0,191.0,15.0,0.49869451697127937,-0.2209207487729614,0.0,0.0,0.0,0.0,0.0,0.0,2,23.0,5.0,4,0.028720626631853787,0.0391644908616188,A.Feeley,1.0,13.0,0.9285714285714286,93.02,2004,
B.Favre,00-0005106,GB,4086.0,11.809248554913294,555.0,30.0,202.0,346.0,17.0,0.6234234234234234,0.22473122485723607,0.0,0.0,0.0,0.0,0.0,0.0,2,12.0,3.0,1,0.05405405405405406,0.03063063063063063,B.Favre,0.0,36.0,2.25,255.04,2004,175.88
B.Griese,00-0006423,TB,2632.0,11.296137339055795,364.0,20.0,126.0,233.0,12.0,0.6401098901098901,0.12464454390225581,0.0,0.0,0.0,0.0,0.0,0.0,0,26.0,4.0,1,0.054945054945054944,0.03296703296703297,B.Griese,0.0,17.0,0.5666666666666667,160.98,2004,58.64
B.Johnson,00-0008442,TB,674.0,10.36923076923077,113.0,3.0,28.0,65.0,3.0,0.5752212389380531,-0.15876182453598967,0.0,0.0,0.0,0.0,0.0,0.0,1,8.0,2.0,1,0.02654867256637168,0.02654867256637168,0,0.0,0.0,0.0,32.96,2004,109.4
B.Leftwich,00-0022177,JAX,2941.0,11.014981273408239,470.0,15.0,140.0,267.0,10.0,0.5680851063829787,0.02437934757747068,0.0,0.0,0.0,0.0,0.0,0.0,4,25.0,5.0,1,0.031914893617021274,0.02127659574468085,B.Leftwich,2.0,148.0,3.7948717948717947,190.44,2004,147.62
B.Roethlisberger,00-0022924,PIT,2621.0,13.372448979591837,326.0,17.0,130.0,196.0,11.0,0.6012269938650306,0.1697747545247567,0.0,0.0,0.0,0.0,0.0,0.0,0,30.0,2.0,1,0.05214723926380368,0.03374233128834356,B.Roethlisberger,1.0,144.0,2.5714285714285716,169.24,2004,168.3
B.Volek,00-0019041,TEN,2485.0,11.399082568807339,387.0,18.0,120.0,218.0,10.0,0.5633074935400517,-0.014412464230759113,0.0,0.0,0.0,0.0,0.0,0.0,0,30.0,3.0,2,0.046511627906976744,0.025839793281653745,B.Volek,1.0,50.0,4.545454545454546,158.4,2004,26.96
C.Chandler,00-0002876,LA,460.0,13.142857142857142,69.0,2.0,15.0,35.0,8.0,0.5072463768115942,-0.31054915361209845,0.0,0.0,0.0,0.0,0.0,0.0,0,7.0,2.0,2,0.028985507246376812,0.11594202898550725,C.Chandler,0.0,2.0,2.0,6.599999999999999,2004,
C.Hutchinson,00-0020562,CHI,903.0,9.815217391304348,185.0,4.0,43.0,92.0,3.0,0.4972972972972973,-0.26736668951529313,0.0,0.0,0.0,0.0,0.0,0.0,0,23.0,3.0,3,0.021621621621621623,0.016216216216216217,C.Hutchinson,0.0,14.0,2.3333333333333335,41.519999999999996,2004,
C.Krenzel,00-0022818,CHI,718.0,12.169491525423728,150.0,3.0,32.0,59.0,6.0,0.3933333333333333,-0.5526612700109271,0.0,0.0,0.0,0.0,0.0,0.0,0,23.0,5.0,4,0.02,0.04,C.Krenzel,0.0,41.0,2.2777777777777777,24.82,2004,
C.Nall,00-0021277,GB,314.0,13.652173913043478,35.0,4.0,19.0,23.0,0.0,0.6571428571428571,0.5736359481566875,0.0,0.0,0.0,0.0,0.0,0.0,0,2.0,0.0,0,0.11428571428571428,0.0,C.Nall,0.0,7.0,2.3333333333333335,29.26,2004,
C.Palmer,00-0021429,CIN,2897.0,11.015209125475286,457.0,18.0,140.0,263.0,18.0,0.5754923413566739,-0.07294637836422041,0.0,0.0,0.0,0.0,0.0,0.0,0,25.0,3.0,2,0.03938730853391685,0.03938730853391685,C.Palmer,1.0,47.0,2.611111111111111,158.57999999999998,2004,265.84
C.Pennington,00-0019559,NYJ,2673.0,11.045454545454545,391.0,16.0,136.0,242.0,9.0,0.618925831202046,0.043894086035601375,0.0,0.0,0.0,0.0,0.0,0.0,0,18.0,3.0,1,0.04092071611253197,0.023017902813299233,C.Pennington,1.0,126.0,3.7058823529411766,169.52,2004,23.9
C.Pickett,00-0022731,SF,55.0,13.75,12.0,0.0,4.0,4.0,2.0,0.3333333333333333,-0.622580193691343,0.0,0.0,0.0,0.0,0.0,0.0,0,2.0,0.0,0,0.0,0.16666666666666666,C.Pickett,0.0,5.0,5.0,-1.2999999999999998,2004,5.8
C.Simms,00-0022005,TB,467.0,11.119047619047619,83.0,1.0,21.0,42.0,3.0,0.5060240963855421,-0.2634317420419265,0.0,0.0,0.0,0.0,0.0,0.0,0,10.0,2.0,2,0.012048192771084338,0.03614457831325301,C.Simms,0.0,14.0,2.0,14.08,2004,102.5
D.Bledsoe,00-0001361,BUF,2932.0,11.453125,487.0,20.0,144.0,256.0,16.0,0.5256673511293635,-0.04544135505543729,0.0,0.0,0.0,0.0,0.0,0.0,0,38.0,5.0,3,0.04106776180698152,0.03285420944558522,D.Bledsoe,0.0,52.0,2.6,164.48,2004,214.56
D.Brees,00-0020531,LAC,3159.0,12.057251908396946,417.0,27.0,141.0,262.0,7.0,0.6282973621103117,0.30056945310699773,0.0,0.0,0.0,0.0,0.0,0.0,0,17.0,2.0,0,0.06474820143884892,0.016786570743405275,D.Brees,2.0,85.0,1.6037735849056605,240.86,2004,209.94
D.Carr,00-0020608,HOU,3539.0,12.374125874125873,519.0,16.0,173.0,286.0,14.0,0.5510597302504817,0.03392425125117921,0.0,0.0,0.0,0.0,0.0,0.0,0,50.0,5.0,2,0.030828516377649325,0.02697495183044316,D.Carr,0.0,303.0,4.208333333333333,203.86,2004,160.32
D.Culpepper,00-0003739,MIN,4717.0,12.445910290237467,597.0,39.0,224.0,379.0,11.0,0.6348408710217756,0.29713945980262313,0.0,0.0,0.0,0.0,0.0,0.0,2,45.0,2.0,1,0.06532663316582915,0.018425460636515914,D.Culpepper,2.0,406.0,4.561797752808989,377.28000000000003,2004,78.66
D.Flutie,00-0005363,LAC,276.0,13.8,39.0,1.0,15.0,20.0,0.0,0.5128205128205128,0.27334385998436656,0.0,0.0,0.0,0.0,0.0,0.0,0,1.0,1.0,0,0.02564102564102564,0.0,D.Flutie,2.0,39.0,7.8,30.939999999999998,2004,-0.9400000000000001
D.Garrard,00-0021231,JAX,374.0,9.842105263157896,78.0,2.0,21.0,38.0,1.0,0.48717948717948717,-0.23488089594801345,0.0,0.0,0.0,0.0,0.0,0.0,0,6.0,2.0,0,0.02564102564102564,0.01282051282051282,D.Garrard,1.0,76.0,6.333333333333333,34.56,2004,95.18
D.Henson,00-0022181,DAL,78.0,7.8,20.0,1.0,7.0,10.0,1.0,0.5,-0.8083680624768025,0.0,0.0,0.0,0.0,0.0,0.0,0,2.0,1.0,1,0.05,0.05,D.Henson,0.0,7.0,7.0,3.8200000000000003,2004,
D.Johnson,00-0019087,TEN,68.0,11.333333333333334,13.0,0.0,2.0,6.0,0.0,0.46153846153846156,-0.34694709395699835,0.0,0.0,0.0,0.0,0.0,0.0,0,1.0,0.0,0,0.0,0.0,D.Johnson,0.0,-2.0,-1.0,2.52,2004,
D.McNabb,00-0011022,PHI,3875.0,12.916666666666666,503.0,31.0,175.0,300.0,8.0,0.5964214711729622,0.21855394636755127,0.0,0.0,0.0,0.0,0.0,0.0,0,31.0,6.0,4,0.061630218687872766,0.015904572564612324,D.McNabb,3.0,221.0,5.261904761904762,295.1,2004,155.78
D.Pederson,00-0012726,GB,120.0,10.909090909090908,23.0,0.0,5.0,11.0,2.0,0.4782608695652174,-0.3520974262248037,0.0,0.0,0.0,0.0,0.0,0.0,0,0.0,0.0,0,0.0,0.08695652173913043,D.Pederson,0.0,15.0,7.5,2.3,2004,
E.Manning,00-0022803,NYG,1043.0,10.978947368421053,211.0,6.0,50.0,95.0,9.0,0.45023696682464454,-0.165404121790739,0.0,0.0,0.0,0.0,0.0,0.0,0,13.0,0.0,1,0.02843601895734597,0.04265402843601896,E.Manning,0.0,35.0,5.833333333333333,49.22,2004,224.48
J.Blake,00-0001335,PHI,126.0,7.0,38.0,1.0,7.0,18.0,1.0,0.47368421052631576,-0.4906904165369554,0.0,0.0,0.0,0.0,0.0,0.0,0,2.0,1.0,1,0.02631578947368421,0.02631578947368421,J.Blake,0.0,6.0,2.0,5.639999999999999,2004,
J.Delhomme,00-0004161,CAR,3886.0,12.535483870967742,568.0,29.0,192.0,310.0,15.0,0.545774647887324,0.11466794634778625,0.0,0.0,0.0,0.0,0.0,0.0,2,33.0,5.0,4,0.051056338028169015,0.02640845070422535,J.Delhomme,1.0,71.0,2.84,250.54,2004,197.94
J.Fiedler,00-0005180,MIA,1186.0,11.742574257425742,215.0,7.0,54.0,101.0,8.0,0.4697674418604651,-0.21563509683335297,0.0,0.0,0.0,0.0,0.0,0.0,0,25.0,4.0,3,0.03255813953488372,0.037209302325581395,J.Fiedler,0.0,59.0,4.916666666666667,59.339999999999996,2004,8.280000000000001
J.Garcia,00-0005755,CLE,1731.0,12.020833333333334,277.0,10.0,71.0,144.0,9.0,0.51985559566787,-0.10557159533884267,0.0,0.0,0.0,0.0,0.0,0.0,0,25.0,5.0,4,0.036101083032490974,0.032490974729241874,J.Garcia,2.0,169.0,4.970588235294118,112.13999999999999,2004,48.58
J.Harrington,00-0021141,DET,3047.0,11.120437956204379,527.0,19.0,138.0,274.0,12.0,0.5199240986717267,-0.11854856630717817,0.0,0.0,0.0,0.0,0.0,0.0,1,35.0,4.0,3,0.036053130929791274,0.022770398481973434,J.Harrington,0.0,175.0,3.5714285714285716,187.38,2004,104.84
J.Kitna,00-0009311,CIN,623.0,10.21311475409836,111.0,5.0,32.0,61.0,4.0,0.5495495495495496,0.02906672762983899,0.0,0.0,0.0,0.0,0.0,0.0,0,6.0,0.0,0,0.04504504504504504,0.036036036036036036,J.Kitna,0.0,42.0,4.2,41.120000000000005,2004,1.3599999999999999
J.Martin,00-0010455,LA,188.0,11.75,33.0,0.0,8.0,16.0,0.0,0.48484848484848486,-0.07844533574781512,0.0,0.0,0.0,0.0,0.0,0.0,0,2.0,1.0,0,0.0,0.0,0,0.0,0.0,0.0,7.52,2004,57.68
J.McCown,00-0021206,ARI,2511.0,10.776824034334764,440.0,11.0,122.0,233.0,10.0,0.5295454545454545,-0.11038970014123421,0.0,0.0,0.0,0.0,0.0,0.0,0,31.0,5.0,4,0.025,0.022727272727272728,J.McCown,2.0,112.0,3.111111111111111,139.64,2004,97.18
J.Navarre,00-0022827,ARI,168.0,9.333333333333334,42.0,1.0,6.0,18.0,4.0,0.42857142857142855,-0.4765000590610787,0.0,0.0,0.0,0.0,0.0,0.0,0,1.0,0.0,0,0.023809523809523808,0.09523809523809523,0,0.0,0.0,0.0,2.719999999999999,2004,8.96
J.Plummer,00-0013042,DEN,4089.0,13.495049504950495,539.0,27.0,184.0,303.0,20.0,0.562152133580705,0.10080177478929345,0.0,0.0,0.0,0.0,0.0,0.0,0,17.0,2.0,0,0.05009276437847866,0.03710575139146568,J.Plummer,1.0,215.0,3.5833333333333335,259.06,2004,220.23999999999998
J.Quinn,00-0013338,CHI,413.0,8.098039215686274,113.0,1.0,18.0,51.0,3.0,0.45132743362831856,-0.3931839066666478,0.0,0.0,0.0,0.0,0.0,0.0,0,15.0,0.0,0,0.008849557522123894,0.02654867256637168,J.Quinn,0.0,35.0,11.666666666666666,18.02,2004,
J.Sorgi,00-0022744,IND,175.0,10.294117647058824,30.0,2.0,6.0,17.0,0.0,0.5666666666666667,0.015059048139810176,0.0,0.0,0.0,0.0,0.0,0.0,0,1.0,0.0,0,0.06666666666666667,0.0,J.Sorgi,0.0,-5.0,-0.625,14.5,2004,25.860000000000003
K.Boller,00-0022164,BAL,2559.0,9.918604651162791,501.0,13.0,135.0,258.0,11.0,0.5149700598802395,-0.16535267723540592,0.0,0.0,0.0,0.0,0.0,0.0,1,35.0,7.0,5,0.02594810379241517,0.021956087824351298,K.Boller,1.0,189.0,3.5660377358490565,149.26000000000002,2004,102.55999999999999
K.Collins,00-0003292,LV,3495.0,12.093425605536332,539.0,21.0,153.0,289.0,20.0,0.536178107606679,-0.04088933418712984,0.0,0.0,0.0,0.0,0.0,0.0,0,24.0,6.0,2,0.03896103896103896,0.03710575139146568,K.Collins,0.0,35.0,2.0588235294117645,183.3,2004,210.16000000000003
K.Detmer,00-0004229,PHI,207.0,11.5,42.0,0.0,6.0,18.0,2.0,0.42857142857142855,-0.4471139247886787,0.0,0.0,0.0,0.0,0.0,0.0,0,2.0,1.0,1,0.0,0.047619047619047616,K.Detmer,0.0,-7.0,-0.7,1.5799999999999994,2004,-0.38000000000000045
K.Dorsey,00-0022039,SF,1231.0,10.008130081300813,239.0,6.0,60.0,123.0,9.0,0.5146443514644351,-0.2423408538761699,0.0,0.0,0.0,0.0,0.0,0.0,0,13.0,4.0,3,0.02510460251046025,0.03765690376569038,K.Dorsey,0.0,7.0,1.4,49.94000000000001,2004,24.34
K.Holcomb,00-0007576,CLE,737.0,12.491525423728813,92.0,7.0,35.0,59.0,5.0,0.6413043478260869,0.09611658790974997,0.0,0.0,0.0,0.0,0.0,0.0,0,5.0,0.0,0,0.07608695652173914,0.05434782608695652,0,0.0,0.0,0.0,47.480000000000004,2004,85.46
K.Warner,00-0017200,NYG,2054.0,11.804597701149426,316.0,6.0,93.0,174.0,4.0,0.5506329113924051,0.0032129413664438227,0.0,0.0,0.0,0.0,0.0,0.0,0,39.0,5.0,3,0.0189873417721519,0.012658227848101266,K.Warner,1.0,30.0,2.3076923076923075,101.16,2004,129.32
L.McCown,00-0022864,CLE,608.0,12.666666666666666,112.0,4.0,19.0,48.0,7.0,0.42857142857142855,-0.41969974661291326,0.0,0.0,0.0,0.0,0.0,0.0,1,13.0,2.0,0,0.03571428571428571,0.0625,L.McCown,0.0,25.0,5.0,30.82,2004,
M.Brunell,00-0002110,WAS,1194.0,10.11864406779661,253.0,7.0,66.0,118.0,6.0,0.466403162055336,-0.24552792755869413,0.0,0.0,0.0,0.0,0.0,0.0,1,15.0,3.0,2,0.02766798418972332,0.023715415019762844,M.Brunell,0.0,62.0,3.263157894736842,67.96,2004,197.1
M.Bulger,00-0019599,LA,3964.0,12.348909657320872,527.0,21.0,180.0,321.0,14.0,0.6091081593927894,0.08216951055616734,0.0,0.0,0.0,0.0,0.0,0.0,1,41.0,10.0,4,0.03984819734345351,0.026565464895635674,M.Bulger,3.0,89.0,4.684210526315789,235.46,2004,130.78
M.Hasselbeck,00-0007091,SEA,3390.0,12.150537634408602,506.0,22.0,177.0,279.0,15.0,0.5513833992094862,0.08980157118420395,0.0,0.0,0.0,0.0,0.0,0.0,2,29.0,5.0,1,0.043478260869565216,0.029644268774703556,M.Hasselbeck,1.0,94.0,3.357142857142857,211.0,2004,230.6
M.McMahon,00-0020308,DET,77.0,7.0,16.0,0.0,4.0,11.0,1.0,0.6875,-0.5391136146390636,0.0,0.0,0.0,0.0,0.0,0.0,0,1.0,1.0,0,0.0,0.0625,M.McMahon,0.0,18.0,9.0,2.88,2004,78.82
M.Schaub,00-0022787,ATL,329.0,9.969696969696969,74.0,1.0,15.0,33.0,4.0,0.44594594594594594,-0.2526978941158923,0.0,0.0,0.0,0.0,0.0,0.0,0,4.0,1.0,0,0.013513513513513514,0.05405405405405406,M.Schaub,0.0,26.0,3.25,11.76,2004,47.4
M.Vick,00-0020245,ATL,2313.0,12.779005524861878,366.0,14.0,103.0,181.0,12.0,0.49453551912568305,-0.20231545133507137,0.0,0.0,0.0,0.0,0.0,0.0,0,45.0,7.0,6,0.03825136612021858,0.03278688524590164,M.Vick,3.0,902.0,7.454545454545454,220.71999999999997,2004,219.48000000000002
P.Manning,00-0010346,IND,4557.0,13.5625,510.0,49.0,232.0,336.0,10.0,0.6588235294117647,0.4097031610570222,0.0,0.0,0.0,0.0,0.0,0.0,0,13.0,3.0,0,0.09607843137254903,0.0196078431372549,P.Manning,0.0,38.0,1.52,362.08,2004,242.38
P.Ramsey,00-0021379,WAS,1665.0,9.85207100591716,294.0,10.0,89.0,169.0,11.0,0.5748299319727891,-0.01815536068527943,0.0,0.0,0.0,0.0,0.0,0.0,0,22.0,1.0,1,0.034013605442176874,0.03741496598639456,P.Ramsey,0.0,19.0,1.9,84.5,2004,11.46
Q.Carter,00-0020404,NYJ,498.0,14.228571428571428,70.0,3.0,25.0,35.0,1.0,0.5,0.06020675798296877,0.0,0.0,0.0,0.0,0.0,0.0,0,12.0,0.0,0,0.04285714285714286,0.014285714285714285,Q.Carter,0.0,20.0,1.6666666666666667,31.92,2004,
R.Gannon,00-0005741,LV,524.0,12.78048780487805,74.0,3.0,23.0,41.0,2.0,0.5540540540540541,0.14167401012304376,0.0,0.0,0.0,0.0,0.0,0.0,1,5.0,1.0,1,0.04054054054054054,0.02702702702702703,R.Gannon,0.0,26.0,5.2,31.560000000000002,2004,
R.Grossman,00-0022121,CHI,607.0,12.914893617021276,90.0,1.0,28.0,47.0,3.0,0.5222222222222223,-0.016731461408288538,0.0,0.0,0.0,0.0,0.0,0.0,0,5.0,3.0,2,0.011111111111111112,0.03333333333333333,R.Grossman,1.0,48.0,4.363636363636363,29.080000000000002,2004,8.36
S.King,00-0009266,ARI,502.0,10.680851063829786,90.0,1.0,23.0,47.0,4.0,0.5222222222222223,-0.12496686879692841,0.0,0.0,0.0,0.0,0.0,0.0,0,6.0,1.0,1,0.011111111111111112,0.044444444444444446,S.King,0.0,30.0,3.3333333333333335,17.08,2004,
S.McNair,00-0011024,TEN,1343.0,10.410852713178295,229.0,8.0,76.0,129.0,9.0,0.5633187772925764,0.016125302319696177,0.0,0.0,0.0,0.0,0.0,0.0,0,13.0,2.0,2,0.034934497816593885,0.039301310043668124,S.McNair,1.0,128.0,5.565217391304348,82.52,2004,180.34
S.Rosenfels,00-0020480,MIA,264.0,16.5,42.0,1.0,9.0,16.0,3.0,0.38095238095238093,-0.3104872227918627,0.0,0.0,0.0,0.0,0.0,0.0,0,3.0,0.0,0,0.023809523809523808,0.07142857142857142,0,0.0,0.0,0.0,8.56,2004,29.980000000000004
T.Brady,00-0019596,NE,3690.0,12.8125,500.0,28.0,188.0,288.0,14.0,0.576,0.2185826835497867,0.0,0.0,0.0,0.0,0.0,0.0,0,26.0,6.0,5,0.056,0.028,T.Brady,0.0,28.0,0.6511627906976745,224.40000000000003,2004,249.29999999999998
T.Dilfer,00-0004293,SEA,333.0,13.32,62.0,1.0,12.0,25.0,3.0,0.4032258064516129,-0.20733454044820712,0.0,0.0,0.0,0.0,0.0,0.0,0,4.0,0.0,0,0.016129032258064516,0.04838709677419355,T.Dilfer,0.0,14.0,1.4,12.72,2004,109.44
T.Green,00-0006355,KC,4589.0,12.436314363143632,590.0,27.0,227.0,369.0,17.0,0.6254237288135593,0.23334342539644715,0.0,0.0,0.0,0.0,0.0,0.0,1,32.0,5.0,3,0.04576271186440678,0.0288135593220339,T.Green,0.0,85.0,3.4,262.06,2004,210.76
T.Maddox,00-0010261,PIT,329.0,10.966666666666667,66.0,1.0,15.0,30.0,2.0,0.45454545454545453,-0.4042186360303689,0.0,0.0,0.0,0.0,0.0,0.0,0,6.0,3.0,2,0.015151515151515152,0.030303030303030304,T.Maddox,0.0,15.0,1.6666666666666667,10.66,2004,16.84
T.Rattay,00-0019623,SF,2169.0,10.954545454545455,367.0,10.0,108.0,198.0,10.0,0.5395095367847411,-0.08488686501864412,0.0,0.0,0.0,0.0,0.0,0.0,2,37.0,7.0,6,0.027247956403269755,0.027247956403269755,0,0.0,0.0,0.0,98.76,2004,32.48
V.Testaverde,00-0016193,DAL,3518.0,11.885135135135135,530.0,17.0,163.0,296.0,20.0,0.5584905660377358,-0.01111782997938778,0.0,0.0,0.0,0.0,0.0,0.0,1,35.0,9.0,5,0.03207547169811321,0.03773584905660377,V.Testaverde,1.0,42.0,2.1,170.92,2004,17.08
A.Brooks,00-0001823,NO,2882.0,12.008333333333333,465.0,13.0,145.0,240.0,17.0,0.5161290322580645,-0.05416158270145049,0.0,0.0,0.0,0.0,0.0,0.0,0,33.0,5.0,1,0.02795698924731183,0.03655913978494624,A.Brooks,2.0,281.0,6.2444444444444445,171.38,2005,50.6
A.Rodgers,00-0023459,GB,65.0,7.222222222222222,19.0,0.0,3.0,9.0,1.0,0.47368421052631576,-0.8588393648479771,0.0,0.0,0.0,0.0,0.0,0.0,0,3.0,2.0,2,0.0,0.05263157894736842,A.Rodgers,0.0,7.0,3.5,-2.7,2005,0.9400000000000002
A.Smith,00-0023436,SF,875.0,10.416666666666666,194.0,1.0,37.0,84.0,11.0,0.4329896907216495,-0.45727842277319913,0.0,0.0,0.0,0.0,0.0,0.0,0,29.0,3.0,2,0.005154639175257732,0.05670103092783505,0,0.0,0.0,0.0,13.0,2005,171.14000000000001
A.Wright,00-0018272,BAL,1582.0,9.646341463414634,285.0,6.0,77.0,164.0,9.0,0.5754385964912281,-0.12418220348414089,0.0,0.0,0.0,0.0,0.0,0.0,0,19.0,4.0,1,0.021052631578947368,0.031578947368421054,A.Wright,0.0,68.0,3.7777777777777777,74.08,2005,
B.Bollinger,00-0022026,NYJ,1558.0,10.386666666666667,300.0,7.0,76.0,150.0,6.0,0.5,-0.1954087604313389,0.0,0.0,0.0,0.0,0.0,0.0,0,33.0,3.0,1,0.023333333333333334,0.02,B.Bollinger,0.0,138.0,4.0588235294117645,90.11999999999999,2005,3.84
B.Favre,00-0005106,GB,3892.0,10.4343163538874,635.0,20.0,202.0,373.0,29.0,0.5874015748031496,-0.009115575289095896,0.0,0.0,0.0,0.0,0.0,0.0,2,24.0,7.0,6,0.031496062992125984,0.04566929133858268,B.Favre,0.0,62.0,3.4444444444444446,175.88,2005,192.20000000000002
B.Griese,00-0006423,TB,1136.0,10.142857142857142,186.0,7.0,54.0,112.0,7.0,0.6021505376344086,-0.04627315594519147,0.0,0.0,0.0,0.0,0.0,0.0,0,12.0,1.0,1,0.03763440860215054,0.03763440860215054,B.Griese,0.0,12.0,0.9230769230769231,58.64,2005,8.3
B.Johnson,00-0008442,MIN,1885.0,10.300546448087431,316.0,12.0,92.0,183.0,4.0,0.5791139240506329,0.0062586449622923325,0.0,0.0,0.0,0.0,0.0,0.0,0,23.0,3.0,3,0.0379746835443038,0.012658227848101266,0,0.0,0.0,0.0,109.4,2005,124.2
B.Leftwich,00-0022177,JAX,2123.0,12.131428571428572,325.0,15.0,101.0,175.0,5.0,0.5384615384615384,0.051497153597641857,0.0,0.0,0.0,0.0,0.0,0.0,0,23.0,6.0,3,0.046153846153846156,0.015384615384615385,B.Leftwich,2.0,67.0,2.161290322580645,147.62,2005,80.41999999999999
B.Roethlisberger,00-0022924,PIT,2385.0,14.196428571428571,291.0,17.0,111.0,168.0,9.0,0.5773195876288659,0.2337900606105098,0.0,0.0,0.0,0.0,0.0,0.0,0,23.0,2.0,1,0.058419243986254296,0.030927835051546393,B.Roethlisberger,3.0,69.0,2.225806451612903,168.3,2005,186.92000000000002
B.Volek,00-0019041,TEN,474.0,9.48,97.0,4.0,21.0,50.0,2.0,0.5154639175257731,-0.31471606824780285,0.0,0.0,0.0,0.0,0.0,0.0,0,9.0,2.0,2,0.041237113402061855,0.020618556701030927,0,0.0,0.0,0.0,26.96,2005,
C.Batch,00-0000865,PIT,246.0,10.695652173913043,37.0,1.0,12.0,23.0,1.0,0.6216216216216216,0.08772102589684398,0.0,0.0,0.0,0.0,0.0,0.0,0,1.0,0.0,0,0.02702702702702703,0.02702702702702703,C.Batch,1.0,30.0,2.727272727272727,20.84,2005,40.28
C.Frye,00-0023502,CLE,1002.0,10.224489795918368,187.0,4.0,48.0,98.0,6.0,0.5240641711229946,-0.19108526311562093,0.0,0.0,0.0,0.0,0.0,0.0,0,22.0,2.0,2,0.0213903743315508,0.03208556149732621,C.Frye,1.0,53.0,3.1176470588235294,51.379999999999995,2005,133.45999999999998
C.Palmer,00-0021429,CIN,3836.0,11.118840579710145,530.0,32.0,197.0,345.0,12.0,0.6509433962264151,0.1964491704262058,0.0,0.0,0.0,0.0,0.0,0.0,1,20.0,6.0,2,0.06037735849056604,0.022641509433962263,C.Palmer,1.0,44.0,1.3333333333333333,265.84,2005,236.94
C.Pennington,00-0019559,NYJ,530.0,10.816326530612244,92.0,2.0,30.0,49.0,3.0,0.532608695652174,-0.08750101475202943,0.0,0.0,0.0,0.0,0.0,0.0,0,9.0,1.0,1,0.021739130434782608,0.03260869565217391,C.Pennington,0.0,27.0,4.5,23.9,2005,173.18
C.Pickett,00-0022731,SF,140.0,10.0,38.0,0.0,4.0,14.0,2.0,0.3684210526315789,-0.4640188428559851,0.0,0.0,0.0,0.0,0.0,0.0,0,3.0,0.0,0,0.0,0.05263157894736842,C.Pickett,0.0,42.0,3.230769230769231,5.8,2005,
C.Simms,00-0022005,TB,2035.0,10.654450261780104,341.0,10.0,107.0,191.0,7.0,0.5601173020527859,-0.07557560910886685,0.0,0.0,0.0,0.0,0.0,0.0,0,28.0,4.0,4,0.02932551319648094,0.020527859237536656,C.Simms,0.0,31.0,1.55,102.5,2005,20.099999999999998
C.Weinke,00-0020434,CAR,64.0,9.142857142857142,13.0,1.0,4.0,7.0,0.0,0.5384615384615384,0.2831561196355007,0.0,0.0,0.0,0.0,0.0,0.0,0,0.0,0.0,0,0.07692307692307693,0.0,C.Weinke,0.0,-5.0,-0.625,6.0600000000000005,2005,26.6
D.Bledsoe,00-0001361,DAL,3639.0,12.13,550.0,23.0,177.0,300.0,17.0,0.5454545454545454,0.054117347583574484,0.0,0.0,0.0,0.0,0.0,0.0,1,49.0,7.0,4,0.04181818181818182,0.03090909090909091,D.Bledsoe,2.0,50.0,1.4705882352941178,214.56,2005,71.36
D.Brees,00-0020531,LAC,3576.0,11.071207430340557,527.0,24.0,182.0,323.0,15.0,0.6129032258064516,0.10027714692537458,0.0,0.0,0.0,0.0,0.0,0.0,0,27.0,8.0,5,0.04554079696394687,0.028462998102466792,D.Brees,1.0,49.0,2.3333333333333335,209.94,2005,262.16
D.Carr,00-0020608,HOU,2488.0,9.71875,493.0,14.0,135.0,256.0,11.0,0.5192697768762677,-0.1375324120409276,0.0,0.0,0.0,0.0,0.0,0.0,1,68.0,6.0,6,0.028397565922920892,0.02231237322515213,D.Carr,1.0,308.0,5.5,160.32,2005,153.9
D.Culpepper,00-0003739,MIN,1564.0,11.251798561151078,248.0,6.0,77.0,139.0,12.0,0.5604838709677419,-0.13523094040267353,0.0,0.0,0.0,0.0,0.0,0.0,1,31.0,3.0,3,0.024193548387096774,0.04838709677419355,D.Culpepper,1.0,141.0,5.875,78.66,2005,47.16
D.Flutie,00-0005363,NE,29.0,5.8,11.0,0.0,3.0,5.0,0.0,0.45454545454545453,-0.2489725306143307,0.0,0.0,0.0,0.0,0.0,0.0,0,1.0,1.0,1,0.0,0.0,D.Flutie,0.0,-1.0,-0.2,-0.9400000000000001,2005,
D.Garrard,00-0021231,JAX,1117.0,11.39795918367347,178.0,4.0,63.0,98.0,1.0,0.550561797752809,0.060674360467594904,0.0,0.0,0.0,0.0,0.0,0.0,0,10.0,2.0,0,0.02247191011235955,0.0056179775280898875,D.Garrard,3.0,185.0,6.379310344827586,95.18,2005,114.4
D.McNabb,00-0011022,PHI,2507.0,11.881516587677725,377.0,16.0,116.0,211.0,9.0,0.5596816976127321,0.03256817412052655,0.0,0.0,0.0,0.0,0.0,0.0,1,19.0,3.0,2,0.042440318302387266,0.023872679045092837,D.McNabb,1.0,55.0,2.2,155.78,2005,197.68
D.Orlovsky,00-0023578,DET,63.0,9.0,18.0,0.0,5.0,7.0,0.0,0.3888888888888889,-0.230420605680492,0.0,0.0,0.0,0.0,0.0,0.0,0,1.0,1.0,1,0.0,0.0,0,0.0,0.0,0.0,0.52,2005,
E.Manning,00-0022803,NYG,3762.0,12.795918367346939,586.0,24.0,172.0,294.0,17.0,0.5017064846416383,0.05875744777545719,0.0,0.0,0.0,0.0,0.0,0.0,1,27.0,4.0,2,0.040955631399317405,0.02901023890784983,E.Manning,1.0,80.0,2.6666666666666665,224.48,2005,187.85999999999999
G.Frerotte,00-0005589,MIA,2996.0,11.657587548638132,521.0,18.0,142.0,257.0,13.0,0.4932821497120921,-0.05104673982473774,0.0,0.0,0.0,0.0,0.0,0.0,0,26.0,8.0,4,0.0345489443378119,0.02495201535508637,G.Frerotte,0.0,61.0,2.259259259259259,163.94,2005,
J.Delhomme,00-0004161,CAR,3421.0,13.057251908396946,463.0,24.0,153.0,262.0,16.0,0.5658747300215983,0.08056997860820134,0.0,0.0,0.0,0.0,0.0,0.0,0,27.0,8.0,6,0.05183585313174946,0.03455723542116631,J.Delhomme,1.0,31.0,1.2916666666666667,197.94,2005,151.39999999999998
J.Fiedler,00-0005180,NYJ,107.0,13.375,13.0,1.0,5.0,8.0,0.0,0.6153846153846154,0.549051820703495,0.0,0.0,0.0,0.0,0.0,0.0,0,0.0,0.0,0,0.07692307692307693,0.0,J.Fiedler,0.0,0.0,0.0,8.280000000000001,2005,
J.Garcia,00-0005755,DET,937.0,9.186274509803921,179.0,3.0,45.0,102.0,6.0,0.5698324022346368,-0.13385472578187782,0.0,0.0,0.0,0.0,0.0,0.0,0,6.0,1.0,0,0.01675977653631285,0.0335195530726257,J.Garcia,1.0,51.0,3.0,48.58,2005,95.06
J.Harrington,00-0021141,DET,2021.0,10.693121693121693,354.0,12.0,101.0,189.0,12.0,0.5338983050847458,-0.14305025886579453,0.0,0.0,0.0,0.0,0.0,0.0,0,23.0,8.0,4,0.03389830508474576,0.03389830508474576,J.Harrington,0.0,80.0,3.2,104.84,2005,113.14
J.Kitna,00-0009311,CIN,99.0,5.823529411764706,31.0,0.0,6.0,17.0,2.0,0.5483870967741935,-0.41283343260974675,0.0,0.0,0.0,0.0,0.0,0.0,0,2.0,0.0,0,0.0,0.06451612903225806,J.Kitna,0.0,14.0,7.0,1.3599999999999999,2005,219.92
J.Losman,00-0022912,BUF,1340.0,11.75438596491228,254.0,8.0,55.0,114.0,8.0,0.44881889763779526,-0.1884398461064303,0.0,0.0,0.0,0.0,0.0,0.0,0,25.0,2.0,3,0.031496062992125984,0.031496062992125984,J.Losman,0.0,152.0,4.75,78.8,2005,174.0
J.Martin,00-0010455,LA,1277.0,10.298387096774194,189.0,5.0,60.0,124.0,7.0,0.656084656084656,-0.024587930625600354,0.0,0.0,0.0,0.0,0.0,0.0,1,11.0,2.0,1,0.026455026455026454,0.037037037037037035,J.Martin,0.0,6.0,0.6666666666666666,57.68,2005,8.32
J.McCown,00-0021206,ARI,1832.0,11.239263803680982,289.0,9.0,84.0,163.0,11.0,0.5640138408304498,-0.045849925344556175,0.0,0.0,0.0,0.0,0.0,0.0,0,18.0,3.0,2,0.031141868512110725,0.03806228373702422,J.McCown,0.0,139.0,4.793103448275862,97.18,2005,
J.Navarre,00-0022827,ARI,174.0,12.428571428571429,28.0,1.0,6.0,14.0,1.0,0.5,-0.3951950505670861,0.0,0.0,0.0,0.0,0.0,0.0,0,4.0,1.0,0,0.03571428571428571,0.03571428571428571,0,0.0,0.0,0.0,8.96,2005,
J.Plummer,00-0013042,DEN,3366.0,12.151624548736462,480.0,18.0,162.0,277.0,7.0,0.5770833333333333,0.11114068618198607,0.0,0.0,0.0,0.0,0.0,0.0,1,23.0,5.0,1,0.0375,0.014583333333333334,J.Plummer,2.0,156.0,3.466666666666667,220.23999999999998,2005,108.96000000000001
J.Sorgi,00-0022744,IND,444.0,10.325581395348838,65.0,3.0,20.0,43.0,1.0,0.6615384615384615,0.06338506566457797,0.0,0.0,0.0,0.0,0.0,0.0,0,3.0,1.0,1,0.046153846153846156,0.015384615384615385,J.Sorgi,0.0,1.0,0.08333333333333333,25.860000000000003,2005,
K. Orton,00-0023541,CHI,683.0,10.044117647058824,155.0,2.0,30.0,68.0,4.0,0.43870967741935485,-0.32886325549223283,0.0,0.0,0.0,0.0,0.0,0.0,0,12.0,0.0,0,0.012903225806451613,0.025806451612903226,K. Orton,0.0,22.0,1.6923076923076923,29.52,2005,
K. Orton,00-0023541,CHI,683.0,10.044117647058824,155.0,2.0,30.0,68.0,4.0,0.43870967741935485,-0.32886325549223283,0.0,0.0,0.0,0.0,0.0,0.0,0,12.0,0.0,0,0.012903225806451613,0.025806451612903226,K.Orton,0.0,22.0,2.0,29.52,2005,
K.Boller,00-0022164,BAL,1799.0,10.52046783625731,317.0,11.0,86.0,171.0,12.0,0.5394321766561514,-0.05023750585578173,0.0,0.0,0.0,0.0,0.0,0.0,0,23.0,2.0,1,0.03470031545741325,0.03785488958990536,K.Boller,1.0,66.0,2.869565217391304,102.55999999999999,2005,38.8
K.Collins,00-0003292,LV,3759.0,12.447019867549669,605.0,20.0,181.0,302.0,13.0,0.4991735537190083,0.017776311482639973,0.0,0.0,0.0,0.0,0.0,0.0,0,37.0,2.0,2,0.03305785123966942,0.021487603305785124,K.Collins,1.0,38.0,2.111111111111111,210.16000000000003,2005,15.96
K.Detmer,00-0004229,PHI,238.0,7.4375,60.0,0.0,10.0,32.0,3.0,0.5333333333333333,-0.47880307642505127,0.0,0.0,0.0,0.0,0.0,0.0,0,3.0,2.0,2,0.0,0.05,K.Detmer,0.0,1.0,1.0,-0.38000000000000045,2005,
K.Dorsey,00-0022039,SF,481.0,10.020833333333334,98.0,2.0,22.0,48.0,2.0,0.4897959183673469,-0.1362244257293262,0.0,0.0,0.0,0.0,0.0,0.0,1,6.0,1.0,1,0.02040816326530612,0.02040816326530612,K.Dorsey,0.0,11.0,2.75,24.34,2005,
K.Holcomb,00-0007576,BUF,1509.0,9.735483870967743,247.0,10.0,74.0,155.0,8.0,0.6275303643724697,0.022773379752177927,0.0,0.0,0.0,0.0,0.0,0.0,0,17.0,3.0,3,0.04048582995951417,0.032388663967611336,K.Holcomb,1.0,11.0,0.6111111111111112,85.46,2005,
K.Orton,00-0023541,CHI,1186.0,9.721311475409836,243.0,7.0,62.0,122.0,9.0,0.5020576131687243,-0.21499532177501202,0.0,0.0,0.0,0.0,0.0,0.0,0,18.0,5.0,3,0.02880658436213992,0.037037037037037035,K. Orton,0.0,22.0,1.6923076923076923,53.64,2005,
K.Orton,00-0023541,CHI,1186.0,9.721311475409836,243.0,7.0,62.0,122.0,9.0,0.5020576131687243,-0.21499532177501202,0.0,0.0,0.0,0.0,0.0,0.0,0,18.0,5.0,3,0.02880658436213992,0.037037037037037035,K.Orton,0.0,22.0,2.0,53.64,2005,
K.Warner,00-0017200,ARI,2713.0,11.210743801652892,400.0,11.0,134.0,242.0,9.0,0.605,0.07730487632382921,0.0,0.0,0.0,0.0,0.0,0.0,1,23.0,5.0,5,0.0275,0.0225,K.Warner,0.0,28.0,2.1538461538461537,129.32,2005,65.38
M.Brunell,00-0002110,WAS,3050.0,11.641221374045802,483.0,23.0,154.0,262.0,10.0,0.5424430641821946,0.052352309067486225,0.0,0.0,0.0,0.0,0.0,0.0,1,27.0,6.0,5,0.047619047619047616,0.020703933747412008,M.Brunell,0.0,111.0,2.642857142857143,197.1,2005,102.96000000000001
M.Bulger,00-0019599,LA,2297.0,11.963541666666666,313.0,14.0,109.0,192.0,9.0,0.6134185303514377,0.13450743603444595,0.0,0.0,0.0,0.0,0.0,0.0,0,26.0,3.0,1,0.04472843450479233,0.02875399361022364,M.Bulger,0.0,29.0,3.2222222222222223,130.78,2005,254.43999999999997
M.Cassel,00-0023662,NE,183.0,14.076923076923077,26.0,2.0,8.0,13.0,1.0,0.5,-0.046236974167584086,0.0,0.0,0.0,0.0,0.0,0.0,0,1.0,0.0,1,0.07692307692307693,0.038461538461538464,M.Cassel,0.0,13.0,2.1666666666666665,12.620000000000001,2005,-0.31999999999999995
M.Hasselbeck,00-0007091,SEA,3455.0,11.751700680272108,473.0,24.0,182.0,294.0,10.0,0.6215644820295984,0.19581455244281867,0.0,0.0,0.0,0.0,0.0,0.0,0,23.0,3.0,1,0.0507399577167019,0.021141649048625793,M.Hasselbeck,1.0,124.0,3.4444444444444446,230.6,2005,148.68
M.Mauck,00-0022768,TEN,136.0,9.066666666666666,28.0,0.0,5.0,15.0,1.0,0.5357142857142857,-0.3946292308911716,0.0,0.0,0.0,0.0,0.0,0.0,0,1.0,0.0,0,0.0,0.03571428571428571,0,0.0,0.0,0.0,3.4400000000000004,2005,
M.McMahon,00-0020308,PHI,1158.0,12.319148936170214,228.0,5.0,56.0,94.0,8.0,0.41228070175438597,-0.26892296756414613,0.0,0.0,0.0,0.0,0.0,0.0,0,21.0,3.0,1,0.021929824561403508,0.03508771929824561,M.McMahon,3.0,125.0,3.90625,78.82,2005,
M.Schaub,00-0022787,ATL,495.0,15.0,73.0,4.0,23.0,33.0,0.0,0.4520547945205479,0.0078291718076546,0.0,0.0,0.0,0.0,0.0,0.0,3,6.0,1.0,1,0.0547945205479452,0.0,M.Schaub,0.0,76.0,8.444444444444445,47.4,2005,10.42
M.Tuiasosopo,00-0020405,LV,124.0,8.857142857142858,32.0,1.0,8.0,14.0,2.0,0.4375,-0.4196674767818016,0.0,0.0,0.0,0.0,0.0,0.0,0,6.0,2.0,2,0.03125,0.0625,0,0.0,0.0,0.0,0.9600000000000009,2005,5.620000000000001
M.Vick,00-0020245,ATL,2412.0,11.271028037383177,422.0,15.0,126.0,214.0,13.0,0.5071090047393365,-0.07623677541564498,0.0,0.0,0.0,0.0,0.0,0.0,1,34.0,7.0,5,0.035545023696682464,0.030805687203791468,M.Vick,6.0,610.0,6.03960396039604,219.48000000000002,2005,264.86
P.Manning,00-0010346,IND,3747.0,12.285245901639344,471.0,28.0,197.0,305.0,10.0,0.6475583864118896,0.3810826008297836,0.0,0.0,0.0,0.0,0.0,0.0,0,17.0,2.0,2,0.059447983014861996,0.021231422505307854,P.Manning,0.0,45.0,1.3636363636363635,242.38,2005,309.48
P.Ramsey,00-0021379,WAS,279.0,18.6,29.0,1.0,11.0,15.0,1.0,0.5172413793103449,0.2877743151681174,0.0,0.0,0.0,0.0,0.0,0.0,0,4.0,1.0,1,0.034482758620689655,0.034482758620689655,P.Ramsey,0.0,3.0,0.42857142857142855,11.46,2005,
P.Rivers,00-0022942,LAC,115.0,9.583333333333334,25.0,0.0,6.0,12.0,1.0,0.48,-0.34936950898030794,0.0,0.0,0.0,0.0,0.0,0.0,0,3.0,0.0,1,0.0,0.04,P.Rivers,0.0,-1.0,-1.0,0.49999999999999967,2005,208.78
Q.Gray,00-0020613,JAX,100.0,12.5,15.0,2.0,6.0,8.0,0.0,0.5333333333333333,0.48155925361594876,0.0,0.0,0.0,0.0,0.0,0.0,0,1.0,1.0,1,0.13333333333333333,0.0,Q.Gray,0.0,1.0,0.3333333333333333,10.1,2005,21.240000000000002
R.Fitzpatrick,00-0023682,LA,777.0,10.223684210526315,144.0,4.0,40.0,76.0,8.0,0.5277777777777778,-0.11294478697795708,0.0,0.0,0.0,0.0,0.0,0.0,0,9.0,2.0,1,0.027777777777777776,0.05555555555555555,R.Fitzpatrick,2.0,64.0,4.571428571428571,47.48,2005,
R.Grossman,00-0022121,CHI,259.0,12.95,40.0,1.0,14.0,20.0,2.0,0.5,0.2163311864386614,0.0,0.0,0.0,0.0,0.0,0.0,0,1.0,1.0,1,0.025,0.05,0,0.0,0.0,0.0,8.36,2005,174.07999999999998
S.McNair,00-0011024,TEN,3161.0,10.825342465753424,497.0,16.0,164.0,292.0,11.0,0.5875251509054326,-0.04270011444049294,0.0,0.0,0.0,0.0,0.0,0.0,0,20.0,6.0,4,0.03219315895372234,0.022132796780684104,S.McNair,1.0,139.0,4.34375,180.34,2005,179.9
S.Rosenfels,00-0020480,MIA,462.0,13.588235294117647,61.0,4.0,17.0,34.0,3.0,0.5573770491803278,0.10830346272578897,0.0,0.0,0.0,0.0,0.0,0.0,0,0.0,0.0,0,0.06557377049180328,0.04918032786885246,S.Rosenfels,0.0,15.0,2.5,29.980000000000004,2005,21.1
S.Wallace,00-0022055,SEA,173.0,13.307692307692308,28.0,1.0,10.0,13.0,1.0,0.4642857142857143,-0.09021621859906624,0.0,0.0,0.0,0.0,0.0,0.0,0,3.0,0.0,0,0.03571428571428571,0.03571428571428571,S.Wallace,0.0,-5.0,-0.8333333333333334,8.42,2005,58.98
T.Banks,00-0000722,HOU,173.0,12.357142857142858,25.0,1.0,7.0,14.0,2.0,0.56,-0.14775115144553383,0.0,0.0,0.0,0.0,0.0,0.0,0,0.0,0.0,0,0.04,0.08,T.Banks,0.0,-2.0,-1.0,6.72,2005,
T.Bouman,00-0001545,NO,722.0,10.617647058823529,130.0,2.0,37.0,68.0,7.0,0.5230769230769231,-0.2957619572303321,0.0,0.0,0.0,0.0,0.0,0.0,0,8.0,3.0,3,0.015384615384615385,0.05384615384615385,T.Bouman,0.0,15.0,1.875,18.379999999999995,2005,
T.Brady,00-0019596,NE,4110.0,12.305389221556887,558.0,26.0,193.0,334.0,14.0,0.5985663082437276,0.1811475148614045,0.0,0.0,0.0,0.0,0.0,0.0,0,26.0,5.0,3,0.04659498207885305,0.025089605734767026,T.Brady,1.0,89.0,3.2962962962962963,249.29999999999998,2005,221.51999999999998
T.Dilfer,00-0004293,CLE,2321.0,11.663316582914574,356.0,11.0,101.0,199.0,12.0,0.5589887640449438,-0.08294977186500792,0.0,0.0,0.0,0.0,0.0,0.0,0,23.0,5.0,4,0.03089887640449438,0.033707865168539325,T.Dilfer,0.0,46.0,2.3,109.44,2005,
T.Green,00-0006355,KC,4014.0,12.662460567823343,540.0,17.0,182.0,317.0,10.0,0.587037037037037,0.12442812964419024,0.0,0.0,0.0,0.0,0.0,0.0,1,32.0,7.0,4,0.03148148148148148,0.018518518518518517,T.Green,0.0,82.0,2.342857142857143,210.76,2005,63.580000000000005
T.Maddox,00-0010261,PIT,406.0,11.941176470588236,79.0,2.0,19.0,34.0,4.0,0.43037974683544306,-0.30152858270920496,0.0,0.0,0.0,0.0,0.0,0.0,0,8.0,1.0,1,0.02531645569620253,0.05063291139240506,T.Maddox,0.0,26.0,3.25,16.84,2005,
T.Rattay,00-0019623,SF,667.0,11.910714285714286,107.0,5.0,32.0,56.0,6.0,0.5233644859813084,-0.19193176003780063,0.0,0.0,0.0,0.0,0.0,0.0,0,10.0,4.0,2,0.04672897196261682,0.056074766355140186,T.Rattay,0.0,18.0,2.5714285714285716,32.48,2005,40.22
V.Testaverde,00-0016193,NYJ,777.0,12.95,118.0,1.0,35.0,60.0,6.0,0.5084745762711864,-0.216931543425724,0.0,0.0,0.0,0.0,0.0,0.0,0,12.0,3.0,3,0.00847457627118644,0.05084745762711865,0,0.0,0.0,0.0,17.08,2005,
A.Brooks,00-0001823,LV,1105.0,10.045454545454545,218.0,3.0,60.0,110.0,8.0,0.5045871559633027,-0.2633414815955517,423.0,3.8454545454545452,0.42829291668269737,-0.5107240354454932,0.009845681075945122,-0.01331459491565956,0,26.0,5.0,1,0.013761467889908258,0.03669724770642202,A.Brooks,0.0,124.0,5.636363636363637,50.6,2006,
A.Feeley,00-0020305,PHI,342.0,13.153846153846153,39.0,3.0,15.0,26.0,0.0,0.6666666666666666,0.2800883529395807,167.0,6.423076923076923,0.5448694136240284,-0.17393087730191564,0.004802203710013316,0.00823945312898369,0,1.0,2.0,1,0.07692307692307693,0.0,0,0.0,0.0,0.0,23.68,2006,33.53999999999999
A.Rodgers,00-0023459,GB,46.0,7.666666666666667,18.0,0.0,2.0,6.0,0.0,0.3333333333333333,-0.8491568638095891,22.0,3.6666666666666665,0.7084482365287835,-1.2582191983509503,-0.00017036485175291334,-0.002659211070082756,0,3.0,1.0,1,0.0,0.0,A.Rodgers,0.0,11.0,5.5,0.9400000000000002,2006,15.620000000000001
A.Smith,00-0023436,SF,2901.0,11.200772200772201,480.0,16.0,132.0,259.0,15.0,0.5395833333333333,-0.09546032647501408,1410.0,5.444015444015444,0.4267477418320316,-0.3960872576868716,0.0018879084587456894,-0.0016601515875821753,0,37.0,5.0,3,0.03333333333333333,0.03125,A.Smith,2.0,151.0,3.682926829268293,171.14000000000001,2006,35.46
A.Walter,00-0023504,LV,1677.0,11.408163265306122,322.0,3.0,80.0,147.0,13.0,0.45652173913043476,-0.3426241803091787,507.0,3.5208333333333335,0.7753963481632279,-0.8880332128173464,0.005980252912273709,-0.006834382202791568,0,46.0,8.0,6,0.009316770186335404,0.040372670807453416,A.Walter,0.0,30.0,2.142857142857143,44.08,2006,
B.Basanez,00-0023859,CAR,56.0,9.333333333333334,11.0,0.0,4.0,6.0,1.0,0.5454545454545454,-0.010678519357249132,11.0,1.8333333333333333,1.0670060773369514,-1.0776845966942015,-1.7540283310650902e-07,-3.1131593542204084e-06,0,0.0,0.0,0,0.0,0.09090909090909091,0,0.0,0.0,0.0,0.2400000000000002,2006,
B.Bollinger,00-0022026,MIN,146.0,11.23076923076923,24.0,0.0,7.0,13.0,1.0,0.5416666666666666,-0.4377221992666212,102.0,7.846153846153846,0.07438567403328787,-0.20213239769671237,0.03071661516635988,-0.030430876666084992,0,6.0,0.0,0,0.0,0.041666666666666664,0,0.0,0.0,0.0,3.84,2006,19.44
B.Favre,00-0005106,GB,3885.0,11.326530612244898,634.0,18.0,182.0,343.0,18.0,0.5410094637223974,-0.015998555892318547,1899.0,5.552631578947368,0.5858269324945792,-0.5432602081860418,0.002432200306089869,-0.00027640795336406494,0,21.0,6.0,4,0.028391167192429023,0.028391167192429023,B.Favre,1.0,28.0,1.2173913043478262,192.20000000000002,2006,247.47999999999996
B.Gradkowski,00-0024408,TB,1661.0,9.384180790960452,353.0,9.0,79.0,177.0,9.0,0.5014164305949008,-0.24984990522031025,794.0,4.4858757062146895,0.21191332193436985,-0.35056684275713296,0.007348747172763104,-0.00878056367006429,0,25.0,4.0,3,0.025495750708215296,0.025495750708215296,B.Gradkowski,0.0,161.0,3.926829268292683,94.53999999999999,2006,5.2
B.Griese,00-0006423,CHI,220.0,12.222222222222221,35.0,1.0,10.0,18.0,2.0,0.5142857142857142,-0.06545932413062562,101.0,5.611111111111111,0.31528000629441516,-0.23093974711795312,0.0005194898694753645,0.002111159171275811,0,3.0,0.0,0,0.02857142857142857,0.05714285714285714,B.Griese,0.0,-5.0,-0.8333333333333334,8.3,2006,90.92
B.Johnson,00-0008442,MIN,2750.0,10.185185185185185,469.0,9.0,132.0,270.0,15.0,0.5756929637526652,-0.18058489726574137,1364.0,5.051851851851852,0.3289739186091495,-0.3881128283875043,0.004457553001445086,-0.006064531821848584,0,28.0,5.0,3,0.019189765458422176,0.031982942430703626,B.Johnson,1.0,82.0,2.7333333333333334,124.2,2006,2.66
B.Leftwich,00-0022177,JAX,1158.0,10.623853211009175,193.0,7.0,58.0,109.0,5.0,0.5647668393782384,-0.016732171819184297,615.0,5.6422018348623855,0.30119966947750443,-0.26630368076779437,-0.0001964930077791163,0.0012988631528947545,0,9.0,1.0,0,0.03626943005181347,0.025906735751295335,B.Leftwich,2.0,41.0,1.64,80.41999999999999,2006,7.86
B.Roethlisberger,00-0022924,PIT,3528.0,12.555160142348754,516.0,18.0,179.0,281.0,23.0,0.5445736434108527,-0.009646884137128855,1503.0,5.3487544483985765,0.6925295644130307,-0.5516385417639994,0.00445171419318224,0.0004314258385506216,0,46.0,4.0,1,0.03488372093023256,0.044573643410852716,B.Roethlisberger,2.0,98.0,3.0625,186.92000000000002,2006,260.72
C.Batch,00-0000865,PIT,477.0,15.9,55.0,5.0,21.0,30.0,0.0,0.5454545454545454,0.4327531986266624,200.0,6.666666666666667,0.8821642742460915,-0.36220268704458325,0.006422337857092731,0.01654243169972596,0,3.0,0.0,0,0.09090909090909091,0.0,C.Batch,0.0,12.0,0.9230769230769231,40.28,2006,10.580000000000002
C.Frye,00-0023502,CLE,2449.0,9.756972111553784,435.0,10.0,116.0,251.0,17.0,0.5770114942528736,-0.19917100715515426,1065.0,4.243027888446215,0.35002829516866973,-0.36348907017332094,0.00038802731479725385,-0.002842258600828775,0,44.0,6.0,5,0.022988505747126436,0.03908045977011494,C.Frye,3.0,215.0,4.574468085106383,133.45999999999998,2006,-0.5399999999999999
C.Lemon,00-0020565,MIA,412.0,10.842105263157896,73.0,2.0,23.0,38.0,1.0,0.5205479452054794,-0.033305064576288165,114.0,3.0,0.7716661120290292,-0.6928459009120194,0.0038577752746485187,-0.0013642386209812157,0,5.0,0.0,0,0.0273972602739726,0.0136986301369863,C.Lemon,0.0,7.0,2.3333333333333335,23.18,2006,110.12
C.Palmer,00-0021429,CIN,4036.0,12.45679012345679,556.0,28.0,200.0,324.0,13.0,0.5827338129496403,0.10245631544908403,1433.0,4.422839506172839,0.683925881979385,-0.43759290293984604,0.004202615661077754,0.0013914787450484377,0,36.0,8.0,7,0.050359712230215826,0.023381294964028777,C.Palmer,0.0,35.0,1.3461538461538463,236.94,2006,228.2
C.Pennington,00-0019559,NYJ,3352.0,10.70926517571885,514.0,17.0,161.0,313.0,16.0,0.6089494163424124,0.03665315464728185,1387.0,4.431309904153355,0.4512888337751011,-0.2970136383172875,0.003583521188430027,0.001469569574006032,0,29.0,6.0,4,0.033073929961089495,0.0311284046692607,C.Pennington,0.0,111.0,3.0833333333333335,173.18,2006,103.84
C.Simms,00-0022005,TB,585.0,10.086206896551724,110.0,1.0,28.0,58.0,7.0,0.5272727272727272,-0.4013512687305275,227.0,3.913793103448276,0.3380817527349031,-0.7031594882532072,0.00039519060048319145,-0.0067573640051540075,0,4.0,0.0,0,0.00909090909090909,0.06363636363636363,C.Simms,1.0,7.0,1.75,20.099999999999998,2006,
C.Weinke,00-0020434,CAR,625.0,11.160714285714286,106.0,2.0,26.0,56.0,4.0,0.5283018867924528,-0.2622069541866978,234.0,4.178571428571429,0.513129064870858,-0.6473716610001854,0.001614977576334751,-0.004174664968700679,0,10.0,0.0,0,0.018867924528301886,0.03773584905660377,C.Weinke,0.0,16.0,4.0,26.6,2006,8.16
D.Anderson,00-0023645,CLE,793.0,12.015151515151516,125.0,5.0,37.0,66.0,8.0,0.528,-0.19181439027605826,468.0,7.090909090909091,0.36244956917879123,-0.44440881040739666,0.006315341401058548,-0.010810962896859311,0,8.0,0.0,0,0.04,0.064,D.Anderson,0.0,47.0,11.75,40.42,2006,253.14
D.Bledsoe,00-0001361,DAL,1164.0,12.933333333333334,185.0,7.0,54.0,90.0,8.0,0.4864864864864865,-0.049208192053949655,444.0,5.045454545454546,0.434272217204475,-0.31764181106365685,0.0028315965626857027,-0.0017724168182036532,0,16.0,1.0,1,0.03783783783783784,0.043243243243243246,D.Bledsoe,2.0,28.0,3.5,71.36,2006,
D.Brees,00-0020531,NO,4424.0,12.392156862745098,575.0,26.0,202.0,357.0,11.0,0.6208695652173913,0.19691873420708,2032.0,5.707865168539326,0.2908953499574062,-0.03644422931174264,0.0015528574938919663,0.004947795047133562,2,18.0,5.0,2,0.04521739130434783,0.019130434782608695,D.Brees,0.0,32.0,0.7804878048780488,262.16,2006,254.32
D.Carr,00-0020608,HOU,2765.0,9.155629139072847,483.0,11.0,141.0,302.0,12.0,0.6252587991718427,-0.11265809560833367,1518.0,5.026490066225166,0.07655242668236192,-0.013306675501149253,-0.00023180264088304629,0.0017428962682277073,1,40.0,7.0,5,0.022774327122153208,0.024844720496894408,D.Carr,2.0,193.0,3.574074074074074,153.9,2006,33.3
D.Culpepper,00-0003739,MIA,929.0,11.469135802469136,155.0,2.0,44.0,81.0,3.0,0.5225806451612903,-0.1244540391894604,495.0,6.111111111111111,0.5272662982427385,-0.4539513271520106,-0.0025174200440848055,0.0022936027929903622,0,20.0,0.0,0,0.012903225806451613,0.01935483870967742,D.Culpepper,1.0,20.0,1.8181818181818181,47.16,2006,77.88
D.Garrard,00-0021231,JAX,1735.0,11.96551724137931,261.0,10.0,81.0,145.0,9.0,0.5555555555555556,-0.10997852803885023,769.0,5.303448275862069,0.6781170456285526,-0.683256673391859,-0.0044685936479712425,0.004395580639300626,0,20.0,3.0,1,0.038314176245210725,0.034482758620689655,D.Garrard,0.0,250.0,5.319148936170213,114.4,2006,186.56
D.Huard,00-0007835,KC,1878.0,12.68918918918919,261.0,11.0,106.0,148.0,1.0,0.5670498084291188,0.11215907970442811,760.0,5.170068027210885,0.4707953242479428,-0.21774143884826086,0.0015928731825158705,0.004733438759643842,1,16.0,4.0,3,0.0421455938697318,0.0038314176245210726,D.Huard,0.0,9.0,1.0,114.02000000000001,2006,102.28
D.McNabb,00-0011022,PHI,2612.0,14.511111111111111,337.0,17.0,113.0,180.0,6.0,0.5341246290801187,0.07246692046059687,1316.0,7.4772727272727275,0.5107583199801744,-0.27129029167215785,0.001582988337217061,0.003798213068169774,0,21.0,4.0,1,0.050445103857566766,0.017804154302670624,D.McNabb,3.0,212.0,6.625,197.68,2006,212.56
E.Manning,00-0022803,NYG,3244.0,10.777408637873755,548.0,24.0,163.0,301.0,18.0,0.5492700729927007,-0.040235086058552666,1304.0,4.346666666666667,0.5441103731830581,-0.5198574686598818,0.0017607705273256762,-0.00040390045373768914,0,25.0,4.0,2,0.043795620437956206,0.032846715328467155,E.Manning,0.0,21.0,0.84,187.85999999999999,2006,186.34
J.Campbell,00-0023460,WAS,1297.0,11.790909090909091,215.0,10.0,68.0,110.0,6.0,0.5116279069767442,-0.024544763298132585,544.0,4.945454545454545,0.6592100485486602,-0.6387623807200382,0.007163782950048988,-0.008681895636961473,0,8.0,1.0,0,0.046511627906976744,0.027906976744186046,J.Campbell,0.0,112.0,4.869565217391305,91.08,2006,150.6
J.Cutler,00-0024226,DEN,1001.0,12.358024691358025,150.0,9.0,48.0,81.0,5.0,0.54,-0.1167118629949997,404.0,5.05,0.6563760122765859,-0.6248329155466561,0.01794848167766533,-0.015752236676523635,0,13.0,3.0,1,0.06,0.03333333333333333,J.Cutler,0.0,18.0,1.5,65.83999999999999,2006,214.38
J.Delhomme,00-0004161,CAR,2805.0,10.665399239543726,453.0,17.0,128.0,263.0,11.0,0.5805739514348786,-0.012874918041040297,1308.0,4.99236641221374,0.41587775932824983,-0.3374703413311044,0.0008038685037681525,-0.00044602299460490394,0,22.0,5.0,4,0.037527593818984545,0.024282560706401765,J.Delhomme,0.0,12.0,0.6666666666666666,151.39999999999998,2006,54.68
J.Garcia,00-0005755,PHI,1309.0,11.28448275862069,195.0,10.0,61.0,116.0,2.0,0.5948717948717949,0.08569565858377837,550.0,4.910714285714286,0.5201935846187732,-0.3350098583053289,0.0007199280977591097,0.0052268004825927064,1,6.0,2.0,2,0.05128205128205128,0.010256410256410256,J.Garcia,0.0,87.0,3.48,95.06,2006,159.2
J.Harrington,00-0021141,MIA,2236.0,10.026905829596412,404.0,12.0,113.0,223.0,15.0,0.551980198019802,-0.09948388410731285,923.0,4.157657657657658,0.47457799204387024,-0.5321148131519985,0.002520281964677854,-0.00624112737577049,2,14.0,0.0,0,0.0297029702970297,0.03712871287128713,J.Harrington,0.0,17.0,0.8947368421052632,113.14,2006,103.89999999999999
J.Kitna,00-0009311,DET,4208.0,11.311827956989248,660.0,21.0,208.0,372.0,22.0,0.5636363636363636,-0.08015541950504558,1698.0,4.564516129032258,0.4792679542906475,-0.380176193595715,0.006831936352691626,-0.005276203763174233,0,63.0,11.0,8,0.031818181818181815,0.03333333333333333,J.Kitna,2.0,156.0,4.588235294117647,219.92,2006,190.94
J.Losman,00-0022912,BUF,3050.0,11.338289962825279,477.0,19.0,132.0,269.0,14.0,0.5639412997903563,-0.05530354213388815,1243.0,4.620817843866171,0.4373047927682324,-0.2883130461210637,0.0014378869491342202,0.004986700082817583,0,47.0,10.0,8,0.039832285115303984,0.029350104821802937,J.Losman,1.0,140.0,3.6842105263157894,174.0,2006,61.16
J.Martin,00-0010455,NO,208.0,13.0,29.0,1.0,6.0,16.0,1.0,0.5517241379310345,-0.37325321602562883,121.0,7.5625,0.1435820111898162,-0.09442385082123324,0.0005026829118529956,-0.005877907397953414,0,5.0,1.0,1,0.034482758620689655,0.034482758620689655,0,0.0,0.0,0.0,8.32,2006,
J.Plummer,00-0013042,DEN,1994.0,11.394285714285715,335.0,11.0,103.0,175.0,13.0,0.5223880597014925,-0.08999274729326855,829.0,4.7371428571428575,0.6283074145109877,-0.6082691320909488,0.0033792108607018246,-0.0029173769426296464,0,18.0,3.0,3,0.03283582089552239,0.03880597014925373,J.Plummer,1.0,112.0,3.111111111111111,108.96000000000001,2006,
K.Boller,00-0022164,BAL,485.0,14.696969696969697,58.0,5.0,20.0,33.0,2.0,0.5689655172413793,0.23869125922070028,196.0,5.9393939393939394,0.6381783463558269,-0.31822418116498724,0.005001941200760064,0.004510959439850596,0,3.0,0.0,0,0.08620689655172414,0.034482758620689655,K.Boller,0.0,34.0,1.5454545454545454,38.8,2006,86.62
K.Collins,00-0003292,TEN,549.0,13.071428571428571,95.0,1.0,26.0,42.0,6.0,0.4421052631578947,-0.3239864184019548,171.0,4.170731707317073,0.5945345753143927,-0.8866431576954472,-0.001750973117370364,-0.004513273639405024,1,4.0,1.0,0,0.010526315789473684,0.06315789473684211,0,0.0,0.0,0.0,15.96,2006,18.939999999999998
K.Warner,00-0017200,ARI,1377.0,12.75,182.0,6.0,63.0,108.0,5.0,0.5934065934065934,0.029136460601383765,641.0,5.935185185185185,0.29379726013125745,-0.09197146949729343,0.0015343572643773634,2.783552129097656e-05,0,14.0,3.0,2,0.03296703296703297,0.027472527472527472,K.Warner,0.0,3.0,0.23076923076923078,65.38,2006,209.86
M.Brunell,00-0002110,WAS,1789.0,11.04320987654321,275.0,8.0,80.0,162.0,4.0,0.5890909090909091,0.007277693694977623,990.0,6.149068322981367,0.24574153214900865,-0.16141942987986727,-0.0006036786160544993,0.0010741149306410745,2,12.0,2.0,0,0.02909090909090909,0.014545454545454545,M.Brunell,0.0,34.0,2.6153846153846154,102.96000000000001,2006,
M.Bulger,00-0019599,LA,4301.0,11.624324324324323,639.0,24.0,211.0,370.0,8.0,0.5790297339593115,0.06459383200221401,1618.0,4.372972972972973,0.5911234647658861,-0.39100682511694757,0.0025651760953951932,0.0032505304448821014,1,49.0,5.0,2,0.03755868544600939,0.012519561815336464,M.Bulger,0.0,44.0,2.4444444444444446,254.43999999999997,2006,104.98
M.Cassel,00-0023662,NE,32.0,6.4,11.0,0.0,3.0,5.0,0.0,0.45454545454545453,-0.25581771788314417,30.0,6.0,-0.42368891112710116,0.8487990369831098,-0.07398492842912675,0.07226745002844841,0,3.0,1.0,1,0.0,0.0,M.Cassel,0.0,4.0,2.0,-0.31999999999999995,2006,
M.Hasselbeck,00-0007091,SEA,2442.0,11.628571428571428,406.0,18.0,125.0,210.0,15.0,0.5172413793103449,-0.03236110026897334,787.0,3.7655502392344498,0.7702475464969432,-0.6505073277851994,0.002690997502548682,0.0006771086053244075,1,34.0,3.0,2,0.04433497536945813,0.03694581280788178,M.Hasselbeck,0.0,110.0,6.111111111111111,148.68,2006,252.33999999999997
M.Leinart,00-0024225,ARI,2542.0,11.934272300469484,397.0,11.0,124.0,213.0,12.0,0.5365239294710328,-0.008389122205938482,941.0,4.438679245283019,0.4482638554142255,-0.3534675566688608,0.0016771027451005782,0.0007046895059953496,0,20.0,2.0,1,0.027707808564231738,0.030226700251889168,M.Leinart,2.0,44.0,1.9130434782608696,136.08,2006,30.079999999999995
M.Schaub,00-0022787,ATL,208.0,11.555555555555555,30.0,1.0,10.0,18.0,2.0,0.6,-0.1600450235530499,65.0,3.611111111111111,0.3366146973060459,-0.36462461279006647,0.009242344393829314,-0.014553593057725136,0,2.0,0.0,0,0.03333333333333333,0.06666666666666667,M.Schaub,0.0,21.0,3.0,10.42,2006,106.84
M.Tuiasosopo,00-0020405,LV,68.0,11.333333333333334,13.0,1.0,4.0,6.0,2.0,0.46153846153846156,-0.2565040784605892,18.0,3.0,0.49358509097678144,-0.7500891694373709,0.00048555542729669226,-0.004130068951501285,0,0.0,0.0,0,0.07692307692307693,0.15384615384615385,M.Tuiasosopo,0.0,29.0,7.25,5.620000000000001,2006,
M.Vick,00-0020245,ATL,2474.0,12.06829268292683,434.0,20.0,123.0,205.0,13.0,0.47235023041474655,-0.16759972202571272,877.0,4.278048780487805,0.9691311786231486,-0.9828274910810831,0.0025656240795664605,-3.134055752951068e-05,0,45.0,2.0,2,0.04608294930875576,0.029953917050691243,M.Vick,2.0,1039.0,8.447154471544716,264.86,2006,
P.Manning,00-0010346,IND,4397.0,12.146408839779005,573.0,31.0,241.0,362.0,9.0,0.631762652705061,0.2906378411780901,1407.0,3.886740331491713,0.7530206649760071,-0.4098401855344062,0.004766566071239946,0.0062681809104522205,1,14.0,4.0,1,0.05410122164048865,0.015706806282722512,P.Manning,4.0,36.0,1.565217391304348,309.48,2006,275.1
P.Rivers,00-0022942,LAC,3387.0,11.92605633802817,489.0,22.0,167.0,284.0,9.0,0.5807770961145194,0.16925122383232208,1310.0,4.612676056338028,0.5893758896483141,-0.3235426503991838,0.005631356334804483,0.0008249096938125614,1,28.0,3.0,2,0.044989775051124746,0.018404907975460124,P.Rivers,0.0,53.0,1.127659574468085,208.78,2006,183.38
Q.Gray,00-0020613,JAX,166.0,12.76923076923077,23.0,0.0,8.0,13.0,0.0,0.5652173913043478,0.2329558170775114,40.0,3.076923076923077,0.6589943004655652,-0.3477180173768741,0.0024889335036277814,-0.0014690416441722363,0,1.0,0.0,0,0.0,0.0,Q.Gray,2.0,26.0,13.0,21.240000000000002,2006,73.14
R.Grossman,00-0022121,CHI,3197.0,12.202290076335878,501.0,23.0,150.0,262.0,20.0,0.5229540918163673,-0.0876785058922254,1264.0,4.824427480916031,0.5563135406815006,-0.5506217008736427,0.005422836063299043,-0.006588016307762216,0,21.0,6.0,3,0.04590818363273453,0.03992015968063872,R.Grossman,0.0,2.0,0.08333333333333333,174.07999999999998,2006,56.739999999999995
S.McNair,00-0011024,BAL,3050.0,10.338983050847459,483.0,16.0,159.0,295.0,12.0,0.6107660455486542,0.05310490337717373,1195.0,4.0508474576271185,0.46287426307304924,-0.3608123786142691,0.0027120478053218955,0.00014743895579271674,0,14.0,3.0,0,0.033126293995859216,0.024844720496894408,S.McNair,1.0,119.0,2.6444444444444444,179.9,2006,35.720000000000006
S.Rosenfels,00-0020480,HOU,265.0,9.814814814814815,41.0,3.0,15.0,27.0,1.0,0.6585365853658537,0.18503415301299012,115.0,4.2592592592592595,0.48694141907318983,-0.24162019358780723,0.00018442056826207552,-0.0032071638003197634,0,1.0,0.0,0,0.07317073170731707,0.024390243902439025,S.Rosenfels,0.0,5.0,1.25,21.1,2006,112.46
S.Wallace,00-0022055,SEA,927.0,11.304878048780488,154.0,8.0,42.0,82.0,7.0,0.5324675324675324,-0.19103601019551122,285.0,3.475609756097561,0.5935171902444338,-0.5695070794374405,0.00847504727691163,-0.008257839319525239,0,13.0,6.0,4,0.05194805194805195,0.045454545454545456,S.Wallace,0.0,119.0,9.153846153846153,58.98,2006,14.3
T.Brady,00-0019596,NE,3533.0,11.040625,545.0,24.0,176.0,320.0,12.0,0.5871559633027523,0.08656850635380094,1664.0,5.216300940438871,0.55627852843993,-0.3824160605822558,0.0032677157857993596,0.00039657183214213896,2,26.0,8.0,3,0.044036697247706424,0.022018348623853212,T.Brady,0.0,102.0,2.0816326530612246,221.51999999999998,2006,390.04
T.Green,00-0006355,KC,1342.0,11.090909090909092,222.0,7.0,76.0,121.0,9.0,0.545045045045045,-0.033475263212396245,552.0,4.56198347107438,0.4984292031644709,-0.34100681763649543,-0.0009974622804791802,0.004334805750874759,0,24.0,3.0,3,0.03153153153153153,0.04054054054054054,T.Green,0.0,59.0,3.1052631578947367,63.580000000000005,2006,48.68
T.Jackson,00-0024279,MIN,475.0,10.106382978723405,89.0,2.0,19.0,47.0,4.0,0.5280898876404494,-0.3233465088069949,236.0,5.0212765957446805,0.30788133909445603,-0.570688068556774,-0.0009460755210966414,-0.01087377442833833,0,7.0,0.0,0,0.02247191011235955,0.0449438202247191,T.Jackson,1.0,79.0,4.9375,32.9,2006,84.44
T.Rattay,00-0019623,TB,748.0,12.262295081967213,105.0,4.0,26.0,61.0,2.0,0.580952380952381,-0.012563571899343649,334.0,5.475409836065574,0.2347671287278366,-0.13674820999911314,0.002420339374458502,-0.0054533194740322465,0,4.0,3.0,1,0.0380952380952381,0.01904761904761905,T.Rattay,0.0,3.0,0.75,40.22,2006,13.059999999999999
T.Romo,00-0021678,DAL,2903.0,13.195454545454545,360.0,19.0,143.0,220.0,13.0,0.6111111111111112,0.2312383704490801,983.0,4.468181818181818,0.744413408894883,-0.37606804084958895,-0.0004410680931315366,0.012494781211803127,1,21.0,4.0,4,0.05277777777777778,0.03611111111111111,T.Romo,0.0,102.0,3.0,170.32,2006,295.24
V.Young,00-0024218,TEN,2199.0,11.951086956521738,382.0,12.0,107.0,184.0,13.0,0.4816753926701571,-0.14525674391829413,880.0,4.782608695652174,0.6834513456820098,-0.7455239427613686,0.0008799056221371662,-0.0021092125081290016,0,26.0,3.0,1,0.031413612565445025,0.034031413612565446,V.Young,7.0,553.0,6.7439024390243905,205.26,2006,157.34
A.Feeley,00-0020305,PHI,681.0,11.542372881355933,106.0,5.0,34.0,59.0,8.0,0.5566037735849056,-0.06921220367471659,270.0,4.576271186440678,0.6792443361824483,-0.7230547481764136,0.005742605274054918,-0.01070954373987065,0,3.0,0.0,0,0.04716981132075472,0.07547169811320754,A.Feeley,0.0,23.0,3.2857142857142856,33.53999999999999,2007,
A.Rodgers,00-0023459,GB,218.0,10.9,31.0,1.0,9.0,20.0,0.0,0.6451612903225806,0.23116928681866358,133.0,6.65,0.12301268229148911,0.24538823490298403,0.0005180081697525833,0.006681954867040021,0,3.0,0.0,0,0.03225806451612903,0.0,A.Rodgers,0.0,29.0,4.142857142857143,15.620000000000001,2007,290.21999999999997
A.Smith,00-0023436,SF,914.0,9.72340425531915,210.0,2.0,47.0,94.0,4.0,0.44761904761904764,-0.3459284747737676,317.0,3.372340425531915,0.6209236129645088,-0.7700625197712133,0.0005821314287460821,-0.006147059680147324,0,17.0,5.0,5,0.009523809523809525,0.01904761904761905,A.Smith,0.0,89.0,6.846153846153846,35.46,2007,
B.Berlin,00-0023158,LA,153.0,9.0,28.0,0.0,8.0,17.0,1.0,0.6071428571428571,-0.018841413262981135,68.0,4.0,0.21622852606274812,-0.23506993932572964,0.01759443265785062,-0.020695217020277466,0,0.0,0.0,0,0.0,0.03571428571428571,B.Berlin,0.0,-16.0,-5.333333333333333,2.52,2007,
B.Bollinger,00-0022026,MIN,391.0,11.848484848484848,57.0,1.0,18.0,33.0,1.0,0.5789473684210527,-0.08018211095334433,210.0,6.363636363636363,0.10440896828397546,-0.008798361826519245,0.016296825305456585,-0.0064161532982002336,0,7.0,0.0,0,0.017543859649122806,0.017543859649122806,B.Bollinger,0.0,18.0,3.6,19.44,2007,4.84
B.Croyle,00-0024300,KC,1227.0,9.661417322834646,240.0,6.0,58.0,127.0,6.0,0.5291666666666667,-0.15699678550549223,538.0,4.2362204724409445,0.45452851211851053,-0.49498505602092374,0.0032582306978290814,-0.003445314992590823,0,16.0,4.0,3,0.025,0.025,B.Croyle,0.0,18.0,2.5714285714285716,56.879999999999995,2007,6.04
B.Favre,00-0005106,GB,4157.0,11.676966292134832,550.0,28.0,197.0,356.0,15.0,0.6472727272727272,0.1715503197224445,2079.0,5.856338028169014,0.3733510355369914,-0.15686922971522152,0.003029454642993353,0.0028035045191642763,0,15.0,5.0,1,0.05090909090909091,0.02727272727272727,B.Favre,0.0,12.0,0.41379310344827586,247.47999999999996,2007,191.18
B.Gradkowski,00-0024408,TB,130.0,10.0,26.0,0.0,5.0,13.0,1.0,0.5,-0.39091077357885534,38.0,2.923076923076923,0.3954156597928061,-0.6496432294360482,-0.02145964969796215,0.020160905927530823,0,2.0,0.0,0,0.0,0.038461538461538464,B.Gradkowski,0.0,20.0,2.857142857142857,5.2,2007,-4.96
B.Griese,00-0006423,CHI,1803.0,11.198757763975156,277.0,10.0,82.0,161.0,12.0,0.5812274368231047,0.0010715559309868138,894.0,5.5875,0.43029490261904974,-0.3415086531275027,0.0013141078314436617,0.0022556607808992234,0,15.0,0.0,0,0.036101083032490974,0.04332129963898917,B.Griese,0.0,28.0,2.1538461538461537,90.92,2007,46.82
B.Johnson,00-0008442,DAL,79.0,11.285714285714286,12.0,0.0,2.0,7.0,0.0,0.5833333333333334,-0.14525191704726917,53.0,7.571428571428571,0.22749844549054477,-0.22989839516495472,-0.00023904578252271819,-0.000802298679693825,0,1.0,0.0,0,0.0,0.0,B.Johnson,0.0,-5.0,-1.0,2.66,2007,14.979999999999999
B.Leftwich,00-0022177,ATL,279.0,8.71875,64.0,1.0,13.0,32.0,3.0,0.5,-0.4755702066580555,120.0,3.75,0.3229801562906769,-0.5958140413902016,0.002301604404758939,-0.009356537233974973,0,5.0,2.0,1,0.015625,0.046875,B.Leftwich,0.0,7.0,1.1666666666666667,7.86,2007,26.819999999999997
B.Roethlisberger,00-0022924,PIT,3158.0,11.916981132075472,453.0,32.0,168.0,265.0,11.0,0.5849889624724062,0.17284882488784964,1081.0,4.079245283018868,0.8055193570769158,-0.40129932209455965,0.006736167750050196,0.002479629536467022,1,47.0,3.0,3,0.0706401766004415,0.024282560706401765,B.Roethlisberger,2.0,204.0,5.828571428571428,260.72,2007,182.66
B.Volek,00-0019041,LAC,6.0,2.0,12.0,0.0,0.0,3.0,1.0,0.25,-1.2930914893998608,5.0,1.6666666666666667,0.25021242874208804,-1.6085206126386773,0.00027883052825926997,-0.01655479669570919,0,2.0,0.0,0,0.0,0.08333333333333333,B.Volek,0.0,-7.0,-0.6363636363636364,-2.46,2007,
C.Batch,00-0000865,PIT,232.0,13.647058823529411,36.0,2.0,10.0,17.0,3.0,0.4722222222222222,-0.12717207784466056,105.0,6.176470588235294,1.0158472023209075,-1.1430192801655672,0.005133836564322938,-0.011947239812270378,0,0.0,0.0,0,0.05555555555555555,0.08333333333333333,C.Batch,0.0,-7.0,-0.5833333333333334,10.580000000000002,2007,
C.Frye,00-0023502,CLE,34.0,8.5,15.0,0.0,2.0,4.0,1.0,0.26666666666666666,-0.9087279581542437,11.0,2.75,0.29376991519238804,-0.8761478831176642,0.00414106100797653,-0.012870663404464711,0,5.0,0.0,0,0.0,0.06666666666666667,C.Frye,0.0,1.0,1.0,-0.5399999999999999,2007,7.32
C.Lemon,00-0020565,MIA,1773.0,10.248554913294798,332.0,6.0,87.0,173.0,6.0,0.5210843373493976,-0.05039621826182407,808.0,4.670520231213873,0.5383370775231942,-0.4680300873616585,0.011658930083215915,-0.009696398447355868,0,23.0,2.0,3,0.018072289156626505,0.018072289156626505,C.Lemon,4.0,92.0,2.787878787878788,110.12,2007,
C.Nall,00-0021277,GB,88.0,12.571428571428571,16.0,1.0,4.0,7.0,0.0,0.4375,-0.013499904592548094,40.0,5.714285714285714,0.31249200537179955,-0.2223393985782109,0.0,0.004349921900803033,0,1.0,0.0,0,0.0625,0.0,C.Nall,0.0,6.0,1.2,8.12,2007,
C.Palmer,00-0021429,CIN,4130.0,11.072386058981234,593.0,26.0,213.0,373.0,20.0,0.6290050590219224,0.08018787859704785,1742.0,4.670241286863271,0.5850526806728935,-0.442054265702318,0.004896404088623937,-0.002202227060823749,0,17.0,4.0,1,0.04384485666104553,0.03372681281618887,C.Palmer,0.0,10.0,0.4166666666666667,228.2,2007,37.239999999999995
C.Pennington,00-0019559,NYJ,1766.0,9.865921787709498,287.0,10.0,90.0,179.0,9.0,0.6236933797909407,-0.01604610889641475,640.0,3.5754189944134076,0.4365119117647277,-0.3275250040088582,0.0063270379497011395,-0.006368879595828797,1,26.0,1.0,0,0.03484320557491289,0.0313588850174216,C.Pennington,1.0,32.0,1.6,103.84,2007,215.92000000000002
C.Redman,00-0019709,ATL,1079.0,12.123595505617978,159.0,10.0,48.0,89.0,5.0,0.559748427672956,-0.07779452446368673,510.0,5.730337078651686,0.2503247079122859,-0.22650696689420902,0.004292225823433387,0.0006456466766911718,0,9.0,1.0,1,0.06289308176100629,0.031446540880503145,C.Redman,0.0,16.0,2.0,72.75999999999999,2007,
C.Weinke,00-0020434,SF,104.0,8.0,27.0,1.0,5.0,13.0,0.0,0.48148148148148145,-0.3690457895885356,75.0,5.769230769230769,0.1503044465736659,-0.21581106474993533,-0.0019954923879016502,0.00043135827653943156,0,5.0,0.0,0,0.037037037037037035,0.0,0,0.0,0.0,0.0,8.16,2007,
D.Anderson,00-0023645,CLE,3786.0,12.704697986577182,544.0,29.0,187.0,298.0,19.0,0.5477941176470589,0.0523505103777164,1602.0,5.375838926174497,0.5625378861204005,-0.4601763292856476,0.0029062408873970096,0.0016949206039802835,1,15.0,4.0,2,0.05330882352941176,0.034926470588235295,D.Anderson,3.0,77.0,2.566666666666667,253.14,2007,92.69999999999999
D.Brees,00-0020531,NO,4428.0,9.99548532731377,671.0,28.0,233.0,443.0,18.0,0.6602086438152012,0.06355607225828393,2047.0,4.631221719457014,0.27431260256254486,-0.15295781912803352,0.005365747274453121,-0.002527883993623695,0,15.0,7.0,5,0.041728763040238454,0.026825633383010434,D.Brees,1.0,52.0,2.1666666666666665,254.32,2007,302.65999999999997
D.Carr,00-0020608,CAR,635.0,8.698630136986301,149.0,3.0,32.0,73.0,5.0,0.4899328859060403,-0.2351637091046123,287.0,4.042253521126761,0.4064729808692459,-0.5395026688373646,-0.000876987374731569,-0.0017842021558740447,0,13.0,1.0,0,0.020134228187919462,0.03355704697986577,D.Carr,0.0,59.0,3.4705882352941178,33.3,2007,13.6
D.Culpepper,00-0003739,LV,1332.0,12.333333333333334,206.0,5.0,60.0,108.0,5.0,0.5242718446601942,-0.034767554214636356,513.0,4.75,0.41187529662951244,-0.26635364324844785,0.0056239385884507215,-0.002988145143838612,0,21.0,6.0,4,0.024271844660194174,0.024271844660194174,D.Culpepper,3.0,46.0,2.3,77.88,2007,41.94
D.Garrard,00-0021231,JAX,2509.0,12.0625,345.0,18.0,126.0,208.0,3.0,0.6028985507246377,0.19355824966370305,969.0,4.658653846153846,0.6794578556477259,-0.372676826901484,0.0013011561459448783,0.0046881555200907615,0,20.0,5.0,2,0.05217391304347826,0.008695652173913044,D.Garrard,1.0,182.0,3.64,186.56,2007,215.0
D.Huard,00-0007835,KC,2257.0,10.95631067961165,371.0,11.0,111.0,206.0,13.0,0.555256064690027,-0.1025595442173302,931.0,4.563725490196078,0.42158842631432936,-0.34800130367791476,0.004010694307092578,-0.003242887224433648,0,37.0,5.0,3,0.029649595687331536,0.03504043126684636,0,0.0,0.0,0.0,102.28,2007,18.38
D.McNabb,00-0011022,PHI,3324.0,11.422680412371134,519.0,19.0,152.0,291.0,7.0,0.5606936416184971,0.04715250144185396,1474.0,5.082758620689655,0.45790863681328114,-0.22756631868487515,0.00248460742680192,0.0008335827862120187,0,44.0,5.0,3,0.036608863198458574,0.01348747591522158,D.McNabb,0.0,236.0,4.72,212.56,2007,245.66
E.Manning,00-0022803,NYG,3336.0,11.232323232323232,556.0,23.0,165.0,297.0,20.0,0.5341726618705036,-0.10599254639786518,1317.0,4.434343434343434,0.5311357299028535,-0.5238851599813992,0.004457167189013817,-0.0034431569901768595,0,27.0,8.0,6,0.04136690647482014,0.03597122302158273,E.Manning,1.0,69.0,2.3,186.34,2007,198.52
G.Frerotte,00-0005589,LA,1014.0,10.787234042553191,179.0,7.0,55.0,94.0,12.0,0.5251396648044693,-0.2669647866562404,325.0,3.4946236559139785,0.6776116144485608,-0.8568940619919734,0.0032117295460608753,-0.007944563134252156,1,11.0,1.0,1,0.03910614525139665,0.0670391061452514,G.Frerotte,0.0,3.0,0.5,44.86,2007,110.98
J.Beck,00-0025427,MIA,559.0,9.316666666666666,118.0,1.0,24.0,60.0,3.0,0.5084745762711864,-0.34300098479005997,194.0,3.2333333333333334,0.38888736564383325,-0.4787247447682631,-0.001031749777274111,-0.004408219280386608,1,10.0,4.0,4,0.00847457627118644,0.025423728813559324,J.Beck,1.0,12.0,1.3333333333333333,21.56,2007,
J.Campbell,00-0023460,WAS,2700.0,10.8,440.0,12.0,148.0,250.0,11.0,0.5681818181818182,0.02951997456203655,1153.0,4.6305220883534135,0.49938416354673354,-0.36381760572576605,0.00283406582375572,-0.0021815527728886136,2,20.0,7.0,6,0.02727272727272727,0.025,J.Campbell,1.0,186.0,5.027027027027027,150.6,2007,199.60000000000002
J.Cutler,00-0024226,DEN,3497.0,11.774410774410775,495.0,20.0,175.0,297.0,14.0,0.6,0.09428008525633809,1573.0,5.332203389830508,0.5114618923916315,-0.3154511929673928,0.001361054821328714,0.004160374590612441,0,27.0,4.0,2,0.04040404040404041,0.028282828282828285,J.Cutler,1.0,205.0,4.659090909090909,214.38,2007,277.0
J.Delhomme,00-0004161,CAR,617.0,11.218181818181819,91.0,8.0,27.0,55.0,1.0,0.6043956043956044,0.1600818927994889,272.0,4.945454545454545,0.47100410617182625,-0.2392553581489602,0.0065181097717043985,-0.00222187451097347,0,5.0,2.0,0,0.08791208791208792,0.01098901098901099,0,0.0,0.0,0.0,54.68,2007,177.46
J.Garcia,00-0005755,TB,2440.0,11.674641148325358,347.0,13.0,112.0,209.0,4.0,0.6023054755043228,0.08148609996052597,1129.0,5.401913875598086,0.38294343606177067,-0.21285434589937444,0.0007104394113129045,0.0019720055569645823,0,19.0,4.0,0,0.037463976945244955,0.011527377521613832,J.Garcia,1.0,116.0,3.3142857142857145,159.2,2007,161.58
J.Harrington,00-0021141,ATL,2215.0,10.30232558139535,380.0,7.0,100.0,215.0,8.0,0.5657894736842105,-0.12891443421838628,1110.0,5.162790697674419,0.25746921370800824,-0.26650553635031915,0.003993125515283491,-0.0035087862105497034,0,32.0,2.0,0,0.018421052631578946,0.021052631578947368,J.Harrington,0.0,33.0,2.357142857142857,103.89999999999999,2007,
J.Kitna,00-0009311,DET,4066.0,11.453521126760563,612.0,18.0,196.0,355.0,21.0,0.5800653594771242,-0.04994505602223362,1569.0,4.521613832853026,0.5015148713788371,-0.42549940996349866,0.004201858176244894,-0.0022961873037117804,0,48.0,5.0,4,0.029411764705882353,0.03431372549019608,J.Kitna,0.0,63.0,2.3333333333333335,190.94,2007,40.92
J.Losman,00-0022912,BUF,1204.0,10.846846846846846,189.0,4.0,59.0,111.0,6.0,0.5873015873015873,-0.17475613549734978,577.0,5.198198198198198,0.4026881510679331,-0.4397604932763502,0.00036356243834391146,0.0062403630430283115,0,14.0,2.0,1,0.021164021164021163,0.031746031746031744,J.Losman,0.0,110.0,5.5,61.16,2007,34.36
J.McCown,00-0021206,LV,1151.0,10.36936936936937,207.0,10.0,54.0,111.0,11.0,0.5362318840579711,-0.10998932946832093,476.0,4.712871287128713,0.6224168816331909,-0.6318696957989228,0.006441682210656799,-0.00878582285599133,1,15.0,2.0,2,0.04830917874396135,0.05314009661835749,0,0.0,0.0,0.0,62.03999999999999,2007,
J.O'Sullivan,00-0021296,DET,148.0,11.384615384615385,28.0,1.0,7.0,13.0,2.0,0.4642857142857143,-0.09225143227283371,80.0,6.153846153846154,0.34720054058823685,-0.28169127228099383,0.002613838656463256,0.0006183049445098792,0,3.0,0.0,0,0.03571428571428571,0.07142857142857142,J.O'Sullivan,0.0,-10.0,-2.5,4.92,2007,81.62
J.Russell,00-0025388,LV,373.0,10.36111111111111,73.0,2.0,17.0,36.0,4.0,0.4931506849315068,-0.25078854129456374,137.0,3.914285714285714,0.44006762565760404,-0.540134770965778,0.0012121044960348882,-0.002035320547861377,1,6.0,2.0,2,0.0273972602739726,0.0547945205479452,J.Russell,0.0,4.0,0.8,13.320000000000002,2007,139.62
J.Sorgi,00-0022744,IND,132.0,7.333333333333333,38.0,1.0,7.0,18.0,0.0,0.47368421052631576,-0.29442324059384295,76.0,4.222222222222222,-0.14803313770809987,-0.0831550433633511,-0.009766357072268349,0.003027042238196974,0,2.0,0.0,0,0.02631578947368421,0.0,J.Sorgi,0.0,-4.0,-0.6666666666666666,8.88,2007,7.92
K.Boller,00-0022164,BAL,1743.0,10.375,300.0,9.0,90.0,168.0,10.0,0.56,-0.12896345870746592,553.0,3.2916666666666665,0.7086481116494747,-0.6759801175559008,0.004122986425287718,-0.0044149297993390756,0,24.0,5.0,4,0.03,0.03333333333333333,K.Boller,0.0,89.0,4.684210526315789,86.62,2007,
K.Clemens,00-0024264,NYJ,1529.0,11.761538461538462,278.0,5.0,82.0,130.0,10.0,0.4676258992805755,-0.19941195521937952,665.0,5.115384615384615,0.6639764745262114,-0.7014554806314569,0.00272487673661484,-0.006187501262228725,0,27.0,2.0,1,0.017985611510791366,0.03597122302158273,K.Clemens,1.0,111.0,4.111111111111111,76.25999999999999,2007,
K.Collins,00-0003292,TEN,531.0,10.62,87.0,0.0,30.0,50.0,0.0,0.5747126436781609,0.002223932536012195,224.0,4.48,0.4707875928749962,-0.2867905311795995,0.0008463605148036306,0.009997203582670632,0,5.0,3.0,1,0.0,0.0,K.Collins,0.0,-3.0,-1.0,18.939999999999998,2007,146.14000000000001
K.Holcomb,00-0007576,MIN,511.0,12.166666666666666,94.0,2.0,23.0,42.0,1.0,0.44680851063829785,-0.1314968032515096,225.0,5.357142857142857,0.30332057845509747,-0.2653462554638164,0.00020552870926092816,-0.006960533877334941,0,11.0,1.0,0,0.02127659574468085,0.010638297872340425,0,0.0,0.0,0.0,26.44,2007,
K.Orton,00-0023541,CHI,475.0,11.30952380952381,82.0,3.0,19.0,42.0,2.0,0.5121951219512195,-0.16427585476305584,288.0,6.857142857142857,0.5070778772037267,-0.6569946953939076,0.0020503329011856797,-0.006399408424425641,1,2.0,1.0,0,0.036585365853658534,0.024390243902439025,K.Orton,0.0,-1.0,-0.2,28.9,2007,186.06
K.Warner,00-0017200,ARI,3409.0,12.088652482269504,472.0,27.0,167.0,282.0,17.0,0.597457627118644,0.0360954588821552,1300.0,4.609929078014185,0.5023541223254142,-0.3586441761713827,0.004954887150453927,0.0005454437880209551,0,20.0,9.0,4,0.057203389830508475,0.036016949152542374,K.Warner,1.0,15.0,0.8823529411764706,209.86,2007,263.08
L.McCown,00-0022864,TB,1009.0,10.73404255319149,155.0,5.0,45.0,94.0,3.0,0.6064516129032258,-0.05400631589373501,630.0,6.774193548387097,0.08772570328880604,0.046752181185193975,0.009160139178899183,-0.0071225454266840215,0,15.0,2.0,1,0.03225806451612903,0.01935483870967742,L.McCown,0.0,117.0,9.75,64.06,2007,
M.Bulger,00-0019599,LA,2392.0,10.823529411764707,416.0,11.0,128.0,221.0,15.0,0.53125,-0.13156940368455802,729.0,3.3136363636363635,0.578489794021522,-0.5593050201072345,0.003541950323442653,-0.0013775623514201685,0,37.0,4.0,3,0.026442307692307692,0.036057692307692304,M.Bulger,0.0,13.0,1.4444444444444444,104.98,2007,125.17999999999998
M.Hasselbeck,00-0007091,SEA,3966.0,11.267045454545455,595.0,28.0,204.0,352.0,12.0,0.5915966386554622,0.09611568957180039,1669.0,4.7414772727272725,0.5576583041553802,-0.3503184195815202,0.004232450036309741,-0.00028588539835556055,0,33.0,4.0,2,0.047058823529411764,0.020168067226890758,M.Hasselbeck,0.0,97.0,2.4871794871794872,252.33999999999997,2007,46.64
M.Leinart,00-0024225,ARI,647.0,10.783333333333333,116.0,2.0,33.0,60.0,4.0,0.5172413793103449,-0.09235731980671372,254.0,4.305084745762712,0.4163248613974927,-0.49898428493118896,0.005016429532344015,-0.006969662156248481,0,4.0,0.0,0,0.017241379310344827,0.034482758620689655,M.Leinart,0.0,42.0,3.8181818181818183,30.079999999999995,2007,11.06
M.Moore,00-0022217,MIN,730.0,11.587301587301587,118.0,3.0,37.0,63.0,5.0,0.5338983050847458,-0.005146415861645567,256.0,4.063492063492063,0.7380985288704583,-0.6763889779358631,0.00962526238145795,-0.0030392235304199373,0,6.0,0.0,0,0.025423728813559324,0.0423728813559322,M.Moore,0.0,118.0,5.130434782608695,43.0,2007,
M.Schaub,00-0022787,HOU,2241.0,11.671875,305.0,9.0,97.0,192.0,9.0,0.6295081967213115,-0.08163932644606668,760.0,3.9583333333333335,0.4524734799748416,-0.3980800868116002,0.0017311096447331748,0.00012381427420185467,0,16.0,10.0,3,0.029508196721311476,0.029508196721311476,M.Schaub,0.0,52.0,3.0588235294117645,106.84,2007,174.52
P.Manning,00-0010346,IND,4040.0,11.988130563798219,537.0,31.0,205.0,337.0,14.0,0.62756052141527,0.2533988462968227,1447.0,4.4937888198757765,0.6558253427765108,-0.33625489599067054,0.001210333606667766,0.005482609582895245,1,21.0,5.0,1,0.05772811918063315,0.0260707635009311,P.Manning,3.0,-5.0,-0.25,275.1,2007,254.18000000000004
P.Ramsey,00-0021379,DEN,262.0,9.03448275862069,51.0,1.0,12.0,29.0,1.0,0.5686274509803921,-0.41629871975187666,82.0,2.8275862068965516,0.39689271546945865,-0.6585912571007728,0.02132837584988168,-0.02241869596685358,0,3.0,3.0,1,0.0196078431372549,0.0196078431372549,P.Ramsey,0.0,6.0,3.0,11.08,2007,
P.Rivers,00-0022942,LAC,3152.0,11.379061371841155,482.0,21.0,157.0,277.0,15.0,0.5746887966804979,0.06356976688157524,1272.0,4.592057761732852,0.6065912552814096,-0.4397626033323385,0.004384051359199348,-0.002474024264116456,0,22.0,3.0,3,0.043568464730290454,0.03112033195020747,P.Rivers,1.0,33.0,1.1379310344827587,183.38,2007,278.55999999999995
Q.Gray,00-0020613,JAX,986.0,12.325,154.0,10.0,54.0,80.0,5.0,0.5194805194805194,0.15710623007830463,351.0,4.3875,0.8040324719159899,-0.5349662030118361,0.0030723699167884426,0.0010161979718913638,0,10.0,1.0,1,0.06493506493506493,0.032467532467532464,Q.Gray,0.0,57.0,3.0,73.14,2007,
R.Grossman,00-0022121,CHI,1411.0,11.565573770491802,250.0,4.0,66.0,122.0,7.0,0.488,-0.2199387852227483,574.0,4.704918032786885,0.5613496211566543,-0.610850573618234,0.0018985338469408172,-0.0008454669220815365,0,25.0,3.0,2,0.016,0.028,R.Grossman,0.0,23.0,1.7692307692307692,56.739999999999995,2007,26.68
S.Hill,00-0020679,SF,501.0,9.277777777777779,85.0,5.0,26.0,54.0,2.0,0.6352941176470588,-0.0424237514600123,306.0,5.773584905660377,-0.11289722179599988,0.16653831390509088,0.012885813665561753,-0.012135034832524958,0,5.0,3.0,1,0.058823529411764705,0.023529411764705882,S.Hill,1.0,14.0,1.1666666666666667,41.44,2007,141.34
S.McNair,00-0011024,BAL,1113.0,8.368421052631579,216.0,2.0,60.0,133.0,4.0,0.6157407407407407,-0.18803931084327274,567.0,4.2631578947368425,0.28270455184643806,-0.30232304049582226,0.0039021188867456465,-0.004906189011774472,0,11.0,6.0,6,0.009259259259259259,0.018518518518518517,S.McNair,0.0,32.0,3.2,35.720000000000006,2007,
S.Rosenfels,00-0020480,HOU,1684.0,10.935064935064934,247.0,15.0,93.0,154.0,12.0,0.6234817813765182,0.1298856317379308,739.0,4.830065359477124,0.49810118079437415,-0.3087615726418654,0.0036501041962465736,0.0011160965835259307,1,6.0,2.0,2,0.06072874493927125,0.048582995951417005,S.Rosenfels,1.0,51.0,2.4285714285714284,112.46,2007,62.94000000000001
S.Wallace,00-0022055,SEA,215.0,11.31578947368421,31.0,2.0,7.0,19.0,1.0,0.6129032258064516,-0.14209601531291785,115.0,6.052631578947368,0.2656264973006079,-0.17830174476164237,0.0010391327588425516,-0.0009409213706659274,0,3.0,1.0,1,0.06451612903225806,0.03225806451612903,S.Wallace,0.0,17.0,4.25,14.3,2007,103.08
T.Brady,00-0019596,NE,4806.0,12.075376884422111,599.0,50.0,240.0,398.0,8.0,0.664440734557596,0.4174092787440897,2045.0,5.151133501259446,0.5742812831695094,-0.07402003182755272,0.0036680484406836334,0.005610044842995645,0,21.0,4.0,4,0.08347245409015025,0.01335559265442404,T.Brady,2.0,98.0,2.6486486486486487,390.04,2007,3.04
T.Collins,00-0003315,WAS,888.0,13.253731343283581,114.0,5.0,42.0,67.0,0.0,0.5877192982456141,0.21796497112932683,363.0,5.417910447761194,0.413908781238743,-0.0060660842100689815,-0.005515838580677782,0.0099340315013421,0,7.0,2.0,2,0.043859649122807015,0.0,T.Collins,0.0,1.0,0.125,51.620000000000005,2007,
T.Dilfer,00-0004293,SF,1166.0,10.31858407079646,247.0,7.0,62.0,113.0,12.0,0.4574898785425101,-0.3628359949916632,506.0,4.517857142857143,0.4934553056074059,-0.7017215260048163,-0.0006380784819213753,-0.0026198409269861224,0,27.0,1.0,1,0.02834008097165992,0.048582995951417005,T.Dilfer,0.0,25.0,2.5,51.14,2007,
T.Edwards,00-0025479,BUF,1630.0,10.794701986754967,281.0,7.0,81.0,151.0,8.0,0.5373665480427047,-0.17756468841428064,837.0,5.543046357615894,0.3340499044952475,-0.4413739542357663,0.00024898946855558335,-0.002349433791284216,0,12.0,2.0,0,0.02491103202846975,0.028469750889679714,T.Edwards,0.0,49.0,3.5,82.10000000000001,2007,155.65999999999997
T.Green,00-0006355,MIA,987.0,11.611764705882353,148.0,5.0,51.0,85.0,7.0,0.5743243243243243,-0.0509265020444866,434.0,5.105882352941176,0.5394794483157889,-0.4905589466153626,0.0026796813237333116,-0.004024195369862981,0,7.0,1.0,0,0.033783783783783786,0.0472972972972973,T.Green,0.0,32.0,4.571428571428571,48.68,2007,9.4
T.Jackson,00-0024279,MIN,1911.0,11.175438596491228,313.0,9.0,95.0,171.0,12.0,0.5463258785942492,-0.06618168008360793,885.0,5.175438596491228,0.4480046540389493,-0.4260303114424489,9.795882024356816e-05,-0.0001337974537782876,0,19.0,5.0,2,0.02875399361022364,0.038338658146964855,0,0.0,0.0,0.0,84.44,2007,84.24000000000001
T.Rattay,00-0019623,ARI,164.0,10.933333333333334,27.0,3.0,10.0,15.0,3.0,0.5555555555555556,-0.12514891625536878,34.0,2.2666666666666666,0.9026962203605332,-1.0278451366159003,0.010178643839623842,-0.009833102985457705,0,0.0,0.0,0,0.1111111111111111,0.1111111111111111,T.Rattay,0.0,5.0,2.5,13.059999999999999,2007,
T.Romo,00-0021678,DAL,4211.0,12.570149253731342,546.0,36.0,215.0,335.0,19.0,0.6135531135531136,0.22748926556210947,1681.0,5.017910447761194,0.5469974708631925,-0.23783849052423492,0.00463826392011924,0.0028190049708841434,0,25.0,4.0,2,0.06593406593406594,0.0347985347985348,T.Romo,2.0,128.0,4.571428571428571,295.24,2007,208.01999999999998
T.Smith,00-0025561,BAL,452.0,11.3,81.0,2.0,25.0,40.0,0.0,0.49382716049382713,0.027874807414648147,172.0,4.3,0.6868201039920898,-0.554322745774574,0.0030706748652543567,-0.002831691694082325,0,4.0,2.0,1,0.024691358024691357,0.0,0,0.0,0.0,0.0,24.08,2007,
V.Testaverde,00-0016193,CAR,936.0,9.957446808510639,182.0,5.0,46.0,94.0,6.0,0.5164835164835165,-0.19259690861568585,470.0,5.053763440860215,0.3738785812134953,-0.5108043622232414,0.0036399596846444595,-0.006098953903362861,0,9.0,2.0,1,0.027472527472527472,0.03296703296703297,V.Testaverde,0.0,22.0,2.4444444444444446,45.64,2007,
V.Young,00-0024218,TEN,2546.0,10.697478991596638,407.0,9.0,141.0,238.0,17.0,0.5847665847665847,-0.04175601871494479,1082.0,4.565400843881856,0.603026931433741,-0.5341315532010842,0.0029804609162177105,-0.00039307709012460415,0,25.0,3.0,2,0.022113022113022112,0.04176904176904177,V.Young,3.0,395.0,4.247311827956989,157.34,2007,11.46
A.Rodgers,00-0023459,GB,4038.0,11.841642228739003,572.0,28.0,182.0,341.0,13.0,0.5961538461538461,0.13993122321272994,1519.0,4.4676470588235295,0.5754657036253046,-0.3244489378784317,0.006194445038829377,0.0001052674424113522,2,34.0,3.0,3,0.04895104895104895,0.022727272727272728,A.Rodgers,4.0,207.0,3.6964285714285716,290.21999999999997,2008,343.76
A.Walter,00-0023504,LV,204.0,9.272727272727273,54.0,0.0,11.0,22.0,3.0,0.4074074074074074,-0.47882508246069555,132.0,6.285714285714286,0.20142100757220804,-0.5807329002630804,0.01649646071924104,-0.02255510272079846,0,5.0,0.0,0,0.0,0.05555555555555555,A.Walter,0.0,19.0,3.8,4.0600000000000005,2008,
B.Bollinger,00-0022026,DAL,71.0,7.1,20.0,1.0,4.0,10.0,1.0,0.5,-0.3577193978766446,16.0,1.6,0.4264620904954541,-0.5569271476740724,0.0013842878627243716,-0.0033489221532363358,0,3.0,0.0,0,0.05,0.05,0,0.0,0.0,0.0,4.84,2008,
B.Croyle,00-0024300,KC,151.0,7.55,30.0,0.0,7.0,20.0,0.0,0.6666666666666666,-0.0846809465315116,104.0,5.2,-0.04443275469058221,0.04524441911497691,0.0011254024916681757,-0.0014066639645346308,0,1.0,0.0,0,0.0,0.0,0,0.0,0.0,0.0,6.04,2008,17.2
B.Favre,00-0005106,NYJ,3472.0,10.122448979591837,557.0,22.0,184.0,343.0,22.0,0.6157989228007181,0.02003981886960824,1637.0,4.80058651026393,0.5324412629425901,-0.41907362445697405,0.002772319746039147,-0.0006790076380735717,1,30.0,4.0,2,0.03949730700179533,0.03949730700179533,B.Favre,1.0,43.0,2.0476190476190474,191.18,2008,282.78000000000003
B.Gradkowski,00-0024408,CLE,26.0,3.7142857142857144,25.0,0.0,1.0,7.0,3.0,0.28,-1.2440514564356975,23.0,3.2857142857142856,-0.14688981461915265,-1.0077605503805294,0.04232747699192953,-0.04953143061322319,0,4.0,0.0,0,0.0,0.12,0,0.0,0.0,0.0,-4.96,2008,64.96
B.Griese,00-0006423,TB,1073.0,9.754545454545454,193.0,5.0,58.0,110.0,7.0,0.5699481865284974,-0.139835387239742,444.0,4.073394495412844,0.31427728601412835,-0.36740145927064827,-0.001161312228749467,-0.0006542091456044059,0,9.0,2.0,1,0.025906735751295335,0.03626943005181347,B.Griese,0.0,-1.0,-0.2,46.82,2008,
B.Johnson,00-0008442,DAL,427.0,10.414634146341463,86.0,2.0,16.0,41.0,5.0,0.47674418604651164,-0.3626759744695108,178.0,4.341463414634147,0.5163275440218292,-0.7765890578061521,-0.0001659933854592532,-0.005118152273401707,0,8.0,2.0,0,0.023255813953488372,0.05813953488372093,B.Johnson,0.0,-1.0,-0.5,14.979999999999999,2008,
B.Leftwich,00-0022177,PIT,303.0,14.428571428571429,39.0,2.0,17.0,21.0,0.0,0.5384615384615384,0.41861033453657076,122.0,5.809523809523809,0.9975652626409862,-0.4100385666728003,0.00026153129126344285,0.008721934308483175,0,3.0,0.0,0,0.05128205128205128,0.0,B.Leftwich,1.0,7.0,1.75,26.819999999999997,2008,34.36000000000001
B.Quinn,00-0025409,CLE,518.0,11.511111111111111,90.0,2.0,24.0,45.0,2.0,0.5,-0.12263781862289566,240.0,5.333333333333333,0.6088538914830606,-0.7122955721231542,0.0024596271155859256,-0.007938268371456614,0,1.0,2.0,0,0.022222222222222223,0.022222222222222223,B.Quinn,0.0,21.0,4.2,26.82,2008,83.36
B.Roethlisberger,00-0022924,PIT,3314.0,11.75177304964539,518.0,17.0,162.0,282.0,15.0,0.5444015444015444,-0.0313964607525634,1284.0,4.569395017793594,0.5581813952774579,-0.4137889826347774,0.004077713378319862,0.0012662108944038629,0,47.0,7.0,5,0.032818532818532815,0.02895752895752896,B.Roethlisberger,2.0,101.0,2.9705882352941178,182.66,2008,267.02
C.Frye,00-0023502,SEA,83.0,6.916666666666667,26.0,2.0,5.0,12.0,2.0,0.46153846153846156,-0.47199050569268486,42.0,3.5,0.3651633125960157,-0.7008634921149353,0.0029759023021232824,-0.009373677214235352,0,3.0,0.0,0,0.07692307692307693,0.07692307692307693,0,0.0,0.0,0.0,7.32,2008,23.339999999999996
C.Henne,00-0026197,MIA,67.0,9.571428571428571,12.0,0.0,3.0,7.0,0.0,0.5833333333333334,0.260881933422449,11.0,1.5714285714285714,0.6601528851582165,-0.3992709517357677,-1.9748525422377117e-07,1.9083803636017064e-05,0,0.0,0.0,0,0.0,0.0,0,0.0,0.0,0.0,2.68,2008,144.32
C.Palmer,00-0021429,CIN,736.0,9.68421052631579,142.0,3.0,41.0,76.0,4.0,0.5352112676056338,-0.12699763598094937,333.0,4.381578947368421,0.2813542821175522,-0.29715418861726206,0.0020617003427108394,0.0034745697777463875,0,11.0,0.0,0,0.02112676056338028,0.028169014084507043,C.Palmer,0.0,38.0,6.333333333333333,37.239999999999995,2008,207.06
C.Pennington,00-0019559,MIA,3653.0,11.38006230529595,499.0,19.0,180.0,321.0,7.0,0.6432865731462926,0.1803996828272642,1407.0,4.396875,0.497934721943108,-0.2415497219222006,0.003285342873218337,0.003728484722310945,0,23.0,2.0,2,0.03807615230460922,0.014028056112224449,C.Pennington,1.0,58.0,1.8709677419354838,215.92000000000002,2008,15.219999999999999
D.Anderson,00-0023645,CLE,1615.0,11.373239436619718,300.0,9.0,82.0,142.0,8.0,0.47333333333333333,-0.0844803512737539,781.0,5.5,0.4810774648605008,-0.4912601643983752,0.0005648307753775486,-0.0006723427207806355,2,15.0,2.0,1,0.03,0.02666666666666667,D.Anderson,0.0,61.0,2.3461538461538463,92.69999999999999,2008,36.32000000000001
D.Brees,00-0020531,NO,5069.0,12.27360774818402,649.0,34.0,232.0,413.0,17.0,0.6363636363636364,0.23618269433497963,2310.0,5.606796116504855,0.4222145408223208,-0.13856641645786902,0.0006298088192926221,0.0049399959633067364,0,13.0,4.0,1,0.05238828967642527,0.026194144838212634,D.Brees,0.0,-1.0,-0.045454545454545456,302.65999999999997,2008,290.82
D.Carr,00-0020608,NYG,115.0,12.777777777777779,13.0,2.0,7.0,9.0,0.0,0.6923076923076923,0.6640620601090039,26.0,2.888888888888889,1.4387665502338984,-0.6638031638505503,0.022217541906768043,0.006382932265599567,0,1.0,0.0,0,0.15384615384615385,0.0,D.Carr,0.0,10.0,1.25,13.6,2008,21.7
D.Culpepper,00-0003739,DET,786.0,13.1,129.0,4.0,30.0,60.0,6.0,0.46511627906976744,-0.4306283872049135,303.0,5.05,0.6066159867507025,-0.9038676290537816,0.009505915583429794,-0.015803172999344507,0,14.0,4.0,1,0.031007751937984496,0.046511627906976744,D.Culpepper,1.0,25.0,2.272727272727273,41.94,2008,46.9
D.Garrard,00-0021231,JAX,3620.0,10.805970149253731,578.0,15.0,182.0,335.0,13.0,0.5795847750865052,1.2605173460215454e-05,1469.0,4.385074626865672,0.5405608656190042,-0.41508266272944944,0.0043510525253662585,-0.0019909290515995005,0,42.0,7.0,4,0.025951557093425604,0.02249134948096886,D.Garrard,2.0,322.0,4.410958904109589,215.0,2008,224.18
D.Huard,00-0007835,KC,477.0,9.54,90.0,2.0,20.0,50.0,4.0,0.5555555555555556,-0.2944462719068085,200.0,4.0,0.5293621868986521,-0.6730444608894991,0.0037977427307754165,-0.005664623761549594,0,9.0,1.0,1,0.022222222222222223,0.044444444444444446,D.Huard,0.0,13.0,3.25,18.38,2008,
D.McNabb,00-0011022,PHI,3914.0,11.344927536231884,595.0,23.0,196.0,345.0,11.0,0.5798319327731093,0.08791836831338067,1712.0,4.9623188405797105,0.5133135342618754,-0.32282168446088966,0.006973751071796342,-0.003085600640074114,0,24.0,6.0,4,0.03865546218487395,0.018487394957983194,D.McNabb,2.0,151.0,3.973684210526316,245.66,2008,234.22
D.Orlovsky,00-0023578,DET,1616.0,11.3006993006993,271.0,8.0,73.0,143.0,8.0,0.5276752767527675,-0.09663759550802895,625.0,4.370629370629371,0.6766212800508282,-0.6999552856490996,0.006691625521500747,-0.007993222007778878,2,14.0,3.0,0,0.02952029520295203,0.02952029520295203,D.Orlovsky,0.0,29.0,4.142857142857143,87.54,2008,
D.Stanton,00-0025430,DET,119.0,13.222222222222221,23.0,1.0,6.0,9.0,0.0,0.391304347826087,-0.32200105393721207,31.0,3.4444444444444446,1.0308512054890506,-0.8100024762381351,0.046036804385519735,-0.04581995651909998,0,6.0,0.0,0,0.043478260869565216,0.0,D.Stanton,0.0,20.0,6.666666666666667,10.76,2008,5.659999999999999
E.Manning,00-0022803,NYG,3238.0,11.204152249134948,508.0,21.0,169.0,289.0,10.0,0.5688976377952756,0.09124277979029574,1220.0,4.221453287197232,0.6119629057106726,-0.4224224610139226,0.004161963217911429,0.0024502623956616618,1,27.0,2.0,2,0.04133858267716536,0.01968503937007874,E.Manning,1.0,10.0,0.5,198.52,2008,235.34000000000003
G.Frerotte,00-0005589,MIN,2157.0,12.117977528089888,330.0,12.0,101.0,178.0,15.0,0.5393939393939394,-0.11648173774525157,955.0,5.365168539325842,0.444216461640802,-0.43151078303124846,0.004668500937027523,-0.003941243754033671,0,29.0,2.0,0,0.03636363636363636,0.045454545454545456,G.Frerotte,1.0,7.0,0.3684210526315789,110.98,2008,
J.Campbell,00-0023460,WAS,3245.0,10.301587301587302,546.0,13.0,162.0,315.0,6.0,0.5769230769230769,-0.04361044486700533,1784.0,5.663492063492064,0.24770397255401896,-0.17320809140674576,0.0012816526662951674,0.002145585422680749,0,38.0,5.0,1,0.023809523809523808,0.01098901098901099,J.Campbell,1.0,258.0,5.48936170212766,199.60000000000002,2008,218.32
J.Cutler,00-0024226,DEN,4525.0,11.783854166666666,628.0,25.0,222.0,384.0,18.0,0.6114649681528662,0.17086378136256147,1810.0,4.713541666666667,0.656199844975649,-0.45207001889244625,0.003881255121454666,0.0007275342314781425,1,11.0,4.0,1,0.03980891719745223,0.028662420382165606,J.Cutler,2.0,200.0,3.508771929824561,277.0,2008,227.83999999999997
J.Delhomme,00-0004161,CAR,3284.0,13.34959349593496,434.0,15.0,151.0,246.0,12.0,0.5668202764976958,0.06354008467462298,1226.0,5.004081632653061,0.6245916078415662,-0.4661427847905694,0.0025611402634129424,0.0032705921942607205,0,20.0,5.0,2,0.03456221198156682,0.027649769585253458,J.Delhomme,2.0,21.0,1.05,177.46,2008,78.6
J.Flacco,00-0026158,BAL,2971.0,11.560311284046692,462.0,14.0,143.0,257.0,12.0,0.5562770562770563,-0.04883839394220098,1376.0,5.35408560311284,0.5423741641688588,-0.4441973753632294,0.0043822531155622855,-0.0019070827890933517,1,33.0,6.0,3,0.030303030303030304,0.025974025974025976,J.Flacco,2.0,181.0,3.480769230769231,176.94,2008,206.72
J.Garcia,00-0005755,TB,2712.0,11.114754098360656,403.0,12.0,125.0,244.0,6.0,0.6054590570719603,0.06604860411553325,1193.0,4.889344262295082,0.3419267596940206,-0.15861320994486722,-0.0022009426353297853,0.005912635967874733,1,24.0,7.0,3,0.02977667493796526,0.01488833746898263,J.Garcia,1.0,151.0,4.4411764705882355,161.58,2008,
J.Kitna,00-0009311,DET,758.0,11.147058823529411,135.0,5.0,33.0,68.0,5.0,0.5037037037037037,-0.31802301433104774,377.0,5.544117647058823,0.6045147848458364,-0.7258522684924991,0.0012175399591846127,-0.00313958507543139,0,15.0,1.0,1,0.037037037037037035,0.037037037037037035,J.Kitna,0.0,26.0,4.333333333333333,40.92,2008,
J.Losman,00-0022912,BUF,584.0,9.26984126984127,119.0,2.0,34.0,63.0,5.0,0.5294117647058824,-0.3908695482992752,265.0,4.2063492063492065,0.40038664062423296,-0.5195088935237963,0.004504781087858037,-0.009784893148183359,0,15.0,4.0,3,0.01680672268907563,0.04201680672268908,J.Losman,2.0,70.0,5.833333333333333,34.36,2008,
J.O'Sullivan,00-0021296,SF,1678.0,13.109375,253.0,8.0,77.0,128.0,11.0,0.5059288537549407,-0.23168269767114463,930.0,7.265625,0.551962947033715,-0.5484332878025839,-0.0018815013152887943,0.0028376921439971572,1,32.0,6.0,6,0.03162055335968379,0.043478260869565216,J.O'Sullivan,0.0,145.0,4.833333333333333,81.62,2008,-1.2
J.Palmer,00-0025592,CIN,41.0,5.857142857142857,14.0,0.0,4.0,7.0,2.0,0.5,-0.9384165724726948,29.0,4.142857142857143,0.13300518595012026,-1.0541450123588822,-6.3578430247919925e-06,-2.2180431490892785e-05,0,2.0,0.0,0,0.0,0.14285714285714285,0,0.0,0.0,0.0,-2.3600000000000003,2008,
J.Russell,00-0025388,LV,2423.0,12.237373737373737,398.0,13.0,111.0,198.0,8.0,0.49748743718592964,-0.14881548701718084,1009.0,5.095959595959596,0.7041140377912607,-0.7039440184875057,0.008778027890078264,-0.009757124458439494,0,30.0,6.0,6,0.032663316582914576,0.020100502512562814,J.Russell,1.0,127.0,7.055555555555555,139.62,2008,34.1
J.Sorgi,00-0022744,IND,178.0,8.090909090909092,30.0,0.0,10.0,22.0,0.0,0.7333333333333333,0.07383608973650883,120.0,5.454545454545454,0.08905493792456891,-0.015218848188060156,-0.0004083613554636634,0.0029218673706054798,0,0.0,0.0,0,0.0,0.0,J.Sorgi,0.0,8.0,1.6,7.92,2008,
K.Collins,00-0003292,TEN,2681.0,11.03292181069959,425.0,12.0,133.0,243.0,7.0,0.571764705882353,0.035582970989383074,1155.0,4.753086419753086,0.5037700941808334,-0.43007907119240196,0.0011718806831363686,0.001068256212388249,1,8.0,4.0,1,0.02823529411764706,0.01647058823529412,K.Collins,0.0,49.0,1.96,146.14000000000001,2008,64.5
K.Dorsey,00-0022039,CLE,374.0,8.69767441860465,96.0,0.0,19.0,43.0,7.0,0.4479166666666667,-0.5141135561012349,150.0,3.5714285714285716,0.06986691302663281,-0.5618234926988217,0.005266543413583556,-0.0157106386749303,0,5.0,0.0,0,0.0,0.07291666666666667,K.Dorsey,0.0,0.0,0.0,0.9600000000000009,2008,
K.Kolb,00-0025423,PHI,144.0,8.470588235294118,34.0,0.0,8.0,17.0,4.0,0.5,-0.9042323827033055,62.0,3.6470588235294117,0.5884747061106333,-1.492707088813939,-0.00016823403829596006,-0.010049967518963542,0,0.0,0.0,0,0.0,0.11764705882352941,K.Kolb,0.0,2.0,0.15384615384615385,-2.04,2008,44.14
K.Orton,00-0023541,CHI,2979.0,10.912087912087912,494.0,18.0,142.0,273.0,12.0,0.5526315789473685,-0.07343289089209486,1387.0,5.08058608058608,0.43519383481718177,-0.4065614536456598,0.002311644561322921,-0.0005245201929596542,1,27.0,5.0,3,0.03643724696356275,0.024291497975708502,K.Orton,3.0,49.0,2.0416666666666665,186.06,2008,215.18
K.Warner,00-0017200,ARI,4582.0,11.398009950248756,628.0,30.0,220.0,402.0,14.0,0.6401273885350318,0.1453096176619505,2115.0,5.2611940298507465,0.2979744599253818,-0.046219187260847845,0.004505325808787825,0.0018845001049458219,0,26.0,10.0,6,0.04777070063694268,0.022292993630573247,K.Warner,0.0,-2.0,-0.1111111111111111,263.08,2008,219.32
M.Bulger,00-0019599,LA,2727.0,10.821428571428571,480.0,11.0,121.0,252.0,13.0,0.525,-0.19338365867087556,1157.0,4.609561752988048,0.5275810995986027,-0.5899296591484778,0.004093022013230222,-0.005267422346001835,0,38.0,5.0,3,0.022916666666666665,0.027083333333333334,M.Bulger,0.0,41.0,2.9285714285714284,125.17999999999998,2008,66.96
M.Cassel,00-0023662,NE,3693.0,11.259146341463415,564.0,21.0,182.0,328.0,11.0,0.5815602836879432,0.1288853742588338,2053.0,6.259146341463414,0.4442525982694567,-0.17055198838895094,0.0018754188099592841,0.004819676917022096,2,44.0,5.0,3,0.03723404255319149,0.01950354609929078,M.Cassel,2.0,271.0,3.5657894736842106,246.82,2008,166.55999999999997
M.Hasselbeck,00-0007091,SEA,1216.0,11.155963302752294,229.0,5.0,65.0,109.0,10.0,0.4759825327510917,-0.1814401847674781,439.0,4.027522935779817,0.737068111857881,-0.8150498286601073,0.0022884799435315406,-0.004707323481933321,0,19.0,2.0,1,0.021834061135371178,0.043668122270742356,0,0.0,0.0,0.0,46.64,2008,163.06
M.Leinart,00-0024225,ARI,264.0,17.6,31.0,1.0,10.0,15.0,1.0,0.4838709677419355,-0.1280182307904725,98.0,6.533333333333333,0.680113182799344,-0.6304692827316919,0.00023940533895350954,0.0005597530508911691,0,2.0,1.0,1,0.03225806451612903,0.03225806451612903,M.Leinart,0.0,5.0,1.25,11.06,2008,10.799999999999999
M.Ryan,00-0026143,ATL,3440.0,12.981132075471699,452.0,16.0,157.0,265.0,11.0,0.5862831858407079,0.13252298961406325,1325.0,5.0,0.6277046337206739,-0.42512017010375736,0.004022226844108952,0.001549688205118717,1,17.0,4.0,1,0.035398230088495575,0.024336283185840708,M.Ryan,1.0,104.0,1.8909090909090909,196.0,2008,181.54
M.Schaub,00-0022787,HOU,3043.0,12.123505976095618,404.0,15.0,146.0,251.0,10.0,0.6212871287128713,0.048233937851210176,1339.0,5.356,0.4696126503778767,-0.2875473631281879,0.0023952555309538575,0.0037558668127718855,1,23.0,7.0,4,0.03712871287128713,0.024752475247524754,M.Schaub,2.0,68.0,2.193548387096774,174.52,2008,282.90000000000003
P.Manning,00-0010346,IND,4002.0,10.787061994609164,570.0,27.0,210.0,371.0,12.0,0.6508771929824562,0.2322532478845632,1569.0,4.22911051212938,0.572745415033736,-0.29750087823071597,0.00560174786181861,0.0020429615601853775,1,14.0,2.0,0,0.04736842105263158,0.021052631578947368,P.Manning,1.0,21.0,1.05,254.18000000000004,2008,278.7
P.Rivers,00-0022942,LAC,4004.0,12.833333333333334,508.0,34.0,191.0,312.0,11.0,0.6141732283464567,0.2376803628694941,1683.0,5.411575562700965,0.6242389820609733,-0.2803245627182057,0.003959459908850336,0.0014458190148476247,2,25.0,6.0,4,0.06692913385826772,0.021653543307086614,P.Rivers,0.0,84.0,2.7096774193548385,278.55999999999995,2008,269.15999999999997
R.Fitzpatrick,00-0023682,CIN,1905.0,8.619909502262443,411.0,8.0,100.0,221.0,9.0,0.537712895377129,-0.1932847081099926,817.0,3.6968325791855206,0.43522300828032745,-0.4684141723976718,0.003939941092199046,-0.004830498368003704,0,38.0,6.0,5,0.019464720194647202,0.021897810218978103,R.Fitzpatrick,2.0,304.0,5.066666666666666,122.6,2008,88.97999999999999
R.Grossman,00-0022121,CHI,257.0,7.787878787878788,65.0,2.0,12.0,33.0,2.0,0.5076923076923077,-0.3160008730314726,103.0,3.121212121212121,0.5718386882559454,-0.8572059470749782,0.0015633749805310255,-0.011250234928315022,0,2.0,0.0,0,0.03076923076923077,0.03076923076923077,R.Grossman,2.0,4.0,1.3333333333333333,26.68,2008,
S.Hill,00-0020679,SF,2046.0,11.303867403314918,312.0,13.0,99.0,181.0,8.0,0.5801282051282052,0.0655076149462392,796.0,4.4222222222222225,0.5030534711029014,-0.3057528548053301,0.005540492864486691,-0.00015022496228640878,0,23.0,1.0,0,0.041666666666666664,0.02564102564102564,S.Hill,2.0,115.0,4.791666666666667,141.34,2008,58.72
S.Rosenfels,00-0020480,HOU,1431.0,12.336206896551724,183.0,6.0,64.0,116.0,10.0,0.6338797814207651,0.034234362327469584,659.0,5.681034482758621,0.35553781341505497,-0.2188600481360936,0.005396166435463212,-0.002318158312355805,0,9.0,1.0,1,0.03278688524590164,0.0546448087431694,S.Rosenfels,0.0,37.0,3.3636363636363638,62.94000000000001,2008,
S.Wallace,00-0022055,SEA,1532.0,10.865248226950355,257.0,11.0,72.0,141.0,3.0,0.5486381322957199,0.04069443410621224,750.0,5.319148936170213,0.47524474008690354,-0.33048098289524475,0.0032274088692873003,-1.1244709891389729e-07,0,14.0,3.0,2,0.042801556420233464,0.011673151750972763,S.Wallace,0.0,78.0,4.875,103.08,2008,32.0
T.Brady,00-0019596,NE,76.0,10.857142857142858,11.0,0.0,3.0,7.0,0.0,0.6363636363636364,-0.7749714300840762,28.0,4.0,-0.15009325258010522,-0.6248781775039706,-0.014934360980987564,-0.006988511844114828,0,0.0,2.0,0,0.0,0.0,0,0.0,0.0,0.0,3.04,2008,270.31999999999994
T.Edwards,00-0025479,BUF,2699.0,11.016326530612245,398.0,11.0,132.0,245.0,10.0,0.6155778894472361,0.01262036053297876,1096.0,4.473469387755102,0.3507695196093181,-0.20534668853573138,0.0013422540315555479,0.0023449552059031297,1,23.0,6.0,4,0.02763819095477387,0.02512562814070352,T.Edwards,3.0,117.0,3.25,155.65999999999997,2008,67.35999999999999
T.Green,00-0006355,LA,525.0,13.81578947368421,78.0,0.0,19.0,38.0,6.0,0.48717948717948717,-0.4835054000808501,227.0,5.973684210526316,0.6616778144018953,-1.0447477615139,0.004698448004395072,-0.010766418022992342,0,6.0,1.0,0,0.0,0.07692307692307693,T.Green,0.0,4.0,1.3333333333333333,9.4,2008,
T.Jackson,00-0024279,MIN,1056.0,12.0,165.0,9.0,48.0,88.0,2.0,0.5333333333333333,-0.023644580158485702,472.0,5.363636363636363,0.5118288973894602,-0.3351166124808714,0.0034256467412589094,0.0018694136698582837,0,15.0,3.0,2,0.05454545454545454,0.012121212121212121,T.Jackson,0.0,140.0,5.833333333333333,84.24000000000001,2008,11.04
T.Romo,00-0021678,DAL,3448.0,12.492753623188406,472.0,26.0,150.0,276.0,14.0,0.5847457627118644,0.07365925018845833,1572.0,5.716363636363637,0.5435451548052537,-0.3600477310021367,0.0019461650515302505,0.002349005087713142,0,20.0,5.0,5,0.05508474576271186,0.029661016949152543,T.Romo,0.0,41.0,1.4642857142857142,208.01999999999998,2008,275.82
T.Thigpen,00-0025604,KC,2608.0,11.339130434782609,449.0,18.0,127.0,230.0,12.0,0.512249443207127,-0.046470234062989356,997.0,4.353711790393013,0.5954021646840846,-0.5585324798193486,0.004455934985041394,-0.0027179412274231742,1,26.0,1.0,0,0.0400890868596882,0.026726057906458798,T.Thigpen,3.0,386.0,6.225806451612903,210.92,2008,
V.Young,00-0024218,TEN,219.0,9.954545454545455,39.0,1.0,9.0,22.0,2.0,0.5641025641025641,-0.26157868939691226,162.0,7.363636363636363,0.12661310726495334,-0.2928775307801913,-0.00025788860188590283,-0.011527140351267543,0,3.0,0.0,0,0.02564102564102564,0.05128205128205128,V.Young,0.0,27.0,3.375,11.46,2008,141.26
A.Rodgers,00-0023459,GB,4434.0,12.668571428571429,595.0,30.0,197.0,350.0,7.0,0.5882352941176471,0.18921335942657513,2057.0,5.877142857142857,0.6096420394892109,-0.2645136782792979,0.001037473742088248,0.0060741410053985305,3,49.0,6.0,3,0.05042016806722689,0.011764705882352941,A.Rodgers,5.0,304.0,5.1525423728813555,343.76,2009,306.48
A.Smith,00-0023436,SF,2350.0,10.444444444444445,394.0,18.0,98.0,225.0,12.0,0.5710659898477157,-0.06404709533143456,1123.0,4.9911111111111115,0.3223986479538909,-0.28949981418295134,0.002467154834010925,-0.0041207113060169435,0,22.0,3.0,1,0.04568527918781726,0.030456852791878174,A.Smith,0.0,51.0,2.125,145.1,2009,128.8
B.Brohm,00-0026196,BUF,146.0,8.588235294117647,31.0,0.0,8.0,17.0,2.0,0.5483870967741935,-0.31577094060100397,95.0,5.588235294117647,0.26603923707493976,-0.513529507203755,0.000981965455515631,-0.004125875346603449,0,2.0,0.0,0,0.0,0.06451612903225806,B.Brohm,0.0,-3.0,-1.0,1.5399999999999998,2009,-3.76
B.Croyle,00-0024300,KC,230.0,10.0,43.0,2.0,10.0,23.0,0.0,0.5348837209302325,-0.2179304200792684,124.0,5.391304347826087,0.07562590805900966,-0.16280095197226643,0.030674136181733053,-0.02431225817760719,0,3.0,0.0,0,0.046511627906976744,0.0,0,0.0,0.0,0.0,17.2,2009,-0.48
B.Favre,00-0005106,MIN,4202.0,11.543956043956044,566.0,33.0,211.0,364.0,7.0,0.6431095406360424,0.22128363698199835,1949.0,5.354395604395604,0.4872696315426894,-0.12279994589520236,0.00218635741790725,0.006012791485129672,0,34.0,4.0,2,0.05830388692579505,0.012367491166077738,B.Favre,0.0,7.0,0.7777777777777778,282.78000000000003,2009,101.16000000000001
B.Gradkowski,00-0024408,LV,1004.0,12.395061728395062,160.0,6.0,44.0,81.0,3.0,0.50625,-0.031773612845255324,421.0,5.197530864197531,0.7939219026553892,-0.6960962314345287,0.007366686643557642,0.006523342796193643,0,11.0,2.0,2,0.0375,0.01875,B.Gradkowski,0.0,108.0,6.0,64.96,2009,48.46
B.Hoyer,00-0026625,NE,142.0,7.473684210526316,29.0,0.0,8.0,19.0,0.0,0.6551724137931034,-0.16090660503123952,115.0,6.052631578947368,-0.34885822977499953,0.291527674869588,-0.05236728185856786,0.05095690593373514,0,2.0,0.0,0,0.0,0.0,B.Hoyer,1.0,25.0,2.5,14.18,2009,6.079999999999999
B.Leftwich,00-0022177,TB,594.0,10.241379310344827,110.0,4.0,27.0,58.0,3.0,0.5272727272727272,-0.11015657517539129,178.0,3.0689655172413794,0.5347765330978664,-0.6295175882095676,0.010187835237926565,-0.013405427049971145,0,2.0,0.0,0,0.03636363636363636,0.02727272727272727,B.Leftwich,0.0,6.0,1.0,34.36000000000001,2009,
B.Quinn,00-0025409,CLE,1339.0,9.845588235294118,275.0,8.0,73.0,136.0,7.0,0.49454545454545457,-0.19235943317787887,665.0,4.889705882352941,0.38305179929776406,-0.4518888277827327,0.0007351778018063888,-0.002702742252119548,0,19.0,3.0,2,0.02909090909090909,0.025454545454545455,B.Quinn,1.0,98.0,4.9,83.36,2009,
B.Roethlisberger,00-0022924,PIT,4328.0,12.84272997032641,556.0,26.0,202.0,337.0,12.0,0.6061151079136691,0.1394775290592185,1795.0,5.342261904761905,0.6121898949234618,-0.2879274183852257,0.0010570559043513374,0.008515849587022176,0,50.0,4.0,3,0.046762589928057555,0.02158273381294964,B.Roethlisberger,2.0,79.0,1.9268292682926829,267.02,2009,213.6
B.Volek,00-0019041,LAC,231.0,11.55,32.0,1.0,13.0,20.0,1.0,0.625,0.16224890968073838,163.0,8.15,0.22649238324506288,-0.03194914162802138,0.016600864267362164,-0.006179749965667718,0,1.0,0.0,0,0.03125,0.03125,B.Volek,0.0,-9.0,-1.0,10.34,2009,
C.Frye,00-0023502,LV,581.0,10.962264150943396,92.0,1.0,29.0,53.0,4.0,0.5760869565217391,-0.16737203623091929,272.0,5.132075471698113,0.46485077277837544,-0.5603663455605591,0.007302862953126985,-0.009537150213580535,0,5.0,0.0,0,0.010869565217391304,0.043478260869565216,C.Frye,0.0,41.0,10.25,23.339999999999996,2009,
C.Henne,00-0026197,MIA,2878.0,10.503649635036496,479.0,12.0,156.0,274.0,14.0,0.5720250521920668,0.018833907554301078,1136.0,4.145985401459854,0.5840434455052462,-0.4764590261965032,0.004076905256479988,-0.0010213726003641364,0,26.0,1.0,0,0.025052192066805846,0.029227557411273485,C.Henne,1.0,32.0,2.0,144.32,2009,159.11999999999998
C.Painter,00-0027134,IND,83.0,10.375,31.0,0.0,3.0,8.0,2.0,0.25806451612903225,-0.8996574480796325,24.0,3.0,0.6006293938969195,-1.2193953533403283,-0.00045605136256198316,-0.005352524516638354,0,3.0,1.0,1,0.0,0.06451612903225806,C.Painter,0.0,4.0,1.3333333333333333,-2.2800000000000002,2009,
C.Palmer,00-0021429,CIN,3094.0,10.97163120567376,494.0,21.0,158.0,282.0,13.0,0.5708502024291497,0.05190849117450711,1299.0,4.6063829787234045,0.5542821666848563,-0.3974253269483179,0.00552987714745471,-0.0001809264681368153,1,26.0,7.0,2,0.04251012145748988,0.02631578947368421,C.Palmer,3.0,93.0,2.3846153846153846,207.06,2009,227.8
C.Pennington,00-0019559,MIA,413.0,8.098039215686274,80.0,1.0,27.0,51.0,2.0,0.6375,-0.16185198108485568,148.0,2.9019607843137254,0.49055235027683214,-0.4898140828479478,0.0021523467342679705,-0.0030403405476615037,0,6.0,3.0,1,0.0125,0.025,C.Pennington,0.0,7.0,2.3333333333333335,15.219999999999999,2009,
C.Redman,00-0019709,ATL,781.0,11.318840579710145,127.0,4.0,40.0,69.0,3.0,0.5433070866141733,0.005641813252759181,348.0,5.043478260869565,0.6044476451583579,-0.493897502021008,0.004415278788175054,0.0012621531121185267,0,8.0,0.0,0,0.031496062992125984,0.023622047244094488,C.Redman,0.0,4.0,0.6666666666666666,41.63999999999999,2009,
C.Simms,00-0022005,DEN,23.0,4.6,22.0,0.0,1.0,5.0,1.0,0.22727272727272727,-1.0281174215567512,11.0,2.2,0.4047766373294182,-1.1881007545025037,-0.0016802019330070235,-0.016847066307330835,0,5.0,1.0,1,0.0,0.045454545454545456,C.Simms,0.0,-4.0,-1.3333333333333333,-3.48,2009,
D.Anderson,00-0023645,CLE,888.0,10.962962962962964,193.0,3.0,43.0,81.0,10.0,0.41968911917098445,-0.4297406041023527,375.0,4.62962962962963,0.44522821819454766,-0.805863865844655,0.009491246511832474,-0.017524421932345033,0,11.0,5.0,2,0.015544041450777202,0.05181347150259067,D.Anderson,2.0,8.0,0.8,36.32000000000001,2009,91.1
D.Brees,00-0020531,NO,4388.0,12.088154269972451,535.0,34.0,210.0,363.0,11.0,0.6785046728971963,0.2701954318931044,1975.0,5.440771349862259,0.49069978338458986,-0.11492590853157948,0.0020221007506480548,0.007599018289695054,0,20.0,9.0,7,0.06355140186915888,0.020560747663551402,D.Brees,2.0,33.0,1.5,290.82,2009,268.5
D.Carr,00-0020608,NYG,225.0,10.714285714285714,35.0,1.0,11.0,21.0,0.0,0.6,0.04953362655473525,125.0,5.9523809523809526,0.4607448172992006,-0.3344940699213452,3.5173891319573175e-06,-0.0007565927141259265,0,2.0,0.0,0,0.02857142857142857,0.0,D.Carr,1.0,27.0,3.0,21.7,2009,0.6800000000000002
D.Culpepper,00-0003739,DET,945.0,10.617977528089888,172.0,3.0,45.0,89.0,6.0,0.5174418604651163,-0.15723092933917482,381.0,4.280898876404494,0.579378650223356,-0.620659519103574,0.0011105938908832912,0.0015229781328084044,0,14.0,1.0,0,0.01744186046511628,0.03488372093023256,D.Culpepper,0.0,91.0,5.055555555555555,46.9,2009,
D.Dixon,00-0026296,PIT,145.0,12.083333333333334,26.0,1.0,6.0,12.0,1.0,0.46153846153846156,-0.2498285008532095,80.0,6.666666666666667,0.4920980743571327,-0.7419265752103416,-0.0012998209925941385,-0.021365508634324695,0,0.0,0.0,0,0.038461538461538464,0.038461538461538464,D.Dixon,1.0,27.0,9.0,16.5,2009,9.36
D.Garrard,00-0021231,JAX,3597.0,11.455414012738853,558.0,15.0,170.0,314.0,10.0,0.5627240143369175,-0.04056260798362409,1521.0,4.843949044585988,0.4714263217710505,-0.3568795142002337,0.004506051109005538,-0.004554093737621798,0,42.0,8.0,5,0.026881720430107527,0.017921146953405017,D.Garrard,3.0,323.0,4.194805194805195,224.18,2009,224.36
D.McNabb,00-0011022,PHI,3553.0,13.307116104868914,481.0,22.0,148.0,267.0,10.0,0.5550935550935551,0.07531029617694447,1638.0,6.157894736842105,0.5913567401938729,-0.36753324307420926,0.0037428350644775977,0.00011640744327710452,2,36.0,3.0,3,0.04573804573804574,0.02079002079002079,D.McNabb,2.0,141.0,3.9166666666666665,234.22,2009,176.18
D.Stanton,00-0025430,DET,259.0,9.961538461538462,56.0,0.0,12.0,26.0,6.0,0.4642857142857143,-0.7138531327127963,129.0,4.961538461538462,0.7033298487886878,-1.316543509282372,0.0003897793891762039,-0.0037620635255235357,0,5.0,2.0,1,0.0,0.10714285714285714,D.Stanton,1.0,33.0,3.6666666666666665,5.659999999999999,2009,56.5
E.Manning,00-0022803,NYG,4021.0,12.684542586750789,539.0,27.0,183.0,317.0,14.0,0.588126159554731,0.15716546354459687,1741.0,5.5094936708860756,0.6179753161066225,-0.3338579431791113,0.003748670831088694,0.0032484219164040425,0,30.0,7.0,6,0.05009276437847866,0.025974025974025976,E.Manning,0.0,65.0,3.823529411764706,235.34000000000003,2009,233.08000000000004
J.Campbell,00-0023460,WAS,3618.0,11.064220183486238,549.0,20.0,186.0,327.0,15.0,0.5956284153005464,-0.01239249339846104,2064.0,6.3119266055045875,0.18996777942572446,-0.05588833389335623,0.005188315247936058,-0.004073067376331427,0,42.0,5.0,3,0.03642987249544627,0.0273224043715847,J.Campbell,1.0,236.0,5.0212765957446805,218.32,2009,129.48000000000002
J.Cutler,00-0024226,CHI,3666.0,10.910714285714286,591.0,27.0,170.0,336.0,26.0,0.5685279187817259,-0.08704119848569755,1591.0,4.7351190476190474,0.566758457369252,-0.5804737710421649,0.0032040388675389528,-0.001601690146146897,2,34.0,2.0,1,0.04568527918781726,0.043993231810490696,J.Cutler,1.0,172.0,4.195121951219512,227.83999999999997,2009,212.16
J.Delhomme,00-0004161,CAR,2015.0,11.320224719101123,345.0,8.0,100.0,178.0,18.0,0.5159420289855072,-0.16578465502040485,836.0,4.72316384180791,0.594568687571501,-0.6342420611083298,0.00030047594864173225,-0.002067728542001444,1,23.0,3.0,3,0.02318840579710145,0.05217391304347826,J.Delhomme,0.0,60.0,3.5294117647058822,78.6,2009,26.680000000000003
J.Flacco,00-0026158,BAL,3613.0,11.46984126984127,536.0,21.0,186.0,315.0,12.0,0.5876865671641791,0.08270003656680727,1649.0,5.234920634920635,0.5410609107405061,-0.3477340738082204,0.00550902064541451,-0.001681708555127491,0,37.0,4.0,2,0.03917910447761194,0.022388059701492536,J.Flacco,0.0,62.0,1.8235294117647058,206.72,2009,233.28
J.Freeman,00-0026993,TB,1857.0,11.679245283018869,312.0,10.0,89.0,159.0,18.0,0.5096153846153846,-0.18696327237932106,659.0,4.144654088050315,0.6780633786094616,-0.7994250027358882,0.004839114512345267,-0.00747475088509547,1,19.0,2.0,1,0.03205128205128205,0.057692307692307696,0,0.0,0.0,0.0,78.28,2009,260.44
J.Johnson,00-0026300,TB,685.0,10.873015873015873,136.0,4.0,32.0,63.0,8.0,0.4632352941176471,-0.2219958088439346,265.0,4.2063492063492065,0.6601938905101457,-0.8005106407285831,0.002005491764988507,-0.006198311666832038,0,11.0,0.0,0,0.029411764705882353,0.058823529411764705,0,0.0,0.0,0.0,27.4,2009,8.34
J.O'Sullivan,00-0021296,CIN,40.0,10.0,14.0,0.0,1.0,4.0,0.0,0.2857142857142857,-1.387690115063119,15.0,3.75,-0.13523961287203476,-0.25160170483021854,-2.4719920475027493e-05,-1.2109185759485602e-05,0,3.0,2.0,2,0.0,0.0,J.O'Sullivan,0.0,12.0,4.0,-1.2,2009,
J.Russell,00-0025388,LV,1290.0,10.661157024793388,279.0,3.0,58.0,121.0,11.0,0.4336917562724014,-0.4499029901888243,594.0,4.909090909090909,0.5229674252643625,-0.7912961708286014,0.006633468214455594,-0.010881510151348068,0,32.0,7.0,6,0.010752688172043012,0.03942652329749104,J.Russell,0.0,45.0,2.3684210526315788,34.1,2009,
K.Boller,00-0022164,LA,899.0,9.173469387755102,193.0,3.0,50.0,98.0,6.0,0.5077720207253886,-0.40537561724006826,576.0,5.877551020408164,0.19685725098054815,-0.4525646154545563,0.001663616090331096,-0.006461206669789618,0,17.0,3.0,1,0.015544041450777202,0.031088082901554404,K.Boller,0.0,76.0,5.846153846153846,41.56,2009,
K.Clemens,00-0024264,NYJ,125.0,9.615384615384615,30.0,0.0,7.0,13.0,0.0,0.43333333333333335,-0.2483713934922861,38.0,2.923076923076923,0.7244111646199596,-0.735434981285031,-5.0497055053708e-05,-0.0034773087501525956,0,4.0,0.0,0,0.0,0.0,K.Clemens,0.0,1.0,0.08333333333333333,5.1,2009,
K.Collins,00-0003292,TEN,1225.0,10.294117647058824,222.0,6.0,63.0,119.0,8.0,0.536036036036036,-0.12347416241364872,572.0,4.8474576271186445,0.5475286278236181,-0.6171002213768776,0.00021002565115914345,-0.003163791102058188,0,5.0,2.0,0,0.02702702702702703,0.036036036036036036,K.Collins,1.0,15.0,1.25,64.5,2009,110.92000000000002
K.Kolb,00-0025423,PHI,741.0,11.951612903225806,100.0,4.0,31.0,62.0,3.0,0.62,-0.027936165177420792,359.0,5.790322580645161,0.45094076885592,-0.36239228284652897,0.003677374486589755,-0.0017581980535363746,0,4.0,1.0,1,0.04,0.03,K.Kolb,1.0,5.0,1.25,44.14,2009,64.47999999999999
K.Null,00-0027131,LA,558.0,7.75,131.0,3.0,30.0,72.0,9.0,0.549618320610687,-0.3801563236226783,267.0,3.7083333333333335,0.4045482463278843,-0.664354630414407,0.0021144589113766595,-0.004330321640274195,0,13.0,0.0,0,0.022900763358778626,0.06870229007633588,K.Null,0.0,6.0,1.2,16.92,2009,
K.Orton,00-0023541,DEN,3802.0,11.31547619047619,571.0,21.0,185.0,336.0,12.0,0.5884413309982487,0.03770750746149742,1958.0,5.8273809523809526,0.3757766911632372,-0.25166685634420427,0.0023877048741779397,0.0020080518519681274,0,29.0,4.0,2,0.03677758318739054,0.021015761821366025,K.Orton,0.0,71.0,2.9583333333333335,215.18,2009,215.88000000000002
K.Warner,00-0017200,ARI,3758.0,11.052941176470588,538.0,27.0,192.0,340.0,14.0,0.6319702602230484,0.06877453700270388,1595.0,4.6911764705882355,0.4110467123843342,-0.2365587357608386,-0.0009136843882669105,0.00502568720041526,0,24.0,8.0,6,0.05018587360594796,0.026022304832713755,K.Warner,0.0,10.0,0.47619047619047616,219.32,2009,
M.Brunell,00-0002110,NO,102.0,6.8,31.0,0.0,5.0,15.0,1.0,0.4838709677419355,-0.5849431002528329,97.0,6.466666666666667,-0.3662086459594626,-0.20764549720962294,-0.01865166698892912,0.004729346930980704,0,1.0,1.0,0,0.0,0.03225806451612903,M.Brunell,0.0,-3.0,-1.0,1.78,2009,10.68
M.Bulger,00-0019599,LA,1469.0,10.492857142857142,262.0,5.0,78.0,140.0,6.0,0.5343511450381679,-0.17201503020512143,690.0,4.928571428571429,0.41175226153043004,-0.49847252837277933,0.0005994738619048623,-0.002671284375595802,0,14.0,2.0,1,0.019083969465648856,0.022900763358778626,M.Bulger,0.0,22.0,2.75,66.96,2009,
M.Cassel,00-0023662,KC,2924.0,10.75,537.0,16.0,128.0,272.0,16.0,0.5065176908752328,-0.15177705386494522,1160.0,4.264705882352941,0.49020327167639116,-0.5241301994793505,0.006815530158720525,-0.007125648281676645,1,42.0,2.0,2,0.0297951582867784,0.0297951582867784,M.Cassel,0.0,196.0,3.92,166.55999999999997,2009,229.14
M.Flynn,00-0026349,GB,58.0,8.285714285714286,13.0,0.0,4.0,7.0,1.0,0.5384615384615384,-0.610570144660909,42.0,6.0,0.13024412247856684,-0.9306666784400536,-4.340611242999167e-05,-0.00020317752447832258,0,1.0,0.0,0,0.0,0.07692307692307693,M.Flynn,0.0,-5.0,-1.0,-0.18000000000000016,2009,25.92
M.Hasselbeck,00-0007091,SEA,3029.0,10.337883959044369,521.0,17.0,146.0,293.0,17.0,0.5623800383877159,-0.13504854183810364,1713.0,5.84641638225256,0.36615706936209974,-0.38132361631292017,0.0030797808301267237,-0.0038416733047418393,0,32.0,5.0,2,0.03262955854126679,0.03262955854126679,M.Hasselbeck,0.0,119.0,4.576923076923077,163.06,2009,147.92000000000002
M.Leinart,00-0024225,ARI,435.0,8.529411764705882,79.0,0.0,22.0,51.0,3.0,0.6455696202531646,-0.19319845544341058,175.0,3.4313725490196076,0.40708691446084677,-0.5575698585273674,0.0024648762841757337,-0.0011902585067977414,0,2.0,1.0,0,0.0,0.0379746835443038,M.Leinart,0.0,-6.0,-0.6666666666666666,10.799999999999999,2009,
M.Moore,00-0025708,CAR,1059.0,12.313953488372093,149.0,9.0,53.0,86.0,2.0,0.5771812080536913,0.12679419463456562,404.0,4.752941176470588,0.5428344341267718,-0.28753360012740514,0.0032169624830962395,0.0013519683570308197,0,9.0,0.0,0,0.06040268456375839,0.013422818791946308,0,0.0,0.0,0.0,74.36,2009,30.28
M.Ryan,00-0026143,ATL,2916.0,11.087452471482889,471.0,22.0,152.0,263.0,14.0,0.5583864118895966,0.09259560020381868,1172.0,4.4562737642585555,0.6096938189475288,-0.4311434211722765,0.005741703986931159,-0.0011857119168069705,0,19.0,4.0,3,0.04670912951167728,0.029723991507430998,M.Ryan,1.0,49.0,1.6333333333333333,181.54,2009,244.04000000000002
M.Ryan,00-0026143,ATL,2916.0,11.087452471482889,471.0,22.0,152.0,263.0,14.0,0.5583864118895966,0.09259560020381868,1172.0,4.4562737642585555,0.6096938189475288,-0.4311434211722765,0.005741703986931159,-0.0011857119168069705,0,19.0,4.0,3,0.04670912951167728,0.029723991507430998,M.Ryan,1.0,49.0,1.6333333333333333,181.54,2009,232.64000000000001
M.Ryan,00-0026143,ATL,2916.0,11.087452471482889,471.0,22.0,152.0,263.0,14.0,0.5583864118895966,0.09259560020381868,1172.0,4.4562737642585555,0.6096938189475288,-0.4311434211722765,0.005741703986931159,-0.0011857119168069705,0,19.0,4.0,3,0.04670912951167728,0.029723991507430998,M.Ryan,1.0,49.0,1.6333333333333333,181.54,2009,19.76
M.Ryan,00-0026143,ATL,2916.0,11.087452471482889,471.0,22.0,152.0,263.0,14.0,0.5583864118895966,0.09259560020381868,1172.0,4.4562737642585555,0.6096938189475288,-0.4311434211722765,0.005741703986931159,-0.0011857119168069705,0,19.0,4.0,3,0.04670912951167728,0.029723991507430998,M.Ryan,1.0,49.0,1.6333333333333333,181.54,2009,8.360000000000001
M.Sanchez,00-0026898,NYJ,2444.0,12.46938775510204,394.0,12.0,123.0,196.0,20.0,0.49746192893401014,-0.20934753873152032,997.0,5.086734693877551,0.7160786500803606,-0.8119556734538512,0.0007766704669313765,-0.002065679897824209,2,26.0,5.0,3,0.030456852791878174,0.050761421319796954,M.Sanchez,3.0,106.0,2.9444444444444446,132.35999999999999,2009,202.14
M.Schaub,00-0022787,HOU,4770.0,12.045454545454545,611.0,29.0,230.0,396.0,15.0,0.6481178396072013,0.18591673533157468,2163.0,5.4759493670886075,0.4083328849326415,-0.14776123821991885,0.002619704244158663,0.0036592492931498883,1,26.0,5.0,1,0.04746317512274959,0.024549918166939442,M.Schaub,0.0,61.0,1.297872340425532,282.90000000000003,2009,245.60000000000002
M.Stafford,00-0026498,DET,2267.0,11.278606965174129,402.0,13.0,111.0,201.0,20.0,0.5,-0.19011382707919264,1192.0,5.930348258706467,0.452435283630542,-0.5622488936088056,0.006438553174715039,-0.005948676158891027,1,23.0,2.0,1,0.03233830845771144,0.04975124378109453,M.Stafford,2.0,108.0,5.142857142857143,125.48,2009,50.5
M.Vick,00-0020245,PHI,86.0,14.333333333333334,13.0,1.0,3.0,6.0,0.0,0.46153846153846156,0.251610315046632,13.0,2.1666666666666665,1.01065658225222,-0.6831397584974187,0.0008149892091751,-0.0007749655245182395,0,0.0,0.0,0,0.07692307692307693,0.0,M.Vick,2.0,95.0,3.9583333333333335,28.939999999999998,2009,312.32
P.Manning,00-0010346,IND,4500.0,11.450381679389313,582.0,33.0,237.0,393.0,16.0,0.6752577319587629,0.28991943714404095,1974.0,5.022900763358779,0.5334612953992567,-0.21037011511742665,0.004009189615397201,0.006144505768106822,0,10.0,1.0,0,0.05670103092783505,0.027491408934707903,P.Manning,0.0,-13.0,-0.6842105263157895,278.7,2009,285.8
P.Rivers,00-0022942,LAC,4254.0,13.419558359621451,511.0,28.0,208.0,317.0,9.0,0.6203522504892368,0.3248485777539827,1862.0,5.8924050632911396,0.7273574896993487,-0.30320651069635696,0.003554988437024466,0.0073204101879851225,0,25.0,4.0,3,0.0547945205479452,0.01761252446183953,P.Rivers,1.0,50.0,1.9230769230769231,269.15999999999997,2009,283.59999999999997
R.Fitzpatrick,00-0023682,BUF,1422.0,11.196850393700787,249.0,9.0,63.0,127.0,10.0,0.5100401606425703,-0.19362136842196395,691.0,5.440944881889764,0.5618619650809159,-0.6159026464779329,0.005886693860988019,-0.007095825173180764,0,22.0,3.0,2,0.03614457831325301,0.040160642570281124,R.Fitzpatrick,1.0,141.0,4.548387096774194,88.97999999999999,2009,202.58
S.Hill,00-0020679,SF,943.0,10.839080459770114,173.0,5.0,39.0,87.0,2.0,0.5028901734104047,-0.10769711918801499,499.0,5.735632183908046,0.2924910789463054,-0.23055181480776818,0.0012021814799984564,0.0010353940518497448,0,18.0,1.0,1,0.028901734104046242,0.011560693641618497,S.Hill,0.0,70.0,8.75,58.72,2009,150.6
S.Wallace,00-0022055,SEA,700.0,8.974358974358974,129.0,3.0,37.0,78.0,2.0,0.6046511627906976,-0.037244059524804564,340.0,4.358974358974359,0.43806353859957514,-0.3403924989920945,0.002865898890195242,-0.0026628951075771718,0,9.0,3.0,2,0.023255813953488372,0.015503875968992248,0,0.0,0.0,0.0,32.0,2009,40.660000000000004
T.Brady,00-0019596,NE,4398.0,11.8544474393531,584.0,28.0,214.0,371.0,13.0,0.6352739726027398,0.2237860466935892,2217.0,5.991891891891892,0.47599878918792815,-0.19184804138829256,0.0014382865204071674,0.002495071588909067,1,16.0,4.0,2,0.04794520547945205,0.02226027397260274,T.Brady,1.0,44.0,1.5172413793103448,270.31999999999994,2009,299.0
T.Collins,00-0003315,WAS,144.0,12.0,25.0,0.0,4.0,12.0,0.0,0.48,-0.21393262672514768,63.0,5.25,0.06529393052915064,-0.13592953952557849,-0.0016189398972884434,-0.005766220066858387,0,2.0,0.0,0,0.0,0.0,T.Collins,0.0,0.0,0.0,5.76,2009,-7.279999999999999
T.Edwards,00-0025479,BUF,1169.0,10.627272727272727,205.0,6.0,53.0,110.0,7.0,0.5365853658536586,-0.1569865824011252,559.0,5.081818181818182,0.3027666334833827,-0.3460208628050525,0.002496594050905431,-0.00638570071899225,0,22.0,1.0,0,0.02926829268292683,0.03414634146341464,T.Edwards,0.0,106.0,7.571428571428571,67.35999999999999,2009,24.64
T.Jackson,00-0024279,MIN,201.0,14.357142857142858,21.0,1.0,9.0,14.0,0.0,0.6666666666666666,0.6935723211432141,154.0,11.0,-0.3523023924679454,1.0458747136111601,-0.016293483121054532,0.016344234025815432,0,0.0,0.0,0,0.047619047619047616,0.0,T.Jackson,0.0,-10.0,-0.5882352941176471,11.04,2009,25.94
T.Romo,00-0021678,DAL,4483.0,12.919308357348703,584.0,26.0,203.0,347.0,9.0,0.5941780821917808,0.17660179326172165,2295.0,6.6138328530259365,0.4781102738666084,-0.1796746584678134,0.0016993347403973435,0.005936087431699457,0,34.0,5.0,3,0.04452054794520548,0.015410958904109588,T.Romo,1.0,105.0,3.0,275.82,2009,98.0
V.Young,00-0024218,TEN,1879.0,12.361842105263158,268.0,10.0,91.0,152.0,7.0,0.5671641791044776,0.0855394866934167,756.0,4.973684210526316,0.6546595261608467,-0.5165693606077608,0.0067465287034324615,0.0007017704446666095,0,9.0,2.0,0,0.03731343283582089,0.026119402985074626,V.Young,2.0,281.0,5.109090909090909,141.26,2009,90.7
A.Rodgers,00-0023459,GB,3922.0,12.570512820512821,506.0,28.0,183.0,312.0,11.0,0.616600790513834,0.18919116833730032,1777.0,5.69551282051282,0.6534532402674753,-0.3511561342033533,0.0017002206841178872,0.0037935362933603093,0,31.0,5.0,0,0.05533596837944664,0.021739130434782608,A.Rodgers,4.0,356.0,5.5625,306.48,2010,397.14
A.Smith,00-0023436,SF,2370.0,11.617647058823529,368.0,14.0,103.0,204.0,10.0,0.5543478260869565,-0.048952925408762345,1236.0,6.088669950738916,0.34549555787571956,-0.2725530835676816,0.004758779677227135,-0.004564260951061601,1,25.0,3.0,2,0.03804347826086957,0.02717391304347826,0,0.0,0.0,0.0,128.8,2010,44.62
A.Smith,00-0023436,SF,2370.0,11.617647058823529,368.0,14.0,103.0,204.0,10.0,0.5543478260869565,-0.048952925408762345,1236.0,6.088669950738916,0.34549555787571956,-0.2725530835676816,0.004758779677227135,-0.004564260951061601,1,25.0,3.0,2,0.03804347826086957,0.02717391304347826,0,0.0,0.0,0.0,128.8,2010,37.72
A.Smith,00-0023436,SF,2370.0,11.617647058823529,368.0,14.0,103.0,204.0,10.0,0.5543478260869565,-0.048952925408762345,1236.0,6.088669950738916,0.34549555787571956,-0.2725530835676816,0.004758779677227135,-0.004564260951061601,1,25.0,3.0,2,0.03804347826086957,0.02717391304347826,0,0.0,0.0,0.0,128.8,2010,187.7
A.Smith,00-0023436,SF,2370.0,11.617647058823529,368.0,14.0,103.0,204.0,10.0,0.5543478260869565,-0.048952925408762345,1236.0,6.088669950738916,0.34549555787571956,-0.2725530835676816,0.004758779677227135,-0.004564260951061601,1,25.0,3.0,2,0.03804347826086957,0.02717391304347826,0,0.0,0.0,0.0,128.8,2010,180.79999999999998
B.Brohm,00-0026196,BUF,106.0,10.6,26.0,0.0,4.0,10.0,3.0,0.38461538461538464,-0.9891908920611836,39.0,3.9,0.7081599567368947,-1.56651886841586,0.0011106663100097435,-0.013782123637834844,0,3.0,2.0,1,0.0,0.11538461538461539,0,0.0,0.0,0.0,-3.76,2010,
B.Croyle,00-0024300,KC,38.0,4.75,23.0,0.0,2.0,8.0,1.0,0.34782608695652173,-0.8228600891433535,14.0,1.75,0.4954649979221076,-1.2787121028323827,-0.0014046578128871052,-0.0035108877529733073,0,4.0,0.0,0,0.0,0.043478260869565216,0,0.0,0.0,0.0,-0.48,2010,
B.Favre,00-0005106,MIN,2509.0,11.56221198156682,381.0,11.0,114.0,217.0,19.0,0.5695538057742782,-0.13029884402629216,1229.0,5.663594470046083,0.530156075631775,-0.5670466146126688,0.003033005566650768,-0.003962339771459071,0,22.0,4.0,3,0.028871391076115485,0.049868766404199474,B.Favre,0.0,8.0,0.47058823529411764,101.16000000000001,2010,
B.Gradkowski,00-0024408,LV,1059.0,12.759036144578314,168.0,5.0,50.0,83.0,7.0,0.49404761904761907,-0.12163062260428248,516.0,6.216867469879518,0.621963266596232,-0.6552530033519387,0.004783028023344866,-0.0031075291590528355,0,10.0,1.0,2,0.02976190476190476,0.041666666666666664,B.Gradkowski,0.0,41.0,3.4166666666666665,48.46,2010,6.459999999999999
B.Hoyer,00-0026625,NE,122.0,17.428571428571427,15.0,1.0,7.0,7.0,1.0,0.4666666666666667,0.33721586989704594,41.0,5.857142857142857,0.7907469032177082,-0.4535310333206625,1.0197396234916815e-05,-0.0017970285339591325,0,0.0,0.0,0,0.06666666666666667,0.06666666666666667,B.Hoyer,0.0,-8.0,-0.8,6.079999999999999,2010,
B.Roethlisberger,00-0022924,PIT,3200.0,13.333333333333334,421.0,17.0,149.0,240.0,5.0,0.5700712589073634,0.16456261960785326,1336.0,5.566666666666666,0.6555066869301287,-0.3392969791501504,0.0022656623300529215,0.004230118484896456,0,32.0,3.0,1,0.040380047505938245,0.011876484560570071,B.Roethlisberger,2.0,176.0,5.176470588235294,213.6,2010,216.08
B.St. Pierre,00-0022101,CAR,173.0,13.307692307692308,31.0,1.0,3.0,13.0,2.0,0.41935483870967744,-0.5984648988688016,105.0,8.076923076923077,0.03535416624903824,-0.5778730541553648,-0.0004060010292700357,-0.005832832658000109,0,3.0,0.0,0,0.03225806451612903,0.06451612903225806,0,0.0,0.0,0.0,6.92,2010,
C.Batch,00-0000865,PIT,352.0,12.137931034482758,53.0,3.0,13.0,29.0,3.0,0.5471698113207547,-0.04798776339425229,125.0,4.310344827586207,0.9546826658564288,-0.8472594498618039,0.006370507139568256,-0.0016955472942754536,0,4.0,0.0,0,0.05660377358490566,0.05660377358490566,C.Batch,0.0,30.0,4.285714285714286,23.08,2010,6.12
C.Henne,00-0026197,MIA,3298.0,10.920529801324504,521.0,15.0,168.0,302.0,18.0,0.5796545105566219,-0.014102565584323636,1304.0,4.332225913621262,0.4912157760962816,-0.41017424107970923,0.0019311410905020058,-0.0017321178167031884,0,30.0,3.0,1,0.028790786948176585,0.0345489443378119,C.Henne,0.0,52.0,1.4857142857142858,159.11999999999998,2010,59.92
C.McCoy,00-0027688,CLE,1576.0,11.674074074074074,245.0,6.0,79.0,135.0,9.0,0.5510204081632653,-0.03962481566901312,723.0,5.355555555555555,0.5424116445493008,-0.4485617447776793,0.009766264261237736,-0.008593929600403716,0,23.0,2.0,0,0.024489795918367346,0.036734693877551024,C.McCoy,1.0,136.0,4.857142857142857,88.63999999999999,2010,162.51999999999998
C.Palmer,00-0021429,CIN,3970.0,10.966850828729282,615.0,26.0,205.0,362.0,20.0,0.5886178861788618,0.03870814667024751,1648.0,4.552486187845304,0.5545398175694829,-0.4531383925239947,0.002423979093050465,-0.0036318885212530644,1,26.0,4.0,1,0.04227642276422764,0.032520325203252036,C.Palmer,0.0,50.0,1.5625,227.8,2010,136.12
C.Whitehurst,00-0024296,SEA,507.0,8.894736842105264,106.0,2.0,22.0,57.0,3.0,0.5377358490566038,-0.24653985107922446,236.0,4.140350877192983,0.21256551837826132,-0.44363885853472407,0.0035808979785333385,-0.009036768686715428,2,5.0,1.0,0,0.018867924528301886,0.02830188679245283,C.Whitehurst,1.0,43.0,2.15,36.58,2010,13.22
D.Anderson,00-0023645,ARI,2065.0,12.218934911242604,353.0,7.0,97.0,169.0,10.0,0.47875354107648727,-0.1692028500500622,691.0,4.088757396449704,0.6781825046509431,-0.7481932030922739,0.0020947831167204985,-0.004116579383763135,1,25.0,3.0,2,0.019830028328611898,0.028328611898016998,D.Anderson,0.0,25.0,5.0,91.1,2010,
D.Brees,00-0020531,NO,4620.0,10.3125,684.0,33.0,236.0,448.0,22.0,0.6549707602339181,0.11316439988648183,2048.0,4.571428571428571,0.4117584794118133,-0.22590144472913543,0.00353017953123809,0.002764776943861204,0,26.0,3.0,2,0.04824561403508772,0.03216374269005848,D.Brees,0.0,-3.0,-0.16666666666666666,268.5,2010,396.0
D.Carr,00-0020608,SF,67.0,13.4,14.0,0.0,3.0,5.0,1.0,0.35714285714285715,-0.39833739871301704,46.0,9.2,0.5322809934465719,-0.9120660120086922,-0.0087958921988805,-0.033859164143602086,0,1.0,0.0,0,0.0,0.07142857142857142,0,0.0,0.0,0.0,0.6800000000000002,2010,
D.Dixon,00-0026296,PIT,254.0,11.545454545454545,37.0,0.0,8.0,22.0,1.0,0.5945945945945946,-0.19761999216309692,99.0,4.5,0.2873682458447869,-0.20976037613519438,0.0001072548329830187,0.004422473721206168,0,5.0,1.0,1,0.0,0.02702702702702703,D.Dixon,0.0,32.0,6.4,9.36,2010,
D.Garrard,00-0021231,JAX,2734.0,11.584745762711865,398.0,23.0,130.0,236.0,15.0,0.592964824120603,0.047214749309390514,1178.0,4.991525423728813,0.4981277479758976,-0.2969670035836329,0.005204792009575687,0.0028547513728567385,0,32.0,3.0,2,0.05778894472361809,0.03768844221105527,D.Garrard,5.0,270.0,4.029850746268656,224.36,2010,
D.McNabb,00-0011022,WAS,3377.0,12.28,511.0,14.0,152.0,275.0,15.0,0.538160469667319,-0.058869626601366194,1592.0,5.789090909090909,0.4455712457127244,-0.39743987131931807,-0.00032013259241399627,0.002864883076299182,0,37.0,4.0,0,0.0273972602739726,0.029354207436399216,D.McNabb,0.0,151.0,5.206896551724138,176.18,2010,64.94
D.Stanton,00-0025430,DET,780.0,11.304347826086957,125.0,4.0,39.0,69.0,3.0,0.552,-0.02468420725288493,422.0,6.115942028985507,0.37126538341772325,-0.3078871404242252,-0.002880601043729348,0.005799310755390527,0,6.0,2.0,1,0.032,0.024,D.Stanton,1.0,113.0,6.277777777777778,56.5,2010,
E.Manning,00-0022803,NYG,4002.0,11.805309734513274,555.0,31.0,192.0,339.0,25.0,0.6108108108108108,0.06035502860056428,1611.0,4.752212389380531,0.6316813344732305,-0.5034458015281381,0.003343083610742449,-5.893715275020188e-06,0,16.0,6.0,4,0.055855855855855854,0.04504504504504504,E.Manning,0.0,70.0,2.1875,233.08000000000004,2010,280.82
J.Campbell,00-0023460,LV,2387.0,12.304123711340207,363.0,13.0,108.0,194.0,8.0,0.5344352617079889,0.018903433067374114,1269.0,6.575129533678757,0.5193887532014815,-0.36789721491726124,0.003487684945490041,0.001499252470216557,0,33.0,3.0,1,0.03581267217630854,0.02203856749311295,0,0.0,0.0,0.0,129.48000000000002,2010,80.8
J.Clausen,00-0027659,CAR,1558.0,9.92356687898089,332.0,3.0,73.0,157.0,9.0,0.47289156626506024,-0.2800986705082555,811.0,5.165605095541402,0.3331659791239819,-0.47382664995562607,0.00414471933181845,-0.006109922778379992,0,33.0,0.0,0,0.009036144578313253,0.02710843373493976,J.Clausen,0.0,57.0,2.4782608695652173,62.019999999999996,2010,
J.Cutler,00-0024226,CHI,3274.0,12.544061302681992,486.0,23.0,159.0,261.0,16.0,0.5370370370370371,-0.07393626387464701,1434.0,5.494252873563219,0.6593112922766191,-0.5237309204342419,0.0040032687544225756,4.172996757425158e-05,1,52.0,9.0,5,0.047325102880658436,0.03292181069958848,J.Cutler,1.0,232.0,4.64,212.16,2010,135.35999999999999
J.Delhomme,00-0004161,CLE,872.0,9.376344086021506,155.0,2.0,36.0,93.0,7.0,0.6,-0.31127591398806775,374.0,4.021505376344086,0.366213593787261,-0.6233427160521936,-0.0013029748775266303,-0.003359739231128195,0,6.0,2.0,1,0.012903225806451613,0.04516129032258064,J.Delhomme,0.0,-2.0,-0.25,26.680000000000003,2010,10.44
J.Flacco,00-0026158,BAL,3622.0,11.836601307189543,529.0,25.0,174.0,306.0,10.0,0.5784499054820416,0.0787798880981688,1507.0,4.92483660130719,0.6513616302105694,-0.4231955640759241,0.005808967407076367,0.00025853991124766376,0,40.0,3.0,3,0.04725897920604915,0.01890359168241966,J.Flacco,1.0,84.0,1.9534883720930232,233.28,2010,203.20000000000002
J.Freeman,00-0026993,TB,3451.0,11.859106529209622,503.0,25.0,166.0,291.0,6.0,0.5785288270377733,0.1265853869958054,1515.0,5.224137931034483,0.649620980289662,-0.4257781655571232,0.005093559216339999,0.0022490773381112477,0,28.0,3.0,1,0.04970178926441352,0.011928429423459244,J.Freeman,0.0,364.0,5.352941176470588,260.44,2010,209.48000000000002
J.Johnson,00-0026300,TB,111.0,7.928571428571429,18.0,0.0,5.0,14.0,0.0,0.7777777777777778,-0.25668727068114067,51.0,3.642857142857143,-0.1167852621765632,-0.07500481476017687,0.03021691720778107,-0.037641654678736834,0,2.0,1.0,0,0.0,0.0,J.Johnson,0.0,39.0,9.75,8.34,2010,24.240000000000002
J.Kitna,00-0009311,DAL,2365.0,11.31578947368421,341.0,16.0,117.0,209.0,12.0,0.6129032258064516,0.05270862134611506,1336.0,6.423076923076923,0.35047629771343114,-0.20008637931625733,0.004236240104024279,-0.0023293289331402724,2,21.0,3.0,1,0.0469208211143695,0.03519061583577713,0,0.0,0.0,0.0,136.6,2010,
J.Skelton,00-0027754,ARI,662.0,11.033333333333333,135.0,2.0,30.0,60.0,2.0,0.4444444444444444,-0.2970237561909668,204.0,3.4,0.5025422350217967,-0.706271524208287,0.002386423822677449,-0.005232620257586593,0,9.0,1.0,2,0.014814814814814815,0.014814814814814815,0,0.0,0.0,0.0,26.480000000000004,2010,105.32
J.Webb,00-0027796,MIN,477.0,8.833333333333334,97.0,0.0,27.0,54.0,3.0,0.5567010309278351,-0.28572663208285914,219.0,4.055555555555555,0.5532353303066245,-0.733108652246497,-0.00044156830634247004,0.003503102219020665,0,8.0,2.0,0,0.0,0.030927835051546393,J.Webb,2.0,120.0,6.666666666666667,37.08,2010,48.44
K.Collins,00-0003292,TEN,1823.0,11.39375,292.0,14.0,90.0,160.0,8.0,0.547945205479452,0.0578549385851695,537.0,3.35625,0.8107966966832146,-0.6704274429282095,0.0036187167802186086,-0.0018734542018336844,1,13.0,4.0,2,0.04794520547945205,0.0273972602739726,0,0.0,0.0,0.0,110.92000000000002,2010,21.139999999999997
K.Kolb,00-0025423,PHI,1197.0,10.408695652173913,204.0,7.0,58.0,115.0,7.0,0.5637254901960784,-0.07054091772049688,570.0,5.0,0.45682949230194453,-0.3911798772849929,0.0036008723165366625,-0.005316524687422583,0,14.0,2.0,2,0.03431372549019608,0.03431372549019608,K.Kolb,0.0,66.0,4.125,64.47999999999999,2010,100.7
K.Orton,00-0023541,DEN,3652.0,12.464163822525597,533.0,20.0,173.0,293.0,9.0,0.549718574108818,0.049820423981106636,1470.0,5.051546391752577,0.6181935598299642,-0.4662028364866726,0.0024524176230994797,-0.001003897552552227,0,34.0,2.0,1,0.0375234521575985,0.016885553470919325,K.Orton,0.0,98.0,4.454545454545454,215.88000000000002,2010,85.61999999999999
L.McCown,00-0022864,JAX,120.0,10.909090909090908,19.0,0.0,6.0,11.0,0.0,0.5789473684210527,-0.14175628905037463,58.0,5.2727272727272725,0.8270345928122929,-0.9687908818626682,-3.4879876980794316e-05,-2.4099650449653765e-05,0,0.0,0.0,0,0.0,0.0,0,0.0,0.0,0.0,4.8,2010,6.14
M.Brunell,00-0002110,NYJ,117.0,16.714285714285715,14.0,2.0,7.0,7.0,1.0,0.5,-0.05420195691736586,23.0,3.2857142857142856,1.0480763151202923,-1.0071626061779582,0.006729312882433223,-0.0098706145361352,0,1.0,0.0,0,0.14285714285714285,0.07142857142857142,0,0.0,0.0,0.0,10.68,2010,
M.Cassel,00-0023662,KC,3116.0,11.893129770992367,478.0,27.0,163.0,262.0,7.0,0.5481171548117155,0.1265770242154786,1498.0,5.739463601532567,0.5337890383089436,-0.2910323692078758,0.003263974733394553,0.0015553454913184337,0,26.0,2.0,1,0.056485355648535567,0.014644351464435146,M.Cassel,0.0,125.0,3.787878787878788,229.14,2010,96.42
M.Flynn,00-0026349,GB,433.0,10.825,73.0,3.0,21.0,40.0,2.0,0.547945205479452,-0.07206489847629892,238.0,5.95,0.6569626726025792,-0.5945659151174822,0.003315030634682077,-0.0011436144256184932,0,7.0,1.0,1,0.0410958904109589,0.0273972602739726,M.Flynn,0.0,26.0,2.888888888888889,25.92,2010,44.12
M.Hall,00-0027347,ARI,370.0,9.487179487179487,92.0,1.0,19.0,39.0,6.0,0.42391304347826086,-0.5953361879876975,140.0,3.58974358974359,0.38777547798939327,-0.814246981389797,-0.0001385041321456441,-0.005621875212977354,0,14.0,2.0,2,0.010869565217391304,0.06521739130434782,M.Hall,0.0,-5.0,-5.0,2.3000000000000007,2010,
M.Hasselbeck,00-0007091,SEA,2998.0,11.270676691729323,473.0,12.0,136.0,266.0,17.0,0.5623678646934461,-0.06367594827950625,1263.0,4.7481203007518795,0.5537434054916708,-0.48623207358148496,0.001597338901052009,-0.00022065837452500757,0,29.0,7.0,5,0.02536997885835095,0.035940803382663845,M.Hasselbeck,3.0,60.0,2.608695652173913,147.92000000000002,2010,190.04
M.Moore,00-0025708,CAR,857.0,10.848101265822784,156.0,5.0,47.0,79.0,10.0,0.5064102564102564,-0.26203327507800145,351.0,4.443037974683544,0.5987660492373749,-0.7075132936996292,0.004701655070743138,-0.006145634135697936,0,13.0,4.0,2,0.03205128205128205,0.0641025641025641,0,0.0,0.0,0.0,30.28,2010,135.88
M.Ryan,00-0026143,ATL,3456.0,10.441087613293051,552.0,28.0,188.0,331.0,8.0,0.5996376811594203,0.16817806141625455,1298.0,3.921450151057402,0.5696312047402653,-0.3227095043690651,0.003815865424333433,0.0029671656242207796,2,21.0,4.0,3,0.050724637681159424,0.014492753623188406,M.Ryan,0.0,118.0,2.6818181818181817,244.04000000000002,2010,273.48
M.Ryan,00-0026143,ATL,3456.0,10.441087613293051,552.0,28.0,188.0,331.0,8.0,0.5996376811594203,0.16817806141625455,1298.0,3.921450151057402,0.5696312047402653,-0.3227095043690651,0.003815865424333433,0.0029671656242207796,2,21.0,4.0,3,0.050724637681159424,0.014492753623188406,Ryan,0.0,4.0,2.0,232.64000000000001,2010,273.48
M.Sanchez,00-0026898,NYJ,3291.0,11.838129496402878,535.0,17.0,162.0,278.0,13.0,0.5196261682242991,-0.023234322825199882,1292.0,4.664259927797834,0.6313014012496811,-0.5791846373346333,0.004259318328315809,0.0015223814927249127,1,27.0,2.0,1,0.03177570093457944,0.024299065420560748,M.Sanchez,3.0,105.0,3.5,202.14,2010,245.26000000000002
M.Schaub,00-0022787,HOU,4370.0,11.972602739726028,607.0,24.0,222.0,365.0,12.0,0.6013179571663921,0.1271103385933108,1988.0,5.461538461538462,0.42690994179795827,-0.18766067617027546,0.00335108815110057,0.0006981973649767071,1,32.0,4.0,3,0.039538714991762765,0.019769357495881382,M.Schaub,0.0,28.0,1.2727272727272727,245.60000000000002,2010,158.06
M.Stafford,00-0026498,DET,535.0,9.385964912280702,101.0,6.0,27.0,57.0,1.0,0.5643564356435643,-0.026272088044180183,297.0,5.2105263157894735,0.29625095760677633,-0.2552258442143632,0.0005445647025445835,0.0037217111227578837,1,4.0,2.0,1,0.0594059405940594,0.009900990099009901,M.Stafford,1.0,11.0,2.75,50.5,2010,343.8
M.Vick,00-0020245,PHI,3018.0,12.952789699570815,408.0,21.0,131.0,233.0,6.0,0.571078431372549,0.13186541961956955,1332.0,5.716738197424893,0.6450144152353777,-0.34166216739291044,0.003403755114375297,0.003123953868890853,1,35.0,5.0,2,0.051470588235294115,0.014705882352941176,M.Vick,9.0,676.0,6.828282828282828,312.32,2010,237.02
P.Manning,00-0010346,IND,4700.0,10.444444444444445,695.0,33.0,253.0,450.0,17.0,0.6474820143884892,0.16380084067387254,1894.0,4.208888888888889,0.5747558238455199,-0.379478517291039,0.002462555907219514,0.0007011893683985267,0,16.0,4.0,1,0.04748201438848921,0.02446043165467626,P.Manning,0.0,18.0,1.0,285.8,2010,
P.Rivers,00-0022942,LAC,4710.0,13.193277310924369,580.0,30.0,234.0,357.0,13.0,0.6155172413793103,0.2585018846541828,2223.0,6.226890756302521,0.5931082408490662,-0.19205798914768418,0.0029606602877674704,0.0028250791603809033,1,38.0,7.0,3,0.05172413793103448,0.022413793103448276,P.Rivers,0.0,52.0,1.793103448275862,283.59999999999997,2010,256.56000000000006
R.Bartel,00-0025749,ARI,150.0,9.375,30.0,0.0,7.0,16.0,1.0,0.5333333333333333,-0.5257252965811253,39.0,2.4375,0.48557128816693357,-0.953560300823094,0.020047846440190514,-0.020223702157246806,0,2.0,0.0,0,0.0,0.03333333333333333,0,0.0,0.0,0.0,4.0,2010,5.4399999999999995
R.Fitzpatrick,00-0023682,BUF,2992.0,11.733333333333333,466.0,23.0,151.0,255.0,15.0,0.5472103004291845,-0.015521410249572126,1182.0,4.635294117647059,0.6357551083459415,-0.5448766758589079,0.003968340981842695,-0.0023816438876073094,0,24.0,7.0,3,0.04935622317596566,0.032188841201716736,R.Fitzpatrick,0.0,269.0,6.725,202.58,2010,224.78
R.Grossman,00-0022121,WAS,884.0,11.945945945945946,144.0,7.0,42.0,74.0,4.0,0.5138888888888888,-0.12228466639724206,417.0,5.635135135135135,0.44449778809230844,-0.3875254948429892,0.002740746849887819,-0.003839743714752861,2,9.0,5.0,4,0.04861111111111111,0.027777777777777776,R.Grossman,0.0,6.0,2.0,51.96,2010,147.14000000000001
R.Smith,00-0027775,TEN,200.0,10.0,41.0,0.0,7.0,20.0,4.0,0.4878048780487805,-0.48589396688753916,84.0,4.2,0.6340810730689553,-1.1193096095526305,-0.0015235687693348158,-0.013997557302354838,0,1.0,0.0,0,0.0,0.0975609756097561,0,0.0,0.0,0.0,0.0,2010,
Ryan,00-0026143,ATL,249.0,9.576923076923077,45.0,0.0,11.0,26.0,1.0,0.5777777777777777,-0.050934237290018954,53.0,2.0384615384615383,0.518946168697872,-0.4998030346256771,0.007206050844234965,-0.005350791516194012,0,2.0,0.0,0,0.0,0.022222222222222223,M.Ryan,0.0,118.0,2.6818181818181817,19.76,2010,273.48
Ryan,00-0026143,ATL,249.0,9.576923076923077,45.0,0.0,11.0,26.0,1.0,0.5777777777777777,-0.050934237290018954,53.0,2.0384615384615383,0.518946168697872,-0.4998030346256771,0.007206050844234965,-0.005350791516194012,0,2.0,0.0,0,0.0,0.022222222222222223,Ryan,0.0,4.0,2.0,8.360000000000001,2010,273.48
S.Bradford,00-0027854,LA,3512.0,9.92090395480226,624.0,18.0,179.0,354.0,15.0,0.5673076923076923,-0.08193138542171917,1853.0,5.234463276836158,0.31277465486179046,-0.30427028273083273,5.375664661629483e-06,-0.0004064256884162005,0,34.0,3.0,2,0.028846153846153848,0.02403846153846154,S.Bradford,1.0,63.0,2.3333333333333335,190.78,2010,91.16
S.McGee,00-0027071,DAL,238.0,10.818181818181818,47.0,2.0,9.0,22.0,0.0,0.46808510638297873,-0.17552019613196362,119.0,5.409090909090909,0.20564183349407095,-0.2917329434337464,-0.004182621143585016,0.0013803153156341738,0,3.0,1.0,0,0.0425531914893617,0.0,S.McGee,0.0,74.0,5.6923076923076925,24.92,2010,11.280000000000001
S.Wallace,00-0022055,CLE,694.0,10.84375,108.0,4.0,35.0,64.0,2.0,0.5925925925925926,0.039150342746922945,365.0,5.703125,0.3504809812076701,-0.22996643200015046,0.0008474936579713713,0.0019935665108084368,0,6.0,0.0,0,0.037037037037037035,0.018518518518518517,S.Wallace,0.0,9.0,1.2857142857142858,40.660000000000004,2010,31.68
Sh.Hill,00-0020679,DET,2665.0,10.533596837944664,427.0,16.0,132.0,253.0,11.0,0.5925058548009368,0.039689535525073115,1413.0,5.58498023715415,0.429279660830801,-0.32811263651421263,0.002101121801379838,-0.0016413307174595916,1,16.0,1.0,0,0.03747072599531616,0.02576112412177986,0,0.0,0.0,0.0,150.6,2010,
T.Bouman,00-0001545,JAX,222.0,12.333333333333334,35.0,2.0,12.0,18.0,2.0,0.5142857142857142,-0.1470010408162785,121.0,6.722222222222222,0.5031787841871848,-0.5813111589433029,0.005908746657521357,-0.0043339420232546555,0,1.0,0.0,0,0.05714285714285714,0.05714285714285714,T.Bouman,0.0,8.0,4.0,13.680000000000003,2010,
T.Brady,00-0019596,NE,3900.0,12.037037037037036,518.0,36.0,189.0,324.0,4.0,0.6254826254826255,0.2726326867845711,1880.0,5.802469135802469,0.47234913721681066,-0.10611846656598435,-0.0005358575887959336,0.007773569489741763,0,25.0,3.0,1,0.0694980694980695,0.007722007722007722,T.Brady,1.0,30.0,0.967741935483871,299.0,2010,364.29999999999995
T.Collins,00-0003315,CHI,68.0,6.8,29.0,0.0,2.0,10.0,5.0,0.3448275862068966,-0.8775084294732907,43.0,4.3,0.3516842539994239,-1.1409263990185168,6.608168284098148e-05,-0.014890461056320749,0,2.0,0.0,0,0.0,0.1724137931034483,0,0.0,0.0,0.0,-7.279999999999999,2010,
T.Edwards,00-0025479,BUF,521.0,9.472727272727273,112.0,2.0,23.0,55.0,5.0,0.49107142857142855,-0.4293964981023904,246.0,4.472727272727273,0.16552151701560638,-0.4251085081476423,-0.002128542203112965,-0.0027361776896578016,0,11.0,2.0,0,0.017857142857142856,0.044642857142857144,T.Edwards,0.0,58.0,4.142857142857143,24.64,2010,
T.Jackson,00-0024279,MIN,341.0,10.029411764705882,65.0,3.0,18.0,34.0,4.0,0.5230769230769231,-0.22414460277209744,117.0,3.4411764705882355,0.628300410603323,-0.7565884691792628,0.009280527222051227,-0.008685217429412561,1,6.0,0.0,0,0.046153846153846156,0.06153846153846154,T.Jackson,0.0,63.0,9.0,25.94,2010,162.44
T.Romo,00-0021678,DAL,1605.0,10.844594594594595,220.0,11.0,75.0,148.0,7.0,0.6727272727272727,0.06468786702918176,812.0,5.486486486486487,0.3878684834414682,-0.2658133745915554,0.0011585018839621452,0.0038961827510846695,0,7.0,2.0,0,0.05,0.031818181818181815,T.Romo,0.0,38.0,6.333333333333333,98.0,2010,275.96000000000004
T.Smith,00-0025561,SF,1176.0,16.10958904109589,163.0,5.0,43.0,73.0,4.0,0.44785276073619634,-0.06387839812428128,580.0,7.945205479452055,0.6380486191290528,-0.5225534823087893,0.00572788601059335,0.0031625537615637377,0,18.0,1.0,0,0.03067484662576687,0.024539877300613498,T.Smith,1.0,121.0,5.260869565217392,77.13999999999999,2010,
T.Tebow,00-0027876,DEN,654.0,15.951219512195122,88.0,5.0,31.0,41.0,3.0,0.4659090909090909,0.11698730870970503,248.0,6.048780487804878,1.0422282408391856,-0.8321310408784612,0.006050078931900031,-0.005601212577035818,0,6.0,0.0,0,0.056818181818181816,0.03409090909090909,T.Tebow,6.0,227.0,5.27906976744186,98.86,2010,199.16
T.Thigpen,00-0025604,MIA,435.0,13.181818181818182,70.0,2.0,20.0,33.0,2.0,0.4714285714285714,-0.15615642785145728,129.0,3.909090909090909,0.7853158259667613,-0.76207493136933,0.0016424066606991643,-0.0015857445418547337,0,8.0,0.0,0,0.02857142857142857,0.02857142857142857,T.Thigpen,0.0,70.0,5.384615384615385,28.4,2010,
V.Young,00-0024218,TEN,1255.0,13.494623655913978,170.0,10.0,58.0,93.0,3.0,0.5470588235294118,0.12919625449886818,391.0,4.25,0.8108889149762917,-0.5056825125314783,0.005595461792337652,0.0013807790862897643,0,13.0,3.0,3,0.058823529411764705,0.01764705882352941,V.Young,0.0,125.0,5.0,90.7,2010,40.54
A.Dalton,00-0027973,CIN,3398.0,11.326666666666666,541.0,20.0,156.0,300.0,13.0,0.5545286506469501,-0.003064426009845094,1317.0,4.39,0.5240770309541212,-0.4501514557779881,0.0034150620800973376,-0.003353429083484273,0,24.0,3.0,2,0.036968576709796676,0.024029574861367836,A.Dalton,1.0,152.0,4.108108108108108,207.11999999999998,2011,248.76
A.Feeley,00-0020305,LA,548.0,10.339622641509434,107.0,1.0,27.0,53.0,2.0,0.4953271028037383,-0.2834363860147792,369.0,6.962264150943396,0.15462801288201306,-0.21474003943689113,0.007009200775408646,-0.007477522677852663,0,10.0,3.0,2,0.009345794392523364,0.018691588785046728,A.Feeley,0.0,4.0,1.3333333333333333,18.32,2011,
A.Rodgers,00-0023459,GB,4636.0,13.555555555555555,538.0,45.0,208.0,342.0,6.0,0.6356877323420075,0.4151820204239274,2015.0,5.891812865497076,0.6988482817620734,-0.14748855822092702,0.0026772474534697823,0.007991670456236017,0,36.0,0.0,0,0.08364312267657993,0.011152416356877323,A.Rodgers,3.0,257.0,4.283333333333333,397.14,2011,343.7
A.Smith,00-0023436,SF,303.0,9.774193548387096,50.0,2.0,14.0,31.0,1.0,0.62,-0.05639617465916452,133.0,4.290322580645161,0.3767046491726415,-0.24626369240538892,0.0013785469587901703,0.002843088315772405,0,6.0,0.0,0,0.04,0.02,A.Smith,2.0,145.0,3.625,44.62,2011,122.68
A.Smith,00-0023436,SF,303.0,9.774193548387096,50.0,2.0,14.0,31.0,1.0,0.62,-0.05639617465916452,133.0,4.290322580645161,0.3767046491726415,-0.24626369240538892,0.0013785469587901703,0.002843088315772405,0,6.0,0.0,0,0.04,0.02,Alex Smith,1.0,136.0,3.238095238095238,37.72,2011,122.68
Alex Smith,00-0023436,SF,2830.0,11.742738589211617,436.0,15.0,132.0,241.0,4.0,0.5527522935779816,0.05463232003028115,1284.0,5.327800829875518,0.43674206048522296,-0.24108789606023492,0.002582516185030244,0.001472623769659476,1,37.0,3.0,3,0.034403669724770644,0.009174311926605505,A.Smith,2.0,145.0,3.625,187.7,2011,122.68
Alex Smith,00-0023436,SF,2830.0,11.742738589211617,436.0,15.0,132.0,241.0,4.0,0.5527522935779816,0.05463232003028115,1284.0,5.327800829875518,0.43674206048522296,-0.24108789606023492,0.002582516185030244,0.001472623769659476,1,37.0,3.0,3,0.034403669724770644,0.009174311926605505,Alex Smith,1.0,136.0,3.238095238095238,180.79999999999998,2011,122.68
B.Gabbert,00-0027948,JAX,2214.0,10.542857142857143,453.0,12.0,109.0,210.0,11.0,0.46357615894039733,-0.2401246951219852,1135.0,5.404761904761905,0.4317240935856454,-0.5253126295085796,0.000859968009596102,-0.0035530626795693384,0,40.0,4.0,4,0.026490066225165563,0.024282560706401765,B.Gabbert,0.0,98.0,2.0416666666666665,116.36,2011,96.08
B.Gradkowski,00-0024408,CIN,109.0,13.625,19.0,1.0,4.0,8.0,1.0,0.42105263157894735,-0.24579937822234524,68.0,8.5,0.6716012057602514,-0.8051018540346482,3.407398859659833e-06,0.013761462778495766,0,1.0,0.0,0,0.05263157894736842,0.05263157894736842,B.Gradkowski,0.0,1.0,0.3333333333333333,6.459999999999999,2011,2.4
B.Roethlisberger,00-0022924,PIT,4077.0,12.583333333333334,553.0,21.0,210.0,324.0,14.0,0.5858951175406871,0.12270618218232883,1741.0,5.3734567901234565,0.6961014971620166,-0.4243284635211084,0.0027878799004960944,0.003347662537108301,0,40.0,9.0,5,0.0379746835443038,0.02531645569620253,B.Roethlisberger,0.0,70.0,2.2580645161290325,216.08,2011,225.79999999999998
C.Batch,00-0000865,PIT,208.0,13.866666666666667,26.0,0.0,9.0,15.0,1.0,0.5769230769230769,-0.0037256389986624746,92.0,6.133333333333334,0.3833534549618589,-0.26032776050783696,0.0013169993956883709,-0.004766214638948438,0,2.0,0.0,0,0.0,0.038461538461538464,C.Batch,0.0,-2.0,-0.6666666666666666,6.12,2011,15.0
C.Hanie,00-0025970,CHI,613.0,12.019607843137255,121.0,3.0,29.0,51.0,9.0,0.4214876033057851,-0.5486645977028843,216.0,4.235294117647059,0.5944039898952748,-0.9904893006747071,-0.004033023735038,-0.006974237959537587,0,19.0,1.0,0,0.024793388429752067,0.0743801652892562,C.Hanie,0.0,98.0,7.538461538461538,28.319999999999997,2011,
C.Henne,00-0026197,MIA,868.0,13.5625,123.0,4.0,41.0,64.0,4.0,0.5203252032520326,0.046039548672726326,333.0,5.203125,0.5646861780761746,-0.37956615630058776,0.01702662013636731,-0.016615654011521833,0,11.0,0.0,0,0.032520325203252036,0.032520325203252036,C.Henne,1.0,112.0,7.466666666666667,59.92,2011,115.76
C.McCoy,00-0027688,CLE,2733.0,10.313207547169812,496.0,14.0,144.0,265.0,11.0,0.5342741935483871,-0.07224168062138625,1213.0,4.577358490566038,0.419705754636764,-0.3981640929825044,0.0008529658407693832,-0.0012324354213914747,0,32.0,1.0,1,0.028225806451612902,0.02217741935483871,C.McCoy,0.0,212.0,3.4754098360655736,162.51999999999998,2011,8.66
C.Newton,00-0027939,CAR,4051.0,13.067741935483872,555.0,21.0,173.0,310.0,17.0,0.5585585585585585,0.05793139179151737,1911.0,6.164516129032258,0.6127365718889762,-0.4365553392684854,0.0025869079003980355,0.0006964663314732893,2,35.0,6.0,2,0.03783783783783784,0.03063063063063063,C.Newton,14.0,706.0,5.603174603174603,366.64,2011,326.86
C.Painter,00-0027134,IND,1541.0,11.674242424242424,260.0,6.0,71.0,132.0,9.0,0.5076923076923077,-0.2258686924529574,748.0,5.666666666666667,0.5240865192490175,-0.6374477292703145,0.002114551856219403,-0.004482846143664011,0,16.0,4.0,2,0.023076923076923078,0.03461538461538462,C.Painter,0.0,107.0,6.294117647058823,74.34,2011,
C.Palmer,00-0021429,LV,2753.0,13.834170854271356,345.0,13.0,122.0,199.0,16.0,0.5768115942028985,0.07261513555410656,1051.0,5.28140703517588,0.6864198226226753,-0.5272162533928414,0.0031220496747216943,0.002829186511851095,0,17.0,3.0,1,0.03768115942028986,0.0463768115942029,C.Palmer,1.0,20.0,1.25,136.12,2011,216.72
C.Ponder,00-0027950,MIN,1853.0,11.727848101265822,321.0,13.0,91.0,158.0,13.0,0.49221183800623053,-0.19210462270923512,831.0,5.2594936708860756,0.48471614318804607,-0.5431953271596303,0.007613798582019404,-0.009084131587618581,0,30.0,4.0,3,0.040498442367601244,0.040498442367601244,C.Ponder,0.0,219.0,7.821428571428571,116.02000000000001,2011,194.70000000000002
C.Redman,00-0019709,ATL,188.0,10.444444444444445,28.0,0.0,10.0,18.0,1.0,0.6428571428571429,-0.30614934934003807,68.0,3.7777777777777777,0.49617490704778344,-0.802324256387822,1.3979400786667207e-05,-0.000725540247061865,0,0.0,0.0,0,0.0,0.03571428571428571,C.Redman,0.0,-6.0,-1.2,4.92,2011,
C.Whitehurst,00-0024296,SEA,298.0,11.037037037037036,64.0,1.0,14.0,27.0,1.0,0.421875,-0.3498444988784972,124.0,4.592592592592593,0.663721845194232,-0.7642312096914667,0.0013577153107949681,-0.0020502677076748408,0,8.0,1.0,1,0.015625,0.015625,C.Whitehurst,0.0,13.0,3.25,13.22,2011,
D.Brees,00-0020531,NO,5535.0,11.751592356687897,686.0,46.0,280.0,471.0,14.0,0.6865889212827988,0.31525852111789493,2449.0,5.199575371549894,0.43865562831737576,-0.0598937258367169,0.002104334434931753,0.0063693447690622434,2,24.0,2.0,0,0.06705539358600583,0.02040816326530612,D.Brees,1.0,86.0,4.095238095238095,396.0,2011,345.58000000000004
D.McNabb,00-0011022,MIN,1026.0,10.914893617021276,172.0,4.0,52.0,94.0,2.0,0.5465116279069767,-0.13009809446971637,418.0,4.494623655913978,0.504150017477887,-0.4958671791854655,0.0026556695472199276,-0.008099297583192734,0,16.0,2.0,0,0.023255813953488372,0.011627906976744186,D.McNabb,1.0,59.0,4.214285714285714,64.94,2011,
D.Orlovsky,00-0023578,IND,1201.0,9.844262295081966,207.0,6.0,70.0,122.0,4.0,0.5893719806763285,0.001256402820284686,379.0,3.1065573770491803,0.6502602951682331,-0.4910096018180671,0.0054638644167675525,-0.002749676378524154,0,14.0,4.0,3,0.028985507246376812,0.01932367149758454,D.Orlovsky,0.0,5.0,0.8333333333333334,58.53999999999999,2011,
E.Manning,00-0022803,NYG,4933.0,13.740947075208913,617.0,29.0,216.0,359.0,16.0,0.5818476499189628,0.13666685372316942,2089.0,5.818941504178273,0.6987246208011263,-0.4613650841645826,0.004509410533148492,0.001810504503341111,0,28.0,6.0,4,0.04700162074554295,0.02593192868719611,E.Manning,1.0,15.0,0.42857142857142855,280.82,2011,232.91999999999996
J.Beck,00-0025427,WAS,858.0,10.725,149.0,2.0,44.0,80.0,4.0,0.5369127516778524,-0.2166341735353115,402.0,5.025,0.47070365381672974,-0.5412073905849706,0.004576464721834915,-0.009102284179045282,1,16.0,4.0,1,0.013422818791946308,0.026845637583892617,J.Beck,2.0,43.0,4.3,50.62,2011,
J.Campbell,00-0023460,LV,1170.0,11.7,172.0,6.0,56.0,100.0,4.0,0.5813953488372093,0.08316516955640078,445.0,4.45,0.593099815399137,-0.4574890530105081,0.0012726939173542523,0.003252873642039782,0,5.0,1.0,0,0.03488372093023256,0.023255813953488372,J.Campbell,2.0,60.0,3.3333333333333335,80.8,2011,17.400000000000002
J.Cutler,00-0024226,CHI,2319.0,12.741758241758241,337.0,13.0,106.0,182.0,7.0,0.5400593471810089,-0.004755972566262252,972.0,5.34065934065934,0.6684148213178635,-0.5682192783204152,0.003102922704631223,-0.00044685926120216447,0,23.0,3.0,3,0.03857566765578635,0.020771513353115726,J.Cutler,1.0,46.0,2.5555555555555554,135.35999999999999,2011,184.62
J.Delhomme,00-0004161,HOU,211.0,11.722222222222221,30.0,1.0,9.0,18.0,0.0,0.6,-0.04701450276430711,56.0,3.111111111111111,0.6530493380366047,-0.4404081267404924,0.006239159736920267,0.006851968941865148,0,2.0,1.0,1,0.03333333333333333,0.0,J.Delhomme,0.0,0.0,0.0,10.44,2011,
J.Flacco,00-0026158,BAL,3610.0,11.570512820512821,573.0,20.0,179.0,312.0,12.0,0.5445026178010471,0.05330066950489835,1586.0,5.083333333333333,0.6792092157157763,-0.5198635761699925,0.003515482487006965,0.0007716611335442749,0,31.0,6.0,6,0.034904013961605584,0.020942408376963352,J.Flacco,1.0,88.0,2.2564102564102564,203.20000000000002,2011,236.88
J.Freeman,00-0026993,TB,3592.0,10.38150289017341,586.0,16.0,168.0,346.0,22.0,0.590443686006826,-0.10424524440671215,1654.0,4.780346820809249,0.35751962878398885,-0.3736526161567564,0.005476310836673856,-0.0056443595204773035,2,29.0,8.0,3,0.027303754266211604,0.03754266211604096,J.Freeman,4.0,238.0,4.327272727272727,209.48000000000002,2011,248.50000000000003
J.Johnson,00-0026300,TB,246.0,12.947368421052632,39.0,1.0,12.0,19.0,2.0,0.48717948717948717,-0.14438441517498626,32.0,1.6842105263157894,0.6845834654256273,-0.6594689780114916,0.0039047320414453243,-0.004893429005379493,0,3.0,0.0,0,0.02564102564102564,0.05128205128205128,J.Johnson,0.0,144.0,5.76,24.240000000000002,2011,
J.Locker,00-0027946,TEN,542.0,15.941176470588236,71.0,4.0,22.0,34.0,0.0,0.4788732394366197,0.12928083282868855,265.0,7.794117647058823,0.7435053159491728,-0.46585173033197813,0.009241556519499197,-0.0025026969437327825,0,5.0,0.0,0,0.056338028169014086,0.0,J.Locker,1.0,56.0,7.0,49.28,2011,136.14000000000001
J.Losman,00-0022912,MIA,60.0,10.0,15.0,0.0,3.0,6.0,0.0,0.4,-0.30096574473233556,23.0,3.8333333333333335,1.2960726626624808,-1.1031850707076951,-0.00277108550071716,-0.0006628063973039301,0,5.0,0.0,0,0.0,0.0,J.Losman,0.0,1.0,0.5,2.5,2011,
J.McCown,00-0021206,CHI,414.0,11.82857142857143,62.0,2.0,18.0,35.0,4.0,0.5645161290322581,-0.118778571787115,167.0,4.771428571428571,0.6734712124708258,-0.6264598714053915,0.002935198582445033,-0.006520389457529562,0,7.0,1.0,0,0.03225806451612903,0.06451612903225806,J.McCown,0.0,68.0,5.666666666666667,23.36,2011,
J.Skelton,00-0027754,ARI,1913.0,12.668874172185431,298.0,11.0,82.0,151.0,14.0,0.5067114093959731,-0.18885896604021488,808.0,5.3509933774834435,0.6338772187986421,-0.7156314488622314,0.001215177703447185,-0.0010074877268193999,0,23.0,1.0,0,0.03691275167785235,0.04697986577181208,J.Skelton,0.0,128.0,4.571428571428571,105.32,2011,31.78
J.Webb,00-0027796,MIN,376.0,11.058823529411764,66.0,3.0,16.0,34.0,2.0,0.5151515151515151,0.012566044235206844,141.0,4.147058823529412,0.6147429474365217,-0.5027756246207797,0.00281981006525807,0.0005712616720126256,0,3.0,1.0,1,0.045454545454545456,0.030303030303030304,J.Webb,2.0,154.0,7.0,48.44,2011,
K.Boller,00-0022164,LV,161.0,10.733333333333333,31.0,0.0,7.0,15.0,3.0,0.4838709677419355,-0.4420366781761855,84.0,5.6,0.6522494577085514,-1.0113670885725057,4.709857915129646e-05,-0.010354691663183115,0,3.0,0.0,0,0.0,0.0967741935483871,K.Boller,0.0,38.0,4.222222222222222,4.24,2011,
K.Clemens,00-0024264,LA,546.0,11.375,100.0,2.0,28.0,48.0,1.0,0.48,-0.15329422676929388,187.0,3.8958333333333335,0.696644047770887,-0.6830467543497278,0.0019433231434454496,-0.0028835354618482485,0,9.0,0.0,0,0.02,0.01,0,0.0,0.0,0.0,27.84,2011,
K.Collins,00-0003292,IND,481.0,10.020833333333334,103.0,2.0,29.0,48.0,1.0,0.46601941747572817,-0.2436643663913664,216.0,4.5,0.5434147747767687,-0.6278686430216172,0.0009960759251346958,-0.006703105068812223,0,5.0,2.0,2,0.019417475728155338,0.009708737864077669,K.Collins,0.0,-1.0,-0.5,21.139999999999997,2011,
K.Kolb,00-0025423,ARI,1955.0,13.39041095890411,284.0,9.0,88.0,146.0,8.0,0.5140845070422535,-0.045409217600749556,905.0,6.198630136986301,0.46620818125690866,-0.32379327227912624,0.0013259913334188018,-0.0010990989599305935,0,30.0,3.0,2,0.03169014084507042,0.028169014084507043,K.Kolb,0.0,65.0,3.823529411764706,100.7,2011,84.75999999999999
K.Orton,00-0023541,DEN,1758.0,11.72,262.0,9.0,94.0,150.0,9.0,0.5725190839694656,0.024106507774731507,751.0,5.006666666666667,0.47452202541577404,-0.3714054048499203,-0.00013921802376861062,0.0025845642871422845,0,10.0,4.0,2,0.03435114503816794,0.03435114503816794,K.Orton,0.0,13.0,1.1818181818181819,85.61999999999999,2011,9.56
L.McCown,00-0022864,JAX,296.0,9.866666666666667,60.0,0.0,13.0,30.0,4.0,0.5,-0.46806556935051036,140.0,4.666666666666667,0.29495952771651013,-0.711269023097825,0.0032996971692357785,-0.009177661535172117,0,4.0,0.0,0,0.0,0.06666666666666667,L.McCown,0.0,23.0,3.2857142857142856,6.14,2011,
M.Cassel,00-0023662,KC,1713.0,10.70625,291.0,10.0,83.0,160.0,9.0,0.5498281786941581,-0.08569531871467884,682.0,4.2625,0.5481389246928128,-0.5059675933579619,-0.0014660938729782955,0.004971385518864272,0,22.0,3.0,2,0.03436426116838488,0.030927835051546393,M.Cassel,0.0,99.0,3.96,96.42,2011,84.34
M.Flynn,00-0026349,GB,518.0,15.696969696969697,54.0,6.0,22.0,33.0,2.0,0.6111111111111112,0.27701764831817827,227.0,6.878787878787879,0.6304632455196081,-0.1238811823323913,0.0125231701145392,0.009343363460789109,0,5.0,1.0,1,0.1111111111111111,0.037037037037037035,M.Flynn,1.0,-6.0,-0.46153846153846156,44.12,2011,
M.Hasselbeck,00-0007091,TEN,3571.0,11.19435736677116,537.0,18.0,163.0,319.0,14.0,0.5940409683426443,-0.015424735235018016,1632.0,5.115987460815047,0.49381953517906585,-0.44086790913329943,0.0033207461564026927,-0.0013038139071968333,0,19.0,5.0,1,0.0335195530726257,0.0260707635009311,M.Hasselbeck,0.0,52.0,2.6,190.04,2011,76.48
M.Kafka,00-0027722,PHI,107.0,9.727272727272727,17.0,0.0,3.0,11.0,2.0,0.6470588235294118,-0.24940323687898064,39.0,3.5454545454545454,0.7598496209175204,-0.9787114882565214,-0.015606293251039486,-0.016282668715575713,0,1.0,0.0,0,0.0,0.11764705882352941,M.Kafka,0.0,0.0,0.0,0.28000000000000025,2011,
M.Leinart,00-0024225,HOU,57.0,5.7,13.0,1.0,1.0,10.0,0.0,0.7692307692307693,-0.20082643149490062,39.0,3.9,-0.45509870239766226,0.2542722709027641,0.0,-0.007840994802303485,0,0.0,0.0,0,0.07692307692307693,0.0,M.Leinart,0.0,-1.0,-1.0,6.18,2011,2.5999999999999996
M.Moore,00-0025708,MIA,2497.0,11.89047619047619,384.0,16.0,122.0,210.0,9.0,0.546875,-0.033996973108920435,838.0,3.9904761904761905,0.6869366571510079,-0.5486625684897347,0.004440069715597726,-0.0006144543171003464,0,36.0,7.0,5,0.041666666666666664,0.0234375,0,0.0,0.0,0.0,135.88,2011,8.94
M.Ryan,00-0026143,ATL,4177.0,12.037463976945245,592.0,29.0,205.0,347.0,12.0,0.5861486486486487,0.13396687692423895,1718.0,4.9510086455331415,0.6470642428606214,-0.40434302106236153,0.0038318985964536497,0.0009359856243361833,0,26.0,4.0,3,0.048986486486486486,0.02027027027027027,M.Ryan,2.0,84.0,2.27027027027027,273.48,2011,306.86
M.Sanchez,00-0026898,NYJ,3474.0,11.279220779220779,583.0,26.0,171.0,308.0,18.0,0.5283018867924528,-0.12712373482395492,1506.0,4.8896103896103895,0.5409957392484891,-0.5393299187458723,0.0019356728061454083,-0.0021349747797458334,0,39.0,6.0,4,0.044596912521440824,0.030874785591766724,M.Sanchez,6.0,103.0,2.7837837837837838,245.26000000000002,2011,122.11999999999999
M.Schaub,00-0022787,HOU,2479.0,13.926966292134832,308.0,15.0,118.0,178.0,6.0,0.577922077922078,0.20631478904744163,1189.0,6.679775280898877,0.552338969702636,-0.2507522767264366,0.003480931483885885,0.0033868723380316994,0,16.0,1.0,1,0.048701298701298704,0.01948051948051948,M.Schaub,2.0,9.0,0.6,158.06,2011,223.42
M.Stafford,00-0026498,DET,5100.0,11.91588785046729,714.0,41.0,246.0,428.0,16.0,0.5994397759103641,0.11076872459894385,2270.0,5.303738317757009,0.5511506097559097,-0.3530601403113979,0.0023858548498052797,0.002836148972596879,2,38.0,5.0,2,0.05742296918767507,0.022408963585434174,M.Stafford,0.0,78.0,3.5454545454545454,343.8,2011,277.28
M.Vick,00-0020245,PHI,3303.0,13.055335968379447,446.0,18.0,155.0,253.0,14.0,0.5672645739910314,0.0757171344434468,1332.0,5.264822134387352,0.5988184882866265,-0.4277370335371551,-0.00033177844512945475,0.004600975863307595,0,23.0,5.0,2,0.04035874439461883,0.03139013452914798,M.Vick,1.0,589.0,7.75,237.02,2011,157.68
P.Rivers,00-0022942,LAC,4624.0,12.633879781420765,613.0,27.0,234.0,366.0,20.0,0.5970636215334421,0.16760556814852604,1974.0,5.39344262295082,0.6314002679382782,-0.3680077759276441,0.008211810788087238,-0.0030929439837822006,1,30.0,4.0,4,0.04404567699836868,0.03262642740619902,P.Rivers,1.0,36.0,1.3846153846153846,256.56000000000006,2011,208.24
R.Bartel,00-0025749,ARI,86.0,8.6,23.0,1.0,5.0,10.0,1.0,0.43478260869565216,-0.40434808562175656,17.0,1.7,0.6334797378274911,-1.0806007217827505,5.3378921553818156e-05,-0.0008610682628138525,0,1.0,0.0,0,0.043478260869565216,0.043478260869565216,0,0.0,0.0,0.0,5.4399999999999995,2011,
R.Fitzpatrick,00-0023682,BUF,3832.0,10.855524079320114,592.0,24.0,178.0,353.0,23.0,0.5962837837837838,-0.02046025958837013,1866.0,5.286118980169972,0.4832007776250256,-0.4393550289445803,0.002039303446713222,-0.0011325656663960587,0,22.0,1.0,0,0.04054054054054054,0.03885135135135135,R.Fitzpatrick,0.0,215.0,3.8392857142857144,224.78,2011,211.7
R.Grossman,00-0022121,WAS,3151.0,11.89056603773585,484.0,16.0,159.0,265.0,20.0,0.5475206611570248,-0.03719261415555322,1315.0,4.962264150943396,0.6390214977259557,-0.5522849364725251,0.005886600585285199,-0.0021395230362325347,0,25.0,6.0,5,0.03305785123966942,0.04132231404958678,R.Grossman,1.0,11.0,0.55,147.14000000000001,2011,
S.Bradford,00-0027854,LA,2164.0,11.329842931937172,393.0,6.0,104.0,191.0,6.0,0.4860050890585242,-0.22258678285574776,854.0,4.471204188481676,0.5956007777867318,-0.625947047936507,0.0027537444386520004,-0.005024179854444028,0,36.0,7.0,5,0.015267175572519083,0.015267175572519083,S.Bradford,0.0,26.0,1.4444444444444444,91.16,2011,230.48000000000002
S.McGee,00-0027071,DAL,182.0,7.583333333333333,41.0,1.0,11.0,24.0,0.0,0.5853658536585366,-0.1205114963685912,87.0,3.625,0.41410369295887256,-0.39937470515188095,0.00036229179730933687,9.276975490186927e-05,0,3.0,0.0,0,0.024390243902439025,0.0,0,0.0,0.0,0.0,11.280000000000001,2011,
S.Wallace,00-0022055,CLE,567.0,10.309090909090909,113.0,2.0,29.0,55.0,2.0,0.48672566371681414,-0.1820682004170057,178.0,3.2363636363636363,0.5031809687098888,-0.5848276386428519,-0.0017671951193199348,-0.004456326932915103,0,6.0,1.0,1,0.017699115044247787,0.017699115044247787,S.Wallace,0.0,70.0,10.0,31.68,2011,
T.Brady,00-0019596,NE,5235.0,13.054862842892769,643.0,39.0,261.0,401.0,12.0,0.6236391912908242,0.3006836772800279,2566.0,6.399002493765586,0.5679490271405307,-0.1706935751779588,0.004078781268913641,0.005613105924618908,0,32.0,3.0,3,0.060653188180404355,0.01866251944012442,T.Brady,3.0,109.0,2.5348837209302326,364.29999999999995,2011,340.28000000000003
T.Jackson,00-0024279,SEA,3091.0,11.40590405904059,493.0,14.0,138.0,271.0,13.0,0.5496957403651116,-0.02992952866026936,1362.0,5.025830258302583,0.5810627170753294,-0.44745545318083024,-0.0018093919449843903,0.0037531185649906517,0,42.0,4.0,4,0.028397565922920892,0.02636916835699797,T.Jackson,1.0,108.0,2.7,162.44,2011,
T.Palko,00-0024812,KC,796.0,9.95,145.0,2.0,40.0,80.0,7.0,0.5517241379310345,-0.18212864699328807,338.0,4.225,0.3897978235320558,-0.4652224384908973,0.007606109770159756,-0.00941453375741151,0,11.0,0.0,0,0.013793103448275862,0.04827586206896552,T.Palko,0.0,15.0,3.0,27.340000000000003,2011,
T.Romo,00-0021678,DAL,4184.0,12.092485549132949,558.0,31.0,203.0,346.0,10.0,0.6200716845878136,0.15217051556241454,1946.0,5.624277456647399,0.46025135025793035,-0.180634492210191,0.0027966889255054837,0.0052489139483358266,0,36.0,6.0,3,0.05555555555555555,0.017921146953405017,T.Romo,1.0,46.0,2.090909090909091,275.96000000000004,2011,277.02
T.Tebow,00-0027876,DEN,1729.0,13.722222222222221,305.0,12.0,76.0,126.0,6.0,0.4131147540983607,-0.21970351368665375,605.0,4.801587301587301,0.9390322433159309,-0.9398947343778844,0.006359845165616941,-0.003885725556804345,0,33.0,5.0,4,0.03934426229508197,0.019672131147540985,T.Tebow,6.0,660.0,5.409836065573771,199.16,2011,
T.Yates,00-0028090,HOU,949.0,11.573170731707316,149.0,3.0,48.0,82.0,3.0,0.5503355704697986,-0.03018932930226409,474.0,5.780487804878049,0.40886332835117123,-0.22588251817645752,0.004471844212825365,0.0017724468260627243,0,15.0,4.0,3,0.020134228187919462,0.020134228187919462,T.Yates,0.0,57.0,4.071428571428571,43.660000000000004,2011,5.42
V.Young,00-0024218,PHI,866.0,13.121212121212121,122.0,4.0,39.0,66.0,9.0,0.5409836065573771,-0.04713623498347273,312.0,4.7272727272727275,0.8260647681349754,-0.7934610572378916,0.0013311301934736668,-0.0002650586723928305,0,8.0,0.0,0,0.03278688524590164,0.07377049180327869,V.Young,0.0,79.0,4.388888888888889,40.54,2011,
A.Dalton,00-0027973,CIN,3669.0,11.151975683890578,574.0,27.0,171.0,329.0,16.0,0.573170731707317,-0.021637384865577435,1660.0,5.045592705167174,0.5540400549362751,-0.4429655325259631,0.0021146591201800084,1.2053301504534267e-05,0,46.0,8.0,5,0.047038327526132406,0.027874564459930314,A.Dalton,4.0,120.0,2.5531914893617023,248.76,2012,288.02000000000004
A.Luck,00-0029668,IND,4374.0,12.902654867256636,669.0,23.0,208.0,339.0,18.0,0.5067264573991032,0.018598351992970726,1656.0,4.884955752212389,0.7263470278323236,-0.5945362465886874,0.0025045259840635378,0.0031985144215901434,0,41.0,6.0,6,0.0343796711509716,0.026905829596412557,A.Luck,5.0,255.0,4.112903225806452,274.46000000000004,2012,292.58
A.Rodgers,00-0023459,GB,4295.0,11.576819407008086,606.0,39.0,211.0,371.0,8.0,0.6122112211221122,0.18374750990909264,2046.0,5.514824797843666,0.513817980575277,-0.16452223725753568,0.003104102136134658,0.004734775800784858,1,51.0,5.0,4,0.06435643564356436,0.013201320132013201,A.Rodgers,2.0,259.0,4.796296296296297,343.7,2012,169.44
A.Smith,00-0023436,SF,1737.0,11.352941176470589,242.0,13.0,87.0,153.0,5.0,0.6322314049586777,0.13868456668426865,775.0,5.065359477124183,0.32910445655356896,-0.019640982796929288,0.005841667187044609,0.00045401663773506496,0,24.0,1.0,1,0.05371900826446281,0.02066115702479339,A.Smith,0.0,132.0,3.8823529411764706,122.68,2012,204.52
B.Gabbert,00-0027948,JAX,1662.0,10.25925925925926,304.0,9.0,72.0,162.0,6.0,0.5328947368421053,-0.13756472118547092,691.0,4.265432098765432,0.42143702280068035,-0.45814465748963945,0.0036869057393410965,-0.0027917997329161997,2,22.0,3.0,2,0.029605263157894735,0.019736842105263157,B.Gabbert,0.0,56.0,3.111111111111111,96.08,2012,12.439999999999998
B.Gradkowski,00-0024408,CIN,65.0,13.0,11.0,0.0,1.0,5.0,0.0,0.45454545454545453,-0.27828190168901784,5.0,1.0,0.6230348529170564,-0.9013167546060733,-9.547580372202724e-05,-0.004554393616589628,0,0.0,0.0,0,0.0,0.0,B.Gradkowski,0.0,-2.0,-0.5,2.4,2012,
B.Hoyer,00-0026625,ARI,330.0,11.0,57.0,1.0,13.0,30.0,2.0,0.5263157894736842,-0.2650000297260295,92.0,3.066666666666667,0.6967920837514401,-0.8345608491155394,-0.0005666375825221565,-0.0014053619859898244,0,4.0,1.0,0,0.017543859649122806,0.03508771929824561,0,0.0,0.0,0.0,13.2,2012,40.2
B.Leftwich,00-0022177,PIT,272.0,10.88,56.0,0.0,13.0,25.0,1.0,0.44642857142857145,-0.15616668776691203,115.0,4.6,0.537609150139549,-0.6016605609588729,0.002406690832016594,-0.011931045226893344,0,3.0,2.0,0,0.0,0.017857142857142856,0,0.0,0.0,0.0,8.88,2012,
B.Quinn,00-0025409,KC,1141.0,10.1875,218.0,2.0,48.0,112.0,8.0,0.5137614678899083,-0.35148416721253944,477.0,4.258928571428571,0.4162822175998285,-0.6517032870716284,0.004593275273250861,-0.007992627491921455,0,21.0,0.0,0,0.009174311926605505,0.03669724770642202,0,0.0,0.0,0.0,37.64,2012,
B.Roethlisberger,00-0022924,PIT,3265.0,11.496478873239436,481.0,26.0,167.0,284.0,8.0,0.5904365904365905,0.13181579766254453,1474.0,5.190140845070423,0.5838991426583209,-0.3083299373225766,0.005509157676863384,0.0027567743469579945,1,30.0,4.0,2,0.05405405405405406,0.016632016632016633,B.Roethlisberger,0.0,92.0,3.5384615384615383,225.79999999999998,2012,260.34000000000003
B.Weeden,00-0029677,CLE,3385.0,11.397306397306398,545.0,14.0,168.0,297.0,17.0,0.544954128440367,-0.06346594164401405,1774.0,5.973063973063973,0.3196061200825177,-0.3006039830746153,0.002030989571963061,-0.004303188777168855,0,28.0,2.0,1,0.025688073394495414,0.031192660550458717,B.Weeden,0.0,111.0,4.111111111111111,166.5,2012,89.64
C.Batch,00-0000865,PIT,475.0,10.555555555555555,73.0,1.0,22.0,45.0,4.0,0.6164383561643836,-0.11956405991080604,257.0,5.711111111111111,0.5654011516682136,-0.6320607509043416,0.0008309747491564043,1.577456647426863e-05,0,3.0,3.0,0,0.0136986301369863,0.0547945205479452,0,0.0,0.0,0.0,15.0,2012,
C.Henne,00-0026197,JAX,2084.0,12.55421686746988,337.0,11.0,85.0,166.0,11.0,0.49258160237388726,-0.14234420011699409,853.0,5.13855421686747,0.6802151853371351,-0.6897263211220886,0.0032151554100166187,-0.0007599975042913419,0,28.0,2.0,1,0.032640949554896145,0.032640949554896145,C.Henne,1.0,64.0,3.3684210526315788,115.76,2012,153.64
C.Kaepernick,00-0027974,SF,1814.0,13.338235294117647,234.0,10.0,85.0,136.0,3.0,0.5811965811965812,0.1892875114599162,705.0,5.1838235294117645,0.632977105327412,-0.327333324555173,-0.005560075417028927,0.013742986243266125,0,16.0,2.0,0,0.042735042735042736,0.01282051282051282,C.Kaepernick,5.0,415.0,6.587301587301587,178.06,2012,264.28
C.McCoy,00-0027688,CLE,79.0,8.777777777777779,21.0,1.0,5.0,9.0,0.0,0.42857142857142855,-0.3156476013523169,24.0,2.6666666666666665,0.12780249575221495,-0.06116998414098124,0.04810247616328794,-0.048348778562921586,0,4.0,0.0,0,0.047619047619047616,0.0,C.McCoy,0.0,15.0,3.75,8.66,2012,
C.Newton,00-0027939,CAR,3869.0,13.817857142857143,521.0,19.0,168.0,280.0,12.0,0.5374280230326296,0.10584387363103873,1709.0,6.103571428571429,0.6458040517963853,-0.43699055317028623,0.0007797047724456795,0.0018394646897464898,0,36.0,2.0,1,0.036468330134357005,0.023032629558541268,C.Newton,8.0,741.0,5.834645669291339,326.86,2012,297.65999999999997
C.Palmer,00-0021429,LV,4018.0,11.646376811594203,594.0,22.0,184.0,345.0,14.0,0.5808080808080808,0.014398909131901026,1959.0,5.678260869565217,0.4968126053400874,-0.381271823393547,0.004047187504188308,-0.002735897955469352,2,26.0,6.0,4,0.037037037037037035,0.02356902356902357,0,0.0,0.0,0.0,216.72,2012,215.26000000000005
C.Ponder,00-0027950,MIN,2935.0,9.783333333333333,517.0,18.0,163.0,300.0,12.0,0.5802707930367504,-0.024394573870930445,1610.0,5.366666666666666,0.33068606290380814,-0.23784147844002043,0.0012543619832907783,0.002075145606356167,1,32.0,5.0,5,0.03481624758220503,0.02321083172147002,C.Ponder,2.0,253.0,4.216666666666667,194.70000000000002,2012,109.02
D.Brees,00-0020531,NO,5177.0,12.26777251184834,696.0,43.0,266.0,422.0,19.0,0.6063218390804598,0.13997329703439929,2158.0,5.113744075829384,0.5083244618515707,-0.29225485224651415,0.004164479467059366,0.0006465971229031592,0,26.0,4.0,1,0.0617816091954023,0.027298850574712645,D.Brees,1.0,5.0,0.3333333333333333,345.58000000000004,2012,353.68
E.Manning,00-0022803,NYG,3948.0,12.299065420560748,555.0,26.0,186.0,321.0,15.0,0.5783783783783784,0.10356967994023109,1389.0,4.327102803738318,0.7088034823389472,-0.5424784706693819,0.004735834342991802,-0.00015746016471051576,0,19.0,1.0,1,0.04684684684684685,0.02702702702702703,E.Manning,0.0,30.0,1.5,232.91999999999996,2012,172.32
G.McElroy,00-0028146,NYJ,214.0,11.263157894736842,42.0,1.0,13.0,19.0,1.0,0.4523809523809524,-0.4455431593589572,123.0,6.473684210526316,0.4412414611865499,-0.4369899818139413,0.004660182071255168,-0.0073183769540440735,0,11.0,2.0,1,0.023809523809523808,0.023809523809523808,G.McElroy,0.0,30.0,3.75,11.56,2012,
J.Campbell,00-0023460,CHI,265.0,8.28125,57.0,2.0,10.0,32.0,2.0,0.5614035087719298,-0.22722975175326765,78.0,2.4375,0.3843895310876141,-0.4736339824574747,-0.002132279344932273,-0.003772232393898499,0,6.0,0.0,0,0.03508771929824561,0.03508771929824561,J.Campbell,0.0,28.0,4.0,17.400000000000002,2012,115.3
J.Cutler,00-0024226,CHI,3033.0,11.894117647058824,473.0,19.0,153.0,255.0,14.0,0.5391120507399577,-0.05945193241769762,1153.0,4.52156862745098,0.7300217113542297,-0.6557105125138205,0.0011654584672215799,-0.00097737597218479,0,38.0,5.0,4,0.040169133192389,0.02959830866807611,J.Cutler,0.0,233.0,5.682926829268292,184.62,2012,168.64000000000001
J.Flacco,00-0026158,BAL,3817.0,12.041009463722398,567.0,22.0,174.0,317.0,10.0,0.5590828924162258,0.029759467166626603,1544.0,4.870662460567823,0.6242895603340503,-0.48897921997395377,0.007472021707322649,-0.004318829966682359,1,35.0,3.0,3,0.03880070546737213,0.01763668430335097,J.Flacco,3.0,22.0,0.6875,236.88,2012,205.57999999999998
J.Freeman,00-0026993,TB,4065.0,13.284313725490197,588.0,27.0,185.0,306.0,17.0,0.5204081632653061,0.040301074033112116,1642.0,5.366013071895424,0.6926626615513231,-0.5681606363431778,0.004809915310238361,-0.0021380138347462784,1,26.0,1.0,2,0.04591836734693878,0.02891156462585034,J.Freeman,0.0,139.0,3.5641025641025643,248.50000000000003,2012,30.439999999999998
J.Locker,00-0027946,TEN,2176.0,12.293785310734464,339.0,10.0,93.0,177.0,11.0,0.5221238938053098,-0.08220520529521448,831.0,4.694915254237288,0.5994564805198941,-0.5568815506435526,-0.006470642712586912,0.006505273855438237,0,25.0,3.0,2,0.029498525073746312,0.032448377581120944,J.Locker,1.0,291.0,7.097560975609756,136.14000000000001,2012,101.74000000000001
J.Skelton,00-0027754,ARI,1132.0,10.385321100917432,216.0,2.0,55.0,109.0,9.0,0.5046296296296297,-0.3117213511421681,531.0,4.871559633027523,0.3368363364526887,-0.5189202527863217,0.0032975301612714293,-0.00862904988385594,0,15.0,2.0,2,0.009259259259259259,0.041666666666666664,J.Skelton,0.0,5.0,1.25,31.78,2012,
K.Cousins,00-0029604,WAS,466.0,14.121212121212121,51.0,4.0,20.0,33.0,3.0,0.6470588235294118,0.23640381751872427,193.0,5.848484848484849,0.4523108932650457,-0.12021384029677733,0.003476972532148169,0.005763513065897632,0,3.0,0.0,0,0.0784313725490196,0.058823529411764705,K.Cousins,0.0,22.0,7.333333333333333,30.84,2012,33.559999999999995
K.Kolb,00-0025423,ARI,1169.0,10.724770642201834,210.0,8.0,62.0,109.0,3.0,0.5190476190476191,-0.10031229961188046,478.0,4.385321100917431,0.38067069378903495,-0.25268835320062905,0.002031943139119635,0.0018005357599149912,0,27.0,2.0,2,0.0380952380952381,0.014285714285714285,K.Kolb,1.0,100.0,6.25,84.75999999999999,2012,
K.Orton,00-0023541,DAL,89.0,9.88888888888889,11.0,1.0,6.0,9.0,0.0,0.8181818181818182,0.6774006984342229,24.0,2.6666666666666665,0.4538864949776321,0.18595427330001266,-6.394882805179376e-05,6.720928649883548e-05,1,0.0,0.0,0,0.09090909090909091,0.0,0,0.0,0.0,0.0,9.56,2012,19.92
M.Cassel,00-0023662,KC,1796.0,11.15527950310559,296.0,6.0,96.0,161.0,12.0,0.543918918918919,-0.15721384695412385,784.0,4.869565217391305,0.4931673763738444,-0.534149894229404,-0.0008997972761961618,-0.0008941027955809709,0,19.0,6.0,4,0.02027027027027027,0.04054054054054054,M.Cassel,1.0,145.0,5.37037037037037,84.34,2012,107.98
M.Hasselbeck,00-0007091,TEN,1367.0,9.905797101449275,236.0,7.0,71.0,138.0,5.0,0.5847457627118644,-0.125491507087569,557.0,4.036231884057971,0.49460538441083013,-0.5098044267438228,0.004625304360602435,-0.0012883072673923637,1,14.0,4.0,1,0.029661016949152543,0.0211864406779661,M.Hasselbeck,0.0,38.0,2.923076923076923,76.48,2012,3.0
M.Leinart,00-0024225,LV,115.0,7.1875,34.0,0.0,7.0,16.0,1.0,0.47058823529411764,-0.3183768733998232,40.0,2.5,0.213431002569193,-0.5085420835067975,0.014683812405123862,-0.02101842601361128,0,1.0,0.0,0,0.0,0.029411764705882353,0,0.0,0.0,0.0,2.5999999999999996,2012,
M.Ryan,00-0026143,ATL,4719.0,11.182464454976303,644.0,32.0,246.0,422.0,14.0,0.65527950310559,0.2103785487833577,2061.0,4.895486935866983,0.5059060292107072,-0.21492410667882345,0.005327607136927876,0.0016685197306507908,0,28.0,2.0,1,0.049689440993788817,0.021739130434782608,M.Ryan,1.0,141.0,4.147058823529412,306.86,2012,250.10000000000002
M.Sanchez,00-0026898,NYJ,2883.0,11.71951219512195,488.0,13.0,146.0,246.0,18.0,0.5040983606557377,-0.16919931856372156,976.0,3.967479674796748,0.5743019516100272,-0.6005904065488779,0.002015841144389985,-0.0032570533698716942,0,34.0,9.0,6,0.02663934426229508,0.036885245901639344,M.Sanchez,0.0,28.0,1.2727272727272727,122.11999999999999,2012,
M.Schaub,00-0022787,HOU,4008.0,11.451428571428572,571.0,22.0,202.0,350.0,12.0,0.6129597197898424,0.1485185402211556,1758.0,5.022857142857143,0.4190294035451011,-0.18309728170284068,0.0026486690616751023,0.005253024849388438,0,27.0,0.0,0,0.03852889667250438,0.021015761821366025,M.Schaub,0.0,-9.0,-0.42857142857142855,223.42,2012,106.80000000000001
M.Stafford,00-0026498,DET,4967.0,11.418390804597701,757.0,20.0,264.0,435.0,17.0,0.5746367239101717,0.010273204785078382,2048.0,4.708045977011494,0.5455762820885874,-0.4534906086502217,0.0024808927276928163,-0.0006054076234852724,1,29.0,8.0,3,0.026420079260237782,0.022457067371202115,M.Stafford,4.0,126.0,3.6,277.28,2012,282.9
M.Vick,00-0020245,PHI,2362.0,11.57843137254902,379.0,12.0,114.0,204.0,10.0,0.5382585751978892,-0.013558137121856951,1004.0,4.921568627450981,0.6169722742607968,-0.4917177956519544,0.00458217665958555,-0.0032855380213416465,0,28.0,3.0,2,0.0316622691292876,0.026385224274406333,M.Vick,1.0,332.0,5.354838709677419,157.68,2012,101.19999999999999
Matt.Moore,00-0025708,MIA,131.0,11.909090909090908,21.0,1.0,7.0,11.0,0.0,0.5238095238095238,0.11130543947151968,28.0,2.5454545454545454,1.283374585515251,-0.9638427607218585,0.0014866033737024088,0.003802061080932628,0,2.0,0.0,0,0.047619047619047616,0.0,Matt.Moore,0.0,-3.0,-0.6,8.94,2012,
N.Foles,00-0029567,PHI,1699.0,10.5527950310559,288.0,6.0,76.0,161.0,5.0,0.5590277777777778,-0.09939144072369305,817.0,5.074534161490683,0.5003904153550549,-0.4497022221715556,0.006818958687993767,-0.006127856011624324,0,20.0,4.0,2,0.020833333333333332,0.017361111111111112,N.Foles,1.0,42.0,3.8181818181818183,88.16,2012,259.74
P.Manning,00-0010346,DEN,4659.0,11.6475,605.0,37.0,230.0,400.0,11.0,0.6611570247933884,0.2503945134126143,1875.0,4.6875,0.5783785570640713,-0.2525011255401273,0.003376657275957033,0.0031867318658466053,1,21.0,6.0,2,0.06115702479338843,0.01818181818181818,P.Manning,0.0,6.0,0.2608695652173913,310.96000000000004,2012,413.98
P.Rivers,00-0022942,LAC,3606.0,10.668639053254438,576.0,26.0,184.0,338.0,15.0,0.5868055555555556,-0.011435284364187006,1796.0,5.313609467455621,0.5025388217706322,-0.33475264120436815,0.005205379713647051,-0.0036971956514623055,0,49.0,8.0,7,0.04513888888888889,0.026041666666666668,P.Rivers,0.0,40.0,1.4814814814814814,208.24,2012,290.32
R.Fitzpatrick,00-0023682,BUF,3400.0,11.11111111111111,535.0,24.0,174.0,306.0,16.0,0.5719626168224299,-0.016021546012862396,1796.0,5.869281045751634,0.46329834824416627,-0.3630283585825073,0.001462068736928175,-0.0003003091697952231,0,30.0,11.0,7,0.044859813084112146,0.029906542056074768,R.Fitzpatrick,1.0,197.0,4.104166666666667,211.7,2012,164.66
R.Griffin,00-0029665,WAS,3200.0,12.4031007751938,423.0,20.0,151.0,258.0,5.0,0.6099290780141844,0.19401738486870443,1450.0,5.62015503875969,0.47862251654259674,-0.15429388463059698,0.005141385309912392,0.0017204293031751127,0,30.0,1.0,0,0.04728132387706856,0.01182033096926714,R.Griffin,7.0,815.0,6.791666666666667,321.5,2012,213.02
R.Lindley,00-0029531,ARI,752.0,8.44943820224719,183.0,0.0,38.0,89.0,7.0,0.48633879781420764,-0.48055728628609107,262.0,2.943820224719101,0.31030159005663766,-0.6737215510054472,0.0060569216664759645,-0.01643819774730021,0,12.0,2.0,2,0.0,0.03825136612021858,R.Lindley,0.0,7.0,1.75,12.779999999999998,2012,
R.Tannehill,00-0029701,MIA,3294.0,11.680851063829786,521.0,12.0,151.0,282.0,13.0,0.5412667946257198,-0.0647070151701714,1243.0,4.407801418439717,0.492178370722571,-0.44401200393205703,0.0030204192427887916,-0.001972339182978722,2,35.0,5.0,4,0.023032629558541268,0.02495201535508637,R.Tannehill,2.0,211.0,4.3061224489795915,182.85999999999999,2012,240.32000000000002
R.Wilson,00-0029263,SEA,3118.0,12.373015873015873,426.0,26.0,149.0,252.0,10.0,0.5915492957746479,0.18253849717068762,1230.0,4.880952380952381,0.7103221758356455,-0.38847750932795616,0.004011212162594855,0.0047293829890918465,0,33.0,4.0,2,0.06103286384976526,0.023474178403755867,R.Wilson,4.0,489.0,5.202127659574468,277.62,2012,268.18
S.Bradford,00-0027854,LA,3702.0,11.286585365853659,591.0,21.0,185.0,328.0,13.0,0.5549915397631133,-0.007592010565126865,1518.0,4.628048780487805,0.47118318769531603,-0.37678001961660773,0.008965914034393375,-0.005062390714946751,4,35.0,3.0,1,0.03553299492385787,0.021996615905245348,S.Bradford,1.0,124.0,3.4444444444444446,230.48000000000002,2012,116.58
Sh.Hill,00-0020679,DET,172.0,17.2,13.0,2.0,8.0,10.0,0.0,0.7692307692307693,1.0571520547158664,47.0,4.7,1.0343579099571807,0.15244900064620437,-0.052538931278489555,0.10188832600639826,0,0.0,0.0,0,0.15384615384615385,0.0,Sh.Hill,0.0,-1.0,-1.0,14.78,2012,
T.Brady,00-0019596,NE,4827.0,12.037406483790523,665.0,34.0,255.0,401.0,8.0,0.6030075187969924,0.26871844204980166,2218.0,5.531172069825437,0.5835178496557049,-0.2372321966982577,0.00428520682033346,0.0026140872073890016,0,27.0,3.0,0,0.05112781954887218,0.012030075187969926,T.Brady,4.0,32.0,1.391304347826087,340.28000000000003,2012,253.52000000000004
T.Lewis,00-0027253,CLE,204.0,9.272727272727273,35.0,1.0,12.0,22.0,1.0,0.6285714285714286,-0.2875831830245953,61.0,2.772727272727273,0.16240674415530507,-0.3419726559867584,-0.008351660566404453,0.0031349823688746614,0,3.0,2.0,0,0.02857142857142857,0.02857142857142857,0,0.0,0.0,0.0,10.16,2012,60.88
T.Pryor,00-0028825,LV,155.0,11.071428571428571,30.0,2.0,9.0,14.0,1.0,0.4666666666666667,0.04467854756415676,25.0,1.7857142857142858,1.1784586537978614,-1.1337801062337045,0.005778369983180487,-0.007899981799225013,0,0.0,0.0,0,0.06666666666666667,0.03333333333333333,T.Pryor,1.0,51.0,5.1,23.299999999999997,2012,145.52
T.Romo,00-0021678,DAL,4903.0,11.536470588235295,686.0,28.0,231.0,425.0,19.0,0.619533527696793,0.10827750915467865,1952.0,4.592941176470588,0.5924792359074477,-0.3783722802328792,0.0022166283668586997,0.0033715164076758967,1,36.0,5.0,3,0.04081632653061224,0.027696793002915453,T.Romo,1.0,49.0,1.6333333333333333,277.02,2012,260.92
T.Taylor,00-0028118,BAL,179.0,10.529411764705882,32.0,0.0,8.0,17.0,1.0,0.53125,-0.20718378695036413,80.0,4.705882352941177,0.14816177708943845,-0.23043699728902123,6.322973761065176e-05,-0.006361123214950745,0,3.0,0.0,0,0.0,0.03125,T.Taylor,1.0,73.0,5.214285714285714,18.46,2012,
T.Yates,00-0028090,HOU,38.0,9.5,11.0,0.0,3.0,4.0,1.0,0.36363636363636365,-0.47258300420468385,29.0,7.25,0.343638449933496,-0.4931310916057544,-8.48767376737669e-07,-7.166229406720585e-05,0,1.0,1.0,0,0.0,0.09090909090909091,T.Yates,1.0,-1.0,-0.5,5.42,2012,0.5199999999999996
A.Dalton,00-0027973,CIN,4293.0,11.826446280991735,616.0,33.0,204.0,363.0,20.0,0.5892857142857143,0.0817239093282479,2077.0,5.7217630853994494,0.6118968560535493,-0.43901295014591385,0.001343796779669308,0.002379846163274535,0,29.0,7.0,3,0.05357142857142857,0.032467532467532464,A.Dalton,2.0,183.0,3.0,288.02000000000004,2013,218.82
A.Luck,00-0029668,IND,3822.0,11.142857142857142,608.0,23.0,185.0,343.0,9.0,0.5641447368421053,0.03323583405932945,1896.0,5.5276967930029155,0.4968214957746571,-0.35881405213213496,0.0017301837663759082,0.00044157568778593453,4,32.0,2.0,2,0.03782894736842105,0.014802631578947368,A.Luck,4.0,377.0,5.984126984126984,292.58,2013,353.74
A.Rodgers,00-0023459,GB,2536.0,13.139896373056995,312.0,17.0,108.0,193.0,6.0,0.6185897435897436,0.2838272434303699,1251.0,6.481865284974093,0.5359741529006921,-0.1429589129263686,0.0029656921688518984,0.004843781758473394,0,21.0,1.0,0,0.05448717948717949,0.019230769230769232,A.Rodgers,0.0,120.0,4.0,169.44,2013,356.14
A.Smith,00-0023436,KC,3313.0,10.756493506493506,547.0,23.0,165.0,308.0,7.0,0.5630712979890311,0.02888004376563603,1756.0,5.701298701298701,0.2650701007010902,-0.10760906790333118,0.0014608771950648755,0.0007328513305963247,0,39.0,6.0,3,0.04204753199268738,0.012797074954296161,0,0.0,0.0,0.0,204.52,2013,188.6
B.Gabbert,00-0027948,JAX,481.0,11.452380952380953,98.0,1.0,23.0,42.0,7.0,0.42857142857142855,-0.6702088500598353,277.0,6.595238095238095,0.21484560158027913,-0.7948502586295809,0.011465358595583095,-0.021416868897926346,0,12.0,1.0,0,0.01020408163265306,0.07142857142857142,B.Gabbert,0.0,32.0,3.5555555555555554,12.439999999999998,2013,
B.Hoyer,00-0026625,CLE,615.0,10.789473684210526,102.0,5.0,33.0,57.0,3.0,0.5588235294117647,-0.013154559491391675,312.0,5.473684210526316,0.5004435574398179,-0.4214557027232004,-0.007287022431543252,0.012748440999922409,0,6.0,0.0,0,0.049019607843137254,0.029411764705882353,B.Hoyer,0.0,16.0,2.6666666666666665,40.2,2013,154.94
B.Osweiler,00-0029682,DEN,95.0,8.636363636363637,18.0,0.0,4.0,11.0,0.0,0.6111111111111112,-0.2630629102365535,68.0,6.181818181818182,0.08168731552723328,-0.09854455369522502,1.0281801223754874e-06,1.1812895536424349e-05,0,2.0,0.0,0,0.0,0.0,B.Osweiler,0.0,2.0,0.6666666666666666,4.0,2013,
B.Roethlisberger,00-0022924,PIT,4261.0,11.362666666666666,627.0,28.0,205.0,375.0,14.0,0.5980861244019139,0.08152140781074373,1990.0,5.306666666666667,0.5456023542226687,-0.3144316872515386,0.0021712470902048994,0.0018531197367479676,0,42.0,7.0,5,0.044657097288676235,0.022328548644338118,B.Roethlisberger,1.0,99.0,3.6666666666666665,260.34000000000003,2013,310.78000000000003
B.Weeden,00-0029677,CLE,1731.0,12.27659574468085,295.0,9.0,80.0,141.0,9.0,0.47796610169491527,-0.14023895628254557,636.0,4.51063829787234,0.6308432379446365,-0.6401776580354939,0.004615731815504273,-0.004531421721027693,1,27.0,2.0,2,0.030508474576271188,0.030508474576271188,B.Weeden,0.0,44.0,3.6666666666666665,89.64,2013,20.019999999999996
C.Daniel,00-0026544,KC,248.0,9.92,40.0,1.0,14.0,25.0,1.0,0.625,0.06369270559817544,148.0,5.92,-0.04427611150946151,0.19276948713568814,-0.016607896535118155,0.020155641186297313,0,2.0,0.0,0,0.025,0.025,C.Daniel,0.0,52.0,3.7142857142857144,17.12,2013,7.78
C.Henne,00-0026197,JAX,3241.0,10.62622950819672,543.0,13.0,151.0,305.0,14.0,0.5616942909760589,-0.08538437822090383,1801.0,5.9049180327868855,0.26231809981704846,-0.23959755620090534,0.005311146834061412,-0.004455968063819458,0,38.0,2.0,0,0.02394106813996317,0.02578268876611418,0,0.0,0.0,0.0,153.64,2013,30.18
C.Kaepernick,00-0027974,SF,3197.0,13.156378600823045,455.0,21.0,147.0,243.0,8.0,0.5340659340659341,0.11454766547949864,1326.0,5.45679012345679,0.6493780651194009,-0.37615618027504305,0.0017673741993683492,0.005119045272864094,0,39.0,5.0,4,0.046153846153846156,0.017582417582417582,C.Kaepernick,4.0,524.0,5.695652173913044,264.28,2013,254.66
C.Keenum,00-0028986,HOU,1760.0,12.846715328467154,272.0,9.0,76.0,137.0,6.0,0.5036764705882353,-0.14112614632468518,697.0,5.087591240875913,0.49587230216071476,-0.4677454383759265,0.004040697265753356,-0.004577941416466144,0,19.0,3.0,2,0.03308823529411765,0.022058823529411766,C.Keenum,1.0,72.0,5.142857142857143,103.60000000000001,2013,22.9
C.Newton,00-0027939,CAR,3379.0,11.571917808219178,516.0,24.0,169.0,292.0,13.0,0.5658914728682171,0.05561403265711962,1613.0,5.523972602739726,0.6384232508968672,-0.4230472295390646,0.0057629548829095534,-8.279146678380196e-05,0,43.0,2.0,1,0.046511627906976744,0.025193798449612403,C.Newton,6.0,585.0,5.27027027027027,297.65999999999997,2013,250.17999999999998
C.Painter,00-0027134,NYG,57.0,7.125,17.0,0.0,2.0,8.0,2.0,0.47058823529411764,-0.7797972879934072,27.0,3.375,0.6650374121163629,-1.4623522455149214,-0.000973491697550341,-0.01688277008543081,0,1.0,0.0,0,0.0,0.11764705882352941,C.Painter,0.0,-2.0,-0.6666666666666666,-1.9200000000000002,2013,
C.Palmer,00-0021429,ARI,4274.0,11.806629834254144,615.0,24.0,204.0,362.0,22.0,0.5886178861788618,0.001521616729761286,1756.0,4.850828729281768,0.6463048645217119,-0.5284630761493871,0.004270227410531416,-0.0015511576179674238,0,41.0,5.0,4,0.03902439024390244,0.03577235772357724,C.Palmer,0.0,3.0,0.1111111111111111,215.26000000000005,2013,103.54
C.Ponder,00-0027950,MIN,1648.0,10.842105263157896,266.0,7.0,83.0,152.0,9.0,0.5714285714285714,-0.10295794930079427,705.0,4.6381578947368425,0.44776053219110695,-0.3773759846841995,-0.00010276404593673808,0.0039445398166205155,0,27.0,4.0,3,0.02631578947368421,0.03383458646616541,C.Ponder,4.0,151.0,4.4411764705882355,109.02,2013,12.48
D.Brees,00-0020531,NO,5162.0,11.573991031390134,687.0,39.0,244.0,446.0,12.0,0.6491994177583698,0.21533310693843188,2435.0,5.47191011235955,0.4697812844907873,-0.1528611417529634,0.004178368206112601,0.002681006151543423,0,37.0,2.0,4,0.056768558951965066,0.017467248908296942,D.Brees,3.0,52.0,1.4857142857142858,353.68,2013,302.88000000000005
E.Manning,00-0022803,NYG,3818.0,12.04416403785489,590.0,18.0,174.0,317.0,27.0,0.5372881355932203,-0.10677463860578182,1463.0,4.615141955835962,0.5899667224209963,-0.5947153455742109,0.0001491792712926677,-0.00020439037529658365,0,39.0,4.0,1,0.030508474576271188,0.04576271186440678,E.Manning,0.0,36.0,2.0,172.32,2013,269.5
E.Manuel,00-0030526,BUF,1972.0,10.955555555555556,336.0,11.0,86.0,180.0,9.0,0.5357142857142857,-0.1545606145916046,910.0,5.055555555555555,0.5112741164616921,-0.5290534781036189,0.002171582361573965,-0.0023158313568641836,2,28.0,6.0,3,0.03273809523809524,0.026785714285714284,E.Manuel,2.0,186.0,3.509433962264151,133.48,2013,58.720000000000006
G.Smith,00-0030565,NYJ,3046.0,12.331983805668017,486.0,12.0,143.0,247.0,21.0,0.5082304526748971,-0.1387317431516637,1260.0,5.101214574898785,0.5829698776408949,-0.5606388438997812,0.003744707307101373,-0.0027674392769975924,0,43.0,4.0,3,0.024691358024691357,0.043209876543209874,G.Smith,6.0,366.0,5.083333333333333,194.44,2013,152.8
J.Campbell,00-0023460,CLE,2015.0,11.194444444444445,333.0,11.0,86.0,180.0,8.0,0.5405405405405406,-0.0923968862812752,1026.0,5.731843575418995,0.4133054496924059,-0.4061287513831308,0.002038645168632101,-0.002409820020379384,0,16.0,3.0,2,0.03303303303303303,0.024024024024024024,J.Campbell,0.0,107.0,7.642857142857143,115.3,2013,0.96
J.Cutler,00-0024226,CHI,2621.0,11.700892857142858,377.0,19.0,125.0,224.0,12.0,0.5941644562334217,0.01041355306093183,928.0,4.142857142857143,0.6702602392689323,-0.5478503902105215,0.0018867449417793501,0.0011811609218023219,3,19.0,5.0,3,0.050397877984084884,0.03183023872679045,J.Cutler,0.0,118.0,5.130434782608695,168.64000000000001,2013,255.58
J.Flacco,00-0026158,BAL,3912.0,10.806629834254144,664.0,19.0,189.0,362.0,22.0,0.5451807228915663,-0.05050985827736572,1750.0,4.847645429362881,0.6457733425767893,-0.5869444296919029,0.00343173143525128,-0.00040129580840808936,2,48.0,3.0,3,0.0286144578313253,0.03313253012048193,J.Flacco,1.0,131.0,4.851851851851852,205.57999999999998,2013,262.44
J.Freeman,00-0026993,TB,761.0,12.079365079365079,155.0,2.0,40.0,63.0,4.0,0.4064516129032258,-0.24003158845721487,306.0,4.857142857142857,0.8462493782603543,-0.9966684657497019,0.0009986543136990967,-0.002172238386136929,0,8.0,1.0,1,0.012903225806451613,0.025806451612903226,J.Freeman,0.0,20.0,4.0,30.439999999999998,2013,
J.Locker,00-0027946,TEN,1256.0,11.315315315315315,199.0,8.0,56.0,111.0,4.0,0.5577889447236181,0.037095826228086846,561.0,5.054054054054054,0.766638332160395,-0.6263112010279176,0.004673290367013844,-0.00015902401015260813,0,16.0,0.0,0,0.04020100502512563,0.020100502512562814,J.Locker,2.0,155.0,6.458333333333333,101.74000000000001,2013,63.92
J.McCown,00-0021206,CHI,1829.0,12.275167785234899,236.0,13.0,90.0,149.0,1.0,0.6313559322033898,0.33623900273403595,835.0,5.604026845637584,0.5912196208416377,-0.15090410598253037,0.003947427060845701,0.009350139638811041,1,11.0,2.0,1,0.05508474576271186,0.00423728813559322,J.McCown,1.0,69.0,5.3076923076923075,136.06,2013,126.94000000000001
J.Tuel,00-0030024,BUF,309.0,11.884615384615385,61.0,1.0,15.0,26.0,3.0,0.4262295081967213,-0.5590785847502747,141.0,5.423076923076923,0.7613939240306489,-1.3009535067986253,0.001166895118747224,-0.018132793972502854,0,2.0,1.0,0,0.01639344262295082,0.04918032786885246,J.Tuel,0.0,17.0,5.666666666666667,12.059999999999999,2013,
K.Clemens,00-0024264,LA,1673.0,11.78169014084507,265.0,8.0,80.0,142.0,7.0,0.5358490566037736,-0.06348319304549306,742.0,5.225352112676056,0.5718655518941578,-0.5001160391806766,-0.00020296265789101646,-0.0007361655724093312,1,21.0,2.0,3,0.03018867924528302,0.026415094339622643,K.Clemens,0.0,64.0,2.782608695652174,87.32000000000001,2013,
K.Cousins,00-0029604,WAS,854.0,10.54320987654321,161.0,4.0,41.0,81.0,7.0,0.5031055900621118,-0.2655795036040149,319.0,3.9382716049382718,0.3799215594155905,-0.5736885869869263,0.007770528138239613,-0.009791531428775098,0,5.0,4.0,2,0.024844720496894408,0.043478260869565216,K.Cousins,0.0,14.0,3.5,33.559999999999995,2013,88.4
K.Orton,00-0023541,DAL,398.0,12.06060606060606,52.0,2.0,19.0,33.0,2.0,0.6346153846153846,0.02902665179150666,229.0,6.9393939393939394,0.2823525225601891,-0.234188093282575,0.0073772931634676865,-0.010881960404640486,0,0.0,0.0,0,0.038461538461538464,0.038461538461538464,0,0.0,0.0,0.0,19.92,2013,168.72
M.Barkley,00-0030533,PHI,300.0,10.0,52.0,0.0,17.0,30.0,4.0,0.5769230769230769,-0.3012665552613237,82.0,2.7333333333333334,0.4596354179690134,-0.5847775738547335,0.0008683572428263037,-0.0019164028368434006,0,3.0,1.0,1,0.0,0.07692307692307693,M.Barkley,0.0,-2.0,-1.0,1.8,2013,
M.Cassel,00-0023662,MIN,1807.0,11.81045751633987,271.0,11.0,80.0,153.0,9.0,0.5645756457564576,-0.04731948894689198,792.0,5.176470588235294,0.4697976543615742,-0.42447553064640337,0.01308222282514117,-0.008530848441769231,0,16.0,1.0,1,0.04059040590405904,0.033210332103321034,M.Cassel,1.0,57.0,3.1666666666666665,107.98,2013,22.8
M.Flynn,00-0026349,LV,1392.0,11.225806451612904,227.0,8.0,69.0,124.0,5.0,0.5462555066079295,-0.12553289259849393,721.0,5.814516129032258,0.44692104330737514,-0.3537295903349446,0.014201749644944686,-0.011995721919999156,0,24.0,3.0,3,0.03524229074889868,0.022026431718061675,M.Flynn,0.0,65.0,3.25,78.18,2013,-2.36
M.Glennon,00-0030520,TB,2608.0,10.558704453441296,456.0,19.0,126.0,247.0,9.0,0.5416666666666666,-0.0744215073299886,917.0,3.7125506072874495,0.5614215650025288,-0.4791722620661938,0.004630756734100027,-0.0033717992302577404,0,40.0,3.0,3,0.041666666666666664,0.019736842105263157,M.Glennon,0.0,37.0,1.3703703703703705,160.01999999999998,2013,84.68
M.Hasselbeck,00-0007091,IND,130.0,18.571428571428573,12.0,0.0,6.0,7.0,1.0,0.5833333333333334,0.31749766644752936,90.0,12.857142857142858,1.144231169460302,-0.826733503012773,-1.512355326364414e-05,4.662873470807191e-05,0,0.0,0.0,0,0.0,0.08333333333333333,M.Hasselbeck,0.0,-2.0,-1.0,3.0,2013,16.939999999999998
M.McGloin,00-0030419,LV,1547.0,13.110169491525424,217.0,8.0,69.0,118.0,8.0,0.543778801843318,0.019340143651123375,653.0,5.533898305084746,0.6387518929282638,-0.5860089444892619,0.0018531044674880497,-0.00010476678387655383,0,6.0,1.0,0,0.03686635944700461,0.03686635944700461,M.McGloin,0.0,27.0,2.4545454545454546,80.58,2013,5.16
M.Ryan,00-0026143,ATL,4515.0,10.284738041002278,695.0,26.0,225.0,439.0,17.0,0.6316546762589929,0.02537713057286338,2117.0,4.833333333333333,0.3587303714207957,-0.21082888271589464,0.0015429618748940867,0.00112326334399085,0,44.0,8.0,3,0.03741007194244604,0.02446043165467626,M.Ryan,0.0,55.0,3.235294117647059,250.10000000000002,2013,282.26
M.Schaub,00-0022787,HOU,2310.0,10.547945205479452,379.0,10.0,115.0,219.0,14.0,0.5778364116094987,-0.11904864925579339,910.0,4.155251141552512,0.4014966144457131,-0.44972456226527074,0.002557741691966254,-0.005762634107712224,0,21.0,2.0,0,0.026385224274406333,0.036939313984168866,M.Schaub,0.0,24.0,4.8,106.80000000000001,2013,-3.72
M.Simms,00-0029151,NYJ,156.0,9.75,35.0,1.0,8.0,16.0,1.0,0.45714285714285713,-0.3113992907572534,66.0,4.125,0.9549296652849376,-1.1104924752782552,0.0106796271769957,-0.012843445474775962,0,4.0,0.0,0,0.02857142857142857,0.02857142857142857,M.Simms,0.0,37.0,7.4,11.940000000000001,2013,
M.Stafford,00-0026498,DET,4650.0,12.533692722371967,662.0,29.0,221.0,371.0,19.0,0.5604229607250756,0.0612910957611986,2270.0,6.118598382749326,0.5419010771493706,-0.4087956338931214,0.0036156859184291656,-0.0005017765056991583,2,23.0,5.0,2,0.04380664652567976,0.028700906344410877,M.Stafford,2.0,69.0,1.864864864864865,282.9,2013,253.57999999999998
M.Vick,00-0020245,PHI,1215.0,15.779220779220779,156.0,5.0,51.0,77.0,3.0,0.4935897435897436,-0.012997775875664148,573.0,7.441558441558442,0.6909670475551882,-0.5353588417424056,0.0014307760189497497,0.002825380760858614,0,15.0,2.0,2,0.03205128205128205,0.019230769230769232,M.Vick,2.0,306.0,8.5,101.19999999999999,2013,45.459999999999994
N.Foles,00-0029567,PHI,2891.0,14.241379310344827,350.0,27.0,129.0,203.0,2.0,0.58,0.28378928838152145,1385.0,6.822660098522167,0.573829091128243,-0.11341751230983736,0.0036880995800625672,0.003882497699346417,2,28.0,3.0,2,0.07714285714285714,0.005714285714285714,N.Foles,3.0,221.0,3.8771929824561404,259.74,2013,121.31999999999998
P.Manning,00-0010346,DEN,5477.0,12.171111111111111,678.0,55.0,289.0,450.0,10.0,0.6637168141592921,0.37413750064519385,2584.0,5.742222222222222,0.4963635407874483,-0.05492724673448788,0.003134334775438873,0.005405332035328402,0,18.0,5.0,4,0.08112094395280237,0.014749262536873156,P.Manning,1.0,-31.0,-0.96875,413.98,2013,314.68000000000006
P.Rivers,00-0022942,LAC,4478.0,11.846560846560847,574.0,32.0,230.0,378.0,11.0,0.6585365853658537,0.2761391967458296,2104.0,5.5661375661375665,0.5009288811707466,-0.12984056419603862,0.0033305367587197544,0.005758714935096241,0,30.0,5.0,1,0.05574912891986063,0.01916376306620209,P.Rivers,0.0,72.0,2.5714285714285716,290.32,2013,265.64
R.Fitzpatrick,00-0023682,TEN,2454.0,11.308755760368664,371.0,14.0,116.0,217.0,12.0,0.5849056603773585,0.06485273307749032,1100.0,5.0691244239631335,0.5567580648040854,-0.3705722335634115,0.002220796865004952,0.0018495324747680446,0,21.0,3.0,3,0.03773584905660377,0.03234501347708895,R.Fitzpatrick,3.0,225.0,5.232558139534884,164.66,2013,177.72
R.Griffin,00-0029665,WAS,3203.0,11.68978102189781,497.0,16.0,157.0,274.0,12.0,0.5513078470824949,-0.002876270216629496,1524.0,5.562043795620438,0.5651740447590312,-0.4181117213210304,0.0018323532467312135,5.451688049498553e-05,1,38.0,5.0,3,0.03219315895372234,0.02414486921529175,R.Griffin,0.0,489.0,5.686046511627907,213.02,2013,91.36000000000001
R.Tannehill,00-0029701,MIA,3913.0,11.022535211267606,647.0,24.0,204.0,355.0,17.0,0.5486862442040186,-0.0012670256072479776,1522.0,4.2873239436619714,0.591377999227802,-0.4337357010098643,0.0040386394869821535,0.00037392011057818113,0,58.0,4.0,4,0.03709428129829984,0.02627511591962906,R.Tannehill,1.0,238.0,5.95,240.32000000000002,2013,280.90000000000003
R.Wilson,00-0029263,SEA,3357.0,13.062256809338521,452.0,26.0,153.0,257.0,9.0,0.5685840707964602,0.14640433417079057,1442.0,5.610894941634241,0.6570505106628015,-0.3053349063958539,0.0028115183522464072,0.005399037487206038,0,44.0,6.0,6,0.05752212389380531,0.01991150442477876,R.Wilson,1.0,539.0,5.614583333333333,268.18,2013,323.9
S.Bradford,00-0027854,LA,1687.0,10.61006289308176,277.0,14.0,85.0,159.0,4.0,0.5740072202166066,-0.06413412175686564,903.0,5.679245283018868,0.4165490089087232,-0.38639642395070445,0.005962630504082332,-0.005544396867130049,0,15.0,4.0,1,0.05054151624548736,0.01444043321299639,S.Bradford,0.0,31.0,2.066666666666667,116.58,2013,
S.Tolzien,00-0028595,GB,717.0,13.036363636363637,93.0,1.0,29.0,55.0,5.0,0.5913978494623656,-0.13344218065117489,338.0,6.1454545454545455,0.4113285771436084,-0.5012070687650958,0.0012517722921488318,-0.003613926945817289,0,3.0,0.0,0,0.010752688172043012,0.053763440860215055,S.Tolzien,1.0,55.0,11.0,34.18,2013,
S.Wallace,00-0022055,GB,139.0,8.6875,28.0,0.0,7.0,16.0,1.0,0.5714285714285714,-0.43183035538424397,54.0,3.375,0.1761589685426458,-0.5172717160693433,-0.0018989555537700712,-0.007548655072847986,0,4.0,0.0,0,0.0,0.03571428571428571,0,0.0,0.0,0.0,3.5599999999999996,2013,
T.Brady,00-0019596,NE,4343.0,11.428947368421053,670.0,25.0,225.0,380.0,11.0,0.5671641791044776,0.09938948846853192,2014.0,5.3,0.5511396538537762,-0.33240970506549117,0.002511390430665004,0.0014023667931870316,2,40.0,3.0,2,0.03731343283582089,0.016417910447761194,T.Brady,0.0,18.0,0.5625,253.52000000000004,2013,278.06
T.Jackson,00-0024279,SEA,151.0,15.1,13.0,1.0,7.0,10.0,0.0,0.7692307692307693,0.5625350188589381,75.0,7.5,0.7315259142823594,-0.16899089542342052,2.3786838238049212e-05,4.56415664833006e-05,0,0.0,0.0,0,0.07692307692307693,0.0,T.Jackson,1.0,1.0,0.25,16.14,2013,
T.Lewis,00-0027253,BUF,1092.0,11.741935483870968,175.0,4.0,48.0,93.0,3.0,0.5314285714285715,0.0021891896157004926,457.0,4.913978494623656,0.618310390834424,-0.44033951078911615,0.008028118982223616,-0.00272990498381045,0,18.0,1.0,2,0.022857142857142857,0.017142857142857144,T.Lewis,1.0,52.0,2.1666666666666665,60.88,2013,
T.Pryor,00-0028825,LV,1798.0,11.525641025641026,303.0,7.0,85.0,156.0,11.0,0.5148514851485149,-0.13849020473499002,926.0,5.935897435897436,0.4513422528071613,-0.4331095297807046,0.002055292089235833,-0.0019102137306990883,0,31.0,2.0,1,0.0231023102310231,0.036303630363036306,T.Pryor,2.0,576.0,6.9397590361445785,145.52,2013,
T.Romo,00-0021678,DAL,3828.0,11.192982456140351,572.0,31.0,194.0,342.0,10.0,0.5979020979020979,0.07137403427265532,1778.0,5.1988304093567255,0.513336185346242,-0.3330297320985968,0.0030260513652873833,0.0001881148582703187,1,35.0,5.0,1,0.05419580419580419,0.017482517482517484,T.Romo,0.0,38.0,1.9,260.92,2013,268.3
T.Yates,00-0028090,HOU,113.0,7.533333333333333,24.0,0.0,7.0,15.0,2.0,0.625,-0.47919746146605285,45.0,3.0,0.43826985793103507,-0.8571882714194636,-6.929401983638569e-05,-0.00038950667981948653,0,2.0,0.0,0,0.0,0.08333333333333333,0,0.0,0.0,0.0,0.5199999999999996,2013,
A.Dalton,00-0027973,CIN,3398.0,10.996763754045308,503.0,19.0,158.0,309.0,17.0,0.614314115308151,-0.018308783605033307,1737.0,5.621359223300971,0.369241631263772,-0.31337426737299057,0.008509948676890372,-0.004058536255980217,1,21.0,4.0,1,0.03777335984095427,0.033797216699801194,A.Dalton,4.0,169.0,2.816666666666667,218.82,2014,244.2
A.Davis,00-0028957,LA,2001.0,11.116666666666667,313.0,12.0,106.0,180.0,9.0,0.5750798722044729,-0.10612416685868242,891.0,5.00561797752809,0.4035262200928369,-0.30619387856969926,0.004531337583998868,-0.0029190554595683077,0,29.0,3.0,3,0.038338658146964855,0.02875399361022364,0,0.0,0.0,0.0,104.04000000000002,2014,21.18
A.Luck,00-0029668,IND,4761.0,12.528947368421052,645.0,40.0,234.0,380.0,16.0,0.5891472868217055,0.1109858164442432,2209.0,5.813157894736842,0.5809394297526392,-0.3751652517839688,0.002261724951083619,0.0005103216004416801,0,27.0,7.0,5,0.06201550387596899,0.024806201550387597,A.Luck,3.0,273.0,4.265625,353.74,2014,132.84
A.Rodgers,00-0023459,GB,4381.0,12.8475073313783,550.0,38.0,219.0,341.0,5.0,0.62,0.3008755686838009,2059.0,6.038123167155425,0.6102751227787359,-0.2008937365309604,0.003541891216612041,0.005983160528164443,1,28.0,2.0,1,0.06909090909090909,0.00909090909090909,A.Rodgers,2.0,269.0,6.255813953488372,356.14,2014,301.24
A.Smith,00-0023436,KC,3265.0,10.775577557755776,511.0,18.0,175.0,303.0,6.0,0.5929549902152642,0.07337027281472942,1818.0,6.0,0.11539553416152361,0.11013739509919623,0.0016738294639410383,0.00220210815376737,0,45.0,6.0,1,0.03522504892367906,0.011741682974559686,0,0.0,0.0,0.0,188.6,2014,272.34
B.Bortles,00-0031407,JAX,2908.0,10.385714285714286,534.0,11.0,132.0,280.0,17.0,0.5243445692883895,-0.2262925068874526,1620.0,5.785714285714286,0.3113941600301703,-0.40126135395834983,0.005425352517747792,-0.00918503486217035,1,55.0,1.0,0,0.020599250936329586,0.031835205992509365,B.Bortles,0.0,419.0,7.482142857142857,170.22,2014,320.12
B.Hoyer,00-0026625,CLE,3326.0,13.743801652892563,463.0,12.0,163.0,242.0,13.0,0.5226781857451404,-0.006382165727922557,1343.0,5.549586776859504,0.6779144782120528,-0.5873166871735878,-0.0004999383631547724,0.0034323211483908633,0,24.0,2.0,2,0.02591792656587473,0.028077753779697623,B.Hoyer,0.0,39.0,1.625,154.94,2014,166.64000000000001
B.Roethlisberger,00-0022924,PIT,4952.0,12.137254901960784,644.0,32.0,240.0,408.0,9.0,0.6335403726708074,0.21617159996959184,2274.0,5.573529411764706,0.5684515462665685,-0.25816847850605334,0.004185187662231699,0.002825570997037986,3,33.0,7.0,3,0.049689440993788817,0.013975155279503106,B.Roethlisberger,0.0,27.0,0.8181818181818182,310.78000000000003,2014,228.42000000000002
B.Weeden,00-0029677,DAL,303.0,12.625,42.0,3.0,16.0,24.0,2.0,0.5714285714285714,0.06521059956642017,161.0,6.708333333333333,0.6698189147026844,-0.5696550705507419,0.00016788165501483901,-0.0025693195883012753,0,1.0,0.0,0,0.07142857142857142,0.047619047619047616,B.Weeden,0.0,-1.0,-0.16666666666666666,20.019999999999996,2014,66.42
C.Daniel,00-0026544,KC,157.0,9.8125,32.0,0.0,8.0,16.0,0.0,0.5,-0.2690938615380564,66.0,4.125,0.3362984138439063,-0.436838353228646,0.0011308044195175216,-0.0020078648304843643,0,4.0,0.0,0,0.0,0.0,C.Daniel,0.0,15.0,3.75,7.78,2014,
C.Henne,00-0026197,JAX,492.0,11.714285714285714,94.0,3.0,19.0,42.0,1.0,0.44680851063829785,-0.42372024228396193,215.0,5.119047619047619,0.44949663119115957,-0.5716588874587828,0.002302060618785285,-0.005575625362864575,0,16.0,2.0,1,0.031914893617021274,0.010638297872340425,C.Henne,0.0,25.0,6.25,30.18,2014,
C.Kaepernick,00-0027974,SF,3369.0,11.657439446366782,530.0,19.0,163.0,289.0,10.0,0.5452830188679245,-0.006114162862381472,1388.0,4.802768166089965,0.666619806497457,-0.49201900209397986,0.00013678574150598929,0.004607689575888596,0,52.0,4.0,3,0.035849056603773584,0.018867924528301886,C.Kaepernick,1.0,639.0,6.144230769230769,254.66,2014,110.19999999999999
C.Keenum,00-0028986,HOU,435.0,9.666666666666666,80.0,2.0,21.0,45.0,2.0,0.5625,-0.22118908614363528,263.0,5.844444444444444,0.12373717398157434,-0.2564592467672317,0.0005866031439531156,-0.0013806704305748248,0,3.0,1.0,1,0.025,0.025,C.Keenum,0.0,35.0,3.5,22.9,2014,45.62
C.McCoy,00-0027688,WAS,1057.0,11.615384615384615,145.0,4.0,44.0,91.0,3.0,0.6275862068965518,-0.002060501748351734,546.0,6.0,0.3297905515919409,-0.0852004327894347,-0.0025081840017264767,0.012316643100027553,0,17.0,1.0,1,0.027586206896551724,0.020689655172413793,C.McCoy,1.0,66.0,4.125,62.88,2014,8.82
C.Newton,00-0027939,CAR,3127.0,11.935114503816793,487.0,18.0,155.0,262.0,12.0,0.5379876796714579,-0.030798500459853557,1238.0,4.7251908396946565,0.7224321538925438,-0.6032499496696984,0.0029220580853783346,0.00013387007233879914,1,38.0,5.0,4,0.03696098562628337,0.024640657084188913,C.Newton,5.0,531.0,5.155339805825243,250.17999999999998,2014,395.08000000000004
C.Palmer,00-0021429,ARI,1626.0,11.53191489361702,234.0,11.0,82.0,141.0,3.0,0.6025641025641025,0.13620659467962332,747.0,5.297872340425532,0.6106430055003459,-0.38113927741061854,0.005107988530984383,0.0034246527892154194,0,9.0,1.0,1,0.04700854700854701,0.01282051282051282,C.Palmer,0.0,25.0,3.125,103.54,2014,309.24
C.Ponder,00-0027950,MIN,222.0,10.090909090909092,50.0,0.0,13.0,22.0,2.0,0.44,-0.382282627408416,99.0,4.5,0.3505825064183385,-0.624902511513766,0.013335759646658764,-0.016720455160897523,0,6.0,0.0,0,0.0,0.04,C.Ponder,1.0,16.0,4.0,12.48,2014,
C.Shaw,00-0030661,CLE,177.0,12.642857142857142,32.0,0.0,10.0,14.0,1.0,0.4375,-0.056649199062413634,117.0,8.357142857142858,0.6334314209379955,-0.5166171229752108,0.0023133408810411217,0.0037642286292144393,0,4.0,0.0,0,0.0,0.03125,C.Shaw,0.0,9.0,1.2857142857142858,5.98,2014,
C.Whitehurst,00-0024296,TEN,1326.0,12.628571428571428,203.0,7.0,56.0,105.0,2.0,0.5172413793103449,-0.0440914075129219,507.0,4.828571428571428,0.43167230417836183,-0.33587591852577225,-0.0037732532923129623,0.0030971615047381855,0,18.0,1.0,0,0.034482758620689655,0.009852216748768473,C.Whitehurst,0.0,90.0,4.5,86.03999999999999,2014,4.1
D.Anderson,00-0023645,CAR,701.0,10.784615384615385,102.0,5.0,44.0,65.0,0.0,0.6372549019607843,0.23309592990869588,181.0,2.7846153846153845,0.7476212831155253,-0.42630661310160006,0.005452181703916564,0.0010055030925665675,0,4.0,0.0,0,0.049019607843137254,0.0,D.Anderson,0.0,24.0,3.0,50.44,2014,
D.Brees,00-0020531,NO,4952.0,10.859649122807017,689.0,33.0,258.0,456.0,17.0,0.6618287373004355,0.10363025440506776,2173.0,4.765350877192983,0.39800463179827594,-0.19496255435931548,0.0024709597368905534,0.0018745427217334858,0,29.0,9.0,3,0.047895500725689405,0.02467343976777939,D.Brees,1.0,68.0,2.5185185185185186,302.88000000000005,2014,304.2
D.Carr,00-0031280,LV,3270.0,9.39655172413793,623.0,21.0,163.0,348.0,12.0,0.5585874799357945,-0.12003572263725347,1462.0,4.2011494252873565,0.4348494633276017,-0.48281481032897156,0.005309357707626916,-0.005882340300606256,0,24.0,5.0,2,0.033707865168539325,0.019261637239165328,D.Carr,0.0,92.0,3.1724137931034484,196.0,2014,273.28000000000003
D.Stanton,00-0025430,ARI,1711.0,12.962121212121213,252.0,7.0,77.0,132.0,5.0,0.5238095238095238,-0.019199148338481492,639.0,4.840909090909091,0.7980867074509984,-0.7505206214234834,0.0041387357729998206,-0.001704355340829346,1,11.0,2.0,0,0.027777777777777776,0.01984126984126984,D.Stanton,0.0,63.0,2.52,94.74,2014,-1.14
E.Manning,00-0022803,NYG,4410.0,11.635883905013193,629.0,30.0,216.0,379.0,14.0,0.6025437201907791,0.05924988061506886,1938.0,5.113456464379947,0.5570921410287082,-0.4002258958671893,0.002784005466926413,0.0023791090664673246,0,28.0,10.0,4,0.04769475357710652,0.022257551669316374,E.Manning,1.0,31.0,2.5833333333333335,269.5,2014,289.38
E.Manuel,00-0030526,BUF,838.0,11.026315789473685,137.0,5.0,39.0,76.0,3.0,0.5547445255474452,-0.10724526238866243,536.0,7.052631578947368,0.46739382516780825,-0.5049473945498798,0.008550333304448982,-0.004414522426943683,0,6.0,0.0,0,0.0364963503649635,0.021897810218978103,E.Manuel,1.0,52.0,3.25,58.720000000000006,2014,36.839999999999996
G.Smith,00-0030565,NYJ,2525.0,11.529680365296803,398.0,13.0,118.0,219.0,13.0,0.550251256281407,-0.035940734044316344,1206.0,5.506849315068493,0.49839522213947646,-0.40190715323416853,0.0005593287034182444,0.0015909121545245105,0,28.0,1.0,2,0.032663316582914576,0.032663316582914576,G.Smith,1.0,238.0,4.033898305084746,152.8,2014,16.6
J.Campbell,00-0023460,CIN,74.0,6.7272727272727275,20.0,0.0,3.0,11.0,0.0,0.55,-0.4892578175727979,57.0,5.181818181818182,-0.15953818772992956,-0.17639522559904042,-0.03278112659341118,0.03275141214008296,0,1.0,1.0,1,0.0,0.0,0,0.0,0.0,0.0,0.96,2014,
J.Clausen,00-0027659,CHI,223.0,8.576923076923077,51.0,2.0,13.0,26.0,1.0,0.5098039215686274,-0.20535482304266636,123.0,4.730769230769231,0.5011918244060014,-0.6013967670630035,0.00907652637480097,-0.010825334087964397,0,3.0,0.0,0,0.0392156862745098,0.0196078431372549,J.Clausen,0.0,9.0,3.0,15.820000000000002,2014,33.160000000000004
J.Cutler,00-0024226,CHI,3812.0,10.302702702702703,603.0,28.0,181.0,370.0,18.0,0.6135986733001658,-0.07141377060822188,2038.0,5.508108108108108,0.39130770984522234,-0.3394678317602283,0.004699012980307758,-0.002977739867839947,4,38.0,9.0,6,0.04643449419568822,0.029850746268656716,J.Cutler,2.0,191.0,4.897435897435898,255.58,2014,226.46
J.Flacco,00-0026158,BAL,3986.0,11.587209302325581,574.0,27.0,194.0,344.0,12.0,0.5993031358885017,0.0999155308728198,1751.0,5.090116279069767,0.5306021563129852,-0.3578969070551238,0.003295120343127352,-0.00026863200211745144,0,19.0,3.0,0,0.047038327526132406,0.020905923344947737,J.Flacco,2.0,70.0,1.794871794871795,262.44,2014,161.94
J.Garoppolo,00-0031345,NE,182.0,9.578947368421053,32.0,1.0,8.0,19.0,0.0,0.59375,-0.21334765777879167,119.0,6.2631578947368425,0.09594798032668654,-0.07430091000834388,-0.0007478771119538009,-0.005370374446404939,0,5.0,0.0,0,0.03125,0.0,J.Garoppolo,0.0,9.0,0.9,12.180000000000001,2014,
J.Locker,00-0027946,TEN,993.0,11.546511627906977,160.0,5.0,47.0,86.0,7.0,0.5375,-0.20283025042415664,462.0,5.372093023255814,0.6033256753175982,-0.6433138051588546,0.0006758014474153845,9.996034954767116e-05,0,14.0,1.0,1,0.03125,0.04375,J.Locker,1.0,142.0,6.454545454545454,63.92,2014,
J.Manziel,00-0031409,CLE,175.0,9.722222222222221,38.0,0.0,6.0,18.0,2.0,0.47368421052631576,-0.4161252162636804,84.0,4.666666666666667,0.44161330616001887,-0.727059513298532,-0.0006941481630617191,-0.0017464737593919715,0,3.0,0.0,0,0.0,0.05263157894736842,J.Manziel,1.0,29.0,3.2222222222222223,11.9,2014,95.0
J.McCown,00-0021206,TB,2206.0,11.98913043478261,363.0,11.0,98.0,184.0,14.0,0.5068870523415978,-0.12559457224034593,738.0,4.010869565217392,0.788754961577903,-0.740111398689182,0.00315416800002897,-0.004052268916669549,0,36.0,7.0,4,0.030303030303030304,0.03856749311294766,J.McCown,3.0,127.0,5.08,126.94000000000001,2014,136.16000000000003
K.Cousins,00-0029604,WAS,1710.0,13.571428571428571,212.0,10.0,75.0,126.0,9.0,0.5943396226415094,0.01999856237683904,901.0,7.150793650793651,0.44892148834569123,-0.3349792324462742,-0.0035718123324528827,0.005481973027417965,0,8.0,4.0,2,0.04716981132075472,0.04245283018867924,K.Cousins,0.0,20.0,2.857142857142857,88.4,2014,293.44
K.Orton,00-0023541,BUF,3018.0,10.515679442508711,481.0,18.0,147.0,287.0,10.0,0.5966735966735967,-0.011754251233724413,1548.0,5.393728222996516,0.3046453854876826,-0.18764588927337764,0.005737402845955339,-0.0030478585061249524,1,33.0,7.0,3,0.037422037422037424,0.02079002079002079,0,0.0,0.0,0.0,168.72,2014,
L.Thomas,00-0031260,ARI,81.0,81.0,11.0,1.0,1.0,1.0,0.0,0.09090909090909091,-0.24762559123337272,64.0,64.0,0.7780683922658983,-0.7780442047579632,0.0,0.0028858265682409883,0,2.0,0.0,0,0.09090909090909091,0.0,0,0.0,0.0,0.0,7.24,2014,
M.Cassel,00-0023662,MIN,425.0,10.365853658536585,77.0,3.0,21.0,41.0,4.0,0.5324675324675324,-0.1630234821642394,295.0,7.195121951219512,0.24364828156231905,-0.30728003116655495,-0.0002858666591377639,-0.0007017119535507235,0,6.0,0.0,0,0.03896103896103896,0.05194805194805195,M.Cassel,0.0,18.0,2.0,22.8,2014,66.83999999999999
M.Flynn,00-0026349,GB,66.0,8.25,18.0,0.0,3.0,8.0,1.0,0.4444444444444444,-0.7586040917726662,33.0,4.125,0.5542505008779693,-0.940153551232753,-1.4704615750811621e-05,-7.494272040274591e-05,0,2.0,1.0,1,0.0,0.05555555555555555,M.Flynn,0.0,-10.0,-1.0,-2.36,2014,
M.Glennon,00-0030520,TB,1417.0,12.11111111111111,219.0,10.0,64.0,117.0,6.0,0.5342465753424658,-0.03990164273877779,416.0,3.5555555555555554,0.920212648341566,-0.863720722632053,0.007460583007298309,-0.005995384580895165,0,16.0,1.0,0,0.045662100456621,0.0273972602739726,0,0.0,0.0,0.0,84.68,2014,
M.Hasselbeck,00-0007091,IND,301.0,10.033333333333333,46.0,2.0,17.0,30.0,0.0,0.6521739130434783,-0.013653274672352477,182.0,6.066666666666666,0.5074919337626356,-0.3694751737110078,-0.014149586452395684,0.017404364087104277,0,2.0,1.0,1,0.043478260869565216,0.0,M.Hasselbeck,0.0,-11.0,-1.375,16.939999999999998,2014,91.1
M.McGloin,00-0030419,LV,129.0,10.75,20.0,1.0,6.0,12.0,2.0,0.6,-0.5748132297769186,58.0,4.833333333333333,0.49793350822169724,-0.9196247161261888,1.244924137970242e-05,-0.00011444008544600271,0,1.0,0.0,0,0.05,0.1,0,0.0,0.0,0.0,5.16,2014,9.68
M.Ryan,00-0026143,ATL,4694.0,11.310843373493976,660.0,28.0,230.0,415.0,14.0,0.6287878787878788,0.08109894866162583,2073.0,4.995180722891567,0.42874113756679844,-0.24437511872326456,0.003347702962533177,0.0009530017413785742,1,31.0,7.0,3,0.04242424242424243,0.021212121212121213,M.Ryan,0.0,145.0,5.0,282.26,2014,237.94
M.Sanchez,00-0026898,PHI,2418.0,12.212121212121213,332.0,14.0,117.0,198.0,11.0,0.5963855421686747,0.10131197447615135,1124.0,5.6767676767676765,0.5441852809176304,-0.3217649798896597,0.0018183725968872759,0.0038710861177061653,0,23.0,2.0,1,0.04216867469879518,0.03313253012048193,M.Sanchez,1.0,87.0,2.5588235294117645,143.42,2014,32.84
M.Schaub,00-0022787,LV,57.0,11.4,13.0,0.0,4.0,5.0,2.0,0.38461538461538464,-1.2584226666054188,24.0,4.8,0.7515562495100321,-1.5059135977528055,0.0,-0.006470260649803097,0,3.0,1.0,1,0.0,0.15384615384615385,0,0.0,0.0,0.0,-3.72,2014,26.6
M.Stafford,00-0026498,DET,4257.0,11.727272727272727,649.0,22.0,209.0,363.0,12.0,0.559322033898305,0.046964710004929376,2206.0,6.077134986225896,0.4701050668482314,-0.294749214575336,0.00235577373320242,0.0035215620947381654,1,45.0,3.0,2,0.03389830508474576,0.01848998459167951,M.Stafford,2.0,93.0,2.1627906976744184,253.57999999999998,2014,290.38
M.Vick,00-0020245,NYJ,604.0,9.4375,141.0,3.0,33.0,64.0,2.0,0.45390070921985815,-0.3501156520046511,250.0,3.90625,0.5990282428387783,-0.746047418567391,0.009043717451925918,-0.00894311608781085,0,19.0,1.0,1,0.02127659574468085,0.014184397163120567,M.Vick,0.0,153.0,5.884615384615385,45.459999999999994,2014,30.740000000000002
N.Foles,00-0029567,PHI,2163.0,11.629032258064516,320.0,13.0,101.0,186.0,10.0,0.58125,-0.011378405143246506,981.0,5.274193548387097,0.6293050411279358,-0.5759819019521502,0.0032266233653664043,-0.0007683332824563919,0,9.0,6.0,2,0.040625,0.03125,N.Foles,0.0,68.0,4.25,121.31999999999998,2014,98.08
P.Manning,00-0010346,DEN,4727.0,11.967088607594937,616.0,39.0,225.0,395.0,15.0,0.6412337662337663,0.19023264639019227,1882.0,4.764556962025316,0.5554309493500741,-0.307235176531333,0.002740927535466106,0.003638445454622227,2,17.0,2.0,1,0.0633116883116883,0.024350649350649352,P.Manning,0.0,-24.0,-1.0,314.68000000000006,2014,91.36
P.Rivers,00-0022942,LAC,4286.0,11.308707124010555,606.0,31.0,213.0,379.0,18.0,0.6254125412541254,0.11299395529849716,1925.0,5.079155672823219,0.5837672457551324,-0.3592881640675818,0.004468913265800033,0.002029496805838425,0,36.0,4.0,2,0.05115511551155116,0.0297029702970297,P.Rivers,0.0,102.0,2.7567567567567566,265.64,2014,282.48
R.Fitzpatrick,00-0023682,HOU,2483.0,12.604060913705585,333.0,17.0,119.0,197.0,8.0,0.5915915915915916,0.0660062756105789,1076.0,5.461928934010152,0.5115086616050051,-0.3404375553767903,0.0003151747168509858,0.002193017264948362,0,21.0,6.0,2,0.05105105105105105,0.024024024024024024,R.Fitzpatrick,2.0,184.0,3.68,177.72,2014,283.2
R.Griffin,00-0029665,WAS,1694.0,11.523809523809524,247.0,4.0,67.0,147.0,6.0,0.5951417004048583,-0.18518452864388416,1096.0,7.45578231292517,0.23921505638385454,-0.16234104906586647,0.0020466284237870766,0.0014776836461422877,0,33.0,5.0,2,0.016194331983805668,0.024291497975708502,R.Griffin,1.0,176.0,4.631578947368421,91.36000000000001,2014,
R.Lindley,00-0029531,ARI,562.0,12.488888888888889,99.0,2.0,30.0,45.0,4.0,0.45454545454545453,-0.16559058674119484,154.0,3.422222222222222,0.8184946331593601,-0.9179588426337864,0.005456655778696596,-0.0057086805021053354,0,6.0,0.0,0,0.020202020202020204,0.04040404040404041,0,0.0,0.0,0.0,22.48,2014,
R.Mallett,00-0028012,HOU,400.0,9.75609756097561,76.0,2.0,23.0,41.0,2.0,0.5394736842105263,-0.06174831608472959,161.0,3.926829268292683,0.7039911201218152,-0.7445762039838888,0.0023209353373067057,-0.004395555456468172,0,1.0,0.0,0,0.02631578947368421,0.02631578947368421,R.Mallett,0.0,-2.0,-0.3333333333333333,19.8,2014,70.94
R.Tannehill,00-0029701,MIA,4045.0,10.318877551020408,636.0,27.0,224.0,392.0,12.0,0.6163522012578616,0.03700109703856207,1864.0,4.755102040816326,0.43817251346157515,-0.2777690996776525,0.003991317204223897,0.00018790826163050554,0,46.0,3.0,1,0.04245283018867924,0.018867924528301886,R.Tannehill,1.0,311.0,5.553571428571429,280.90000000000003,2014,254.42
R.Wilson,00-0029263,SEA,3475.0,12.192982456140351,495.0,20.0,159.0,285.0,7.0,0.5757575757575758,0.06564036532942717,1879.0,6.5929824561403505,0.4358894337651475,-0.23545761767825313,-0.000977474430530342,0.006304464976902404,0,42.0,2.0,1,0.04040404040404041,0.014141414141414142,R.Wilson,6.0,849.0,7.194915254237288,323.9,2014,338.26000000000005
S.Hill,00-0020679,LA,1657.0,11.427586206896551,247.0,8.0,81.0,145.0,7.0,0.5870445344129555,-0.1168389791934188,809.0,5.5793103448275865,0.26219570709556644,-0.2419802513724438,0.007030937447084215,-0.006574454003460527,0,18.0,2.0,1,0.032388663967611336,0.02834008097165992,S.Hill,1.0,10.0,1.0,89.28,2014,
T.Brady,00-0019596,NE,4109.0,11.016085790884718,604.0,33.0,220.0,373.0,9.0,0.6175496688741722,0.16919933709816756,1862.0,4.991957104557641,0.48450160954485116,-0.24162455774703256,-0.0004990649517916036,0.0048468007652735,0,21.0,4.0,3,0.054635761589403975,0.014900662251655629,T.Brady,0.0,57.0,1.5833333333333333,278.06,2014,340.1
T.Bridgewater,00-0031237,MIN,2919.0,11.27027027027027,443.0,14.0,137.0,259.0,12.0,0.5846501128668171,0.0009090634785041792,1442.0,5.5675675675675675,0.3401930676037375,-0.19720081113272184,4.417140938000336e-05,0.005188022956971203,2,39.0,0.0,0,0.03160270880361174,0.02708803611738149,T.Bridgewater,1.0,209.0,4.446808510638298,179.66,2014,198.44
T.Romo,00-0021678,DAL,3705.0,12.1875,464.0,34.0,189.0,304.0,9.0,0.6551724137931034,0.2711302590069144,1626.0,5.348684210526316,0.6184932431886091,-0.21050965742522934,0.0045599979248859696,0.0059434103113820596,0,29.0,6.0,2,0.07327586206896551,0.01939655172413793,T.Romo,0.0,61.0,2.3461538461538463,268.3,2014,40.66
T.Savage,00-0031064,HOU,127.0,12.7,20.0,0.0,6.0,10.0,1.0,0.5,-0.11091510793194123,33.0,3.3,0.7947092966366509,-0.8417337895217843,-0.0006053024216702105,-0.0032489091942184945,0,1.0,0.0,0,0.0,0.05,T.Savage,0.0,-6.0,-1.0,2.48,2014,
Z.Mettenberger,00-0031266,TEN,1412.0,13.19626168224299,197.0,8.0,56.0,107.0,7.0,0.5431472081218274,-0.15989699060733692,659.0,6.158878504672897,0.4193036283665577,-0.3729683152597102,0.012715831498040737,-0.012669244026695826,0,18.0,3.0,2,0.04060913705583756,0.03553299492385787,Z.Mettenberger,0.0,4.0,0.8,70.88,2014,42.199999999999996
A.Dalton,00-0027973,CIN,3250.0,12.745098039215685,406.0,25.0,147.0,255.0,7.0,0.6280788177339901,0.276967629875733,1486.0,5.827450980392157,0.6082418327007311,-0.21947197648688377,0.0014963909472601661,0.007675211395690095,0,20.0,3.0,2,0.06157635467980296,0.017241379310344827,A.Dalton,3.0,142.0,2.491228070175439,244.2,2015,262.64
A.Davis,00-0028957,CLE,547.0,9.767857142857142,105.0,1.0,25.0,56.0,3.0,0.5333333333333333,-0.3508283124891276,213.0,3.8035714285714284,0.40463233490052186,-0.5606665206068763,0.011671854563633614,-0.01444842192070856,0,11.0,1.0,1,0.009523809523809525,0.02857142857142857,A.Davis,0.0,33.0,4.714285714285714,21.18,2015,
A.Luck,00-0029668,IND,1881.0,11.61111111111111,310.0,15.0,90.0,162.0,12.0,0.5225806451612903,-0.026580860782535593,698.0,4.308641975308642,0.6981551976437617,-0.643020573895754,0.00325231691397782,-0.0023265520079673633,1,15.0,0.0,0,0.04838709677419355,0.03870967741935484,A.Luck,0.0,196.0,5.9393939393939394,132.84,2015,311.70000000000005
A.McCarron,00-0031288,CIN,854.0,10.810126582278482,131.0,6.0,44.0,79.0,2.0,0.6030534351145038,0.07236190257973477,317.0,4.012658227848101,0.48149296116942814,-0.2803128208400697,0.0014475692650065563,0.0023602240464633594,0,12.0,0.0,0,0.04580152671755725,0.015267175572519083,A.McCarron,0.0,31.0,2.2142857142857144,57.26,2015,
A.Rodgers,00-0023459,GB,3821.0,11.011527377521613,623.0,31.0,173.0,347.0,8.0,0.5569823434991974,-0.013783151796907749,1980.0,5.706051873198847,0.5648963203690555,-0.4211811614225332,0.005850175706442338,-0.0026384984503427323,4,46.0,5.0,4,0.04975922953451043,0.012841091492776886,A.Rodgers,1.0,344.0,5.931034482758621,301.24,2015,382.02
A.Smith,00-0023436,KC,3486.0,11.355048859934854,518.0,20.0,154.0,307.0,7.0,0.5926640926640927,0.02525060668894375,1923.0,6.263843648208469,0.1998482126840063,-0.0344104107897109,0.0017246616241982891,0.0025786807526226013,2,45.0,4.0,0,0.03861003861003861,0.013513513513513514,A.Smith,2.0,509.0,5.988235294117647,272.34,2015,230.18
A.Tanney,00-0029623,TEN,99.0,9.9,17.0,1.0,7.0,10.0,0.0,0.5882352941176471,-0.033126753405432356,24.0,2.4,0.6348341854879569,-0.3160405978516003,-0.001423768722462786,-0.002934377108301436,0,3.0,0.0,0,0.058823529411764705,0.0,0,0.0,0.0,0.0,7.96,2015,
B.Bortles,00-0031407,JAX,4428.0,12.473239436619718,662.0,35.0,215.0,355.0,18.0,0.5362537764350453,-0.0015565697290991294,1841.0,5.185915492957746,0.6463109694109426,-0.49159993346140146,0.0033198039054592216,-0.00048408203362586847,1,51.0,4.0,3,0.052870090634441085,0.027190332326283987,B.Bortles,2.0,310.0,5.961538461538462,320.12,2015,262.1
B.Gabbert,00-0027948,SF,2031.0,11.410112359550562,307.0,10.0,83.0,178.0,7.0,0.5798045602605864,-0.1223435817240852,1083.0,6.084269662921348,0.22299365123186712,-0.2083845325380967,0.00048700387951974204,0.0014329209429989184,0,25.0,2.0,1,0.03257328990228013,0.02280130293159609,B.Gabbert,1.0,185.0,5.78125,129.74,2015,74.3
B.Hoyer,00-0026625,HOU,2606.0,11.633928571428571,395.0,19.0,130.0,224.0,7.0,0.5670886075949367,0.019164514060451162,931.0,4.15625,0.6711886277572798,-0.5228888981456363,0.0010469725757675475,0.0010931498304308446,0,25.0,3.0,2,0.04810126582278481,0.017721518987341773,B.Hoyer,0.0,44.0,2.933333333333333,166.64000000000001,2015,79.6
B.Osweiler,00-0029682,DEN,1967.0,11.570588235294117,298.0,10.0,91.0,170.0,6.0,0.5704697986577181,-0.017652548594947026,885.0,5.205882352941177,0.5860157142360287,-0.4666476031642098,0.0011888889705337735,0.00371187646003869,0,23.0,3.0,1,0.03355704697986577,0.020134228187919462,B.Osweiler,1.0,61.0,2.9047619047619047,116.78,2015,169.38
B.Roethlisberger,00-0022924,PIT,3938.0,12.344827586206897,499.0,21.0,174.0,319.0,16.0,0.6392785571142284,0.1830419435602773,1473.0,4.617554858934169,0.7340345376152264,-0.48934628517095413,0.001990357348196238,0.002408755952955724,8,20.0,3.0,0,0.04208416833667335,0.03206412825651302,B.Roethlisberger,0.0,29.0,1.9333333333333333,228.42000000000002,2015,252.16
B.Weeden,00-0029677,DAL,1043.0,10.75257731958763,150.0,5.0,53.0,97.0,2.0,0.6466666666666666,0.0067187419596166495,484.0,4.989690721649485,0.45266337376354454,-0.30795096680490414,0.0022469785174639213,0.002052831055752544,0,10.0,3.0,1,0.03333333333333333,0.013333333333333334,B.Weeden,1.0,47.0,2.9375,66.42,2015,
C.Kaepernick,00-0027974,SF,1615.0,11.215277777777779,274.0,6.0,71.0,144.0,5.0,0.5255474452554745,-0.09954120173493558,840.0,5.833333333333333,0.4284111196616547,-0.3890999391751059,0.0010026357407103158,-0.0005592593467041511,1,28.0,0.0,1,0.021897810218978103,0.01824817518248175,C.Kaepernick,1.0,256.0,5.688888888888889,110.19999999999999,2015,202.44
C.Keenum,00-0028986,LA,828.0,10.894736842105264,129.0,4.0,41.0,76.0,1.0,0.5891472868217055,0.08053817730538665,400.0,5.2631578947368425,0.3402380906995389,-0.19364952421247017,-0.0003784086133080351,0.004249814017604,0,4.0,1.0,1,0.031007751937984496,0.007751937984496124,C.Keenum,0.0,5.0,0.4166666666666667,45.62,2015,111.14
C.McCoy,00-0027688,WAS,128.0,18.285714285714285,12.0,1.0,4.0,7.0,0.0,0.5833333333333334,0.5575375818933181,81.0,11.571428571428571,0.1945267377728179,0.5634945457255713,-0.04959841208024458,0.05451856457557676,0,1.0,0.0,0,0.08333333333333333,0.0,C.McCoy,0.0,-3.0,-1.0,8.82,2015,
C.Newton,00-0027939,CAR,3837.0,12.962837837837839,528.0,35.0,195.0,296.0,10.0,0.5606060606060606,0.13506193988823872,1473.0,4.976351351351352,0.7955825348921223,-0.534506032155567,0.0030543224312426388,0.004439885759629294,0,33.0,4.0,1,0.06628787878787878,0.01893939393939394,C.Newton,10.0,636.0,4.818181818181818,395.08000000000004,2015,252.26000000000002
C.Palmer,00-0021429,ARI,4671.0,13.657894736842104,562.0,35.0,231.0,342.0,11.0,0.608540925266904,0.2527876006275674,1756.0,5.1345029239766085,0.8221030780103243,-0.45468241324117276,0.005765522609707411,0.0037149576690900855,0,25.0,5.0,2,0.06227758007117438,0.019572953736654804,C.Palmer,1.0,24.0,0.96,309.24,2015,245.12
C.Whitehurst,00-0024296,IND,150.0,9.375,37.0,0.0,9.0,16.0,1.0,0.43243243243243246,-0.39037296636741114,92.0,5.75,0.2806076674351059,-0.5636007341163347,0.05982352411683678,-0.055996459459152007,0,5.0,0.0,0,0.0,0.02702702702702703,C.Whitehurst,0.0,1.0,0.5,4.1,2015,9.38
D.Brees,00-0020531,NO,4870.0,11.378504672897197,659.0,32.0,228.0,428.0,11.0,0.6494688922610015,0.1377922862950821,2385.0,5.572429906542056,0.40843089346254274,-0.17436182416836185,0.0030169864516549597,0.004919534826599899,0,31.0,5.0,2,0.048558421851289835,0.01669195751138088,D.Brees,1.0,14.0,0.5833333333333334,304.2,2015,332.32
D.Carr,00-0031280,LV,3987.0,11.391428571428571,606.0,32.0,183.0,350.0,13.0,0.5775577557755776,-0.01033122567717433,1797.0,5.134285714285714,0.5114691849272607,-0.42619976606674703,0.004443309218543695,-0.0018568304704018469,1,31.0,2.0,2,0.052805280528052806,0.02145214521452145,D.Carr,0.0,138.0,4.181818181818182,273.28000000000003,2015,270.48
D.Orlovsky,00-0023578,DET,201.0,9.136363636363637,40.0,1.0,13.0,22.0,1.0,0.55,0.002584729753821139,82.0,3.727272727272727,0.4486607220431328,-0.4460759922893107,-6.6507639530751495e-06,-4.949588583257128e-06,0,0.0,0.0,0,0.025,0.025,0,0.0,0.0,0.0,10.04,2015,
D.Stanton,00-0025430,ARI,104.0,9.454545454545455,27.0,0.0,6.0,11.0,2.0,0.4074074074074074,-0.5611957958683856,26.0,2.3636363636363638,0.9833286345587109,-1.4826308218389748,-3.135038423351575e-06,-0.0005056444433284931,0,2.0,0.0,0,0.0,0.07407407407407407,D.Stanton,0.0,-13.0,-1.0,-1.14,2015,9.379999999999999
E.Manning,00-0022803,NYG,4432.0,11.45219638242894,645.0,35.0,204.0,387.0,14.0,0.6,0.07644586885814415,2094.0,5.410852713178294,0.4199518129087847,-0.24987378178240857,0.0004427564033429816,0.0052517793316724775,0,27.0,5.0,3,0.05426356589147287,0.021705426356589147,E.Manning,0.0,61.0,3.05,289.38,2015,224.18000000000004
E.Manuel,00-0030526,BUF,561.0,10.788461538461538,90.0,3.0,26.0,52.0,3.0,0.5777777777777777,-0.1928776832260186,164.0,3.1538461538461537,0.6581709551588487,-0.7099924508248262,0.0021089816047238762,-0.005862687403477447,0,6.0,2.0,2,0.03333333333333333,0.03333333333333333,E.Manuel,1.0,64.0,3.764705882352941,36.839999999999996,2015,7.44
G.Smith,00-0030565,NYJ,265.0,9.814814814814815,45.0,2.0,14.0,27.0,1.0,0.6,0.029373324982149996,89.0,3.2962962962962963,0.6873768007450658,-0.5306878255704316,0.001325076739782962,-0.001209242518858181,0,3.0,0.0,0,0.044444444444444446,0.022222222222222223,0,0.0,0.0,0.0,16.6,2015,7.039999999999999
J.Clausen,00-0027659,CHI,739.0,10.26388888888889,132.0,2.0,32.0,72.0,4.0,0.5454545454545454,-0.2706268744320429,294.0,4.083333333333333,0.3467492740086747,-0.5485839841778302,0.005054399840882984,-0.0058927375199230355,0,7.0,0.0,0,0.015151515151515152,0.030303030303030304,J.Clausen,0.0,36.0,3.272727272727273,33.160000000000004,2015,
J.Cutler,00-0024226,CHI,3659.0,11.765273311897106,515.0,21.0,171.0,311.0,11.0,0.6038834951456311,0.051909795047606885,1740.0,5.594855305466238,0.5488386344831201,-0.36310652936126847,0.007510718798327808,-0.0015910645380460017,1,29.0,5.0,5,0.040776699029126215,0.021359223300970873,J.Cutler,1.0,201.0,5.2894736842105265,226.46,2015,44.76
J.Flacco,00-0026158,BAL,2791.0,10.492481203007518,432.0,14.0,123.0,266.0,12.0,0.6157407407407407,0.0009323551654023557,1487.0,5.590225563909774,0.3300845004258045,-0.24270711902329864,0.002508010339439463,-0.0009807827036570035,1,16.0,3.0,2,0.032407407407407406,0.027777777777777776,J.Flacco,3.0,23.0,1.7692307692307692,161.94,2015,244.48000000000002
J.Manziel,00-0031409,CLE,1500.0,11.627906976744185,242.0,7.0,71.0,129.0,5.0,0.5330578512396694,-0.08735405567088231,729.0,5.651162790697675,0.5849834360445271,-0.49667484688299424,0.004029606699122254,-0.002899068140123266,0,19.0,4.0,3,0.028925619834710745,0.02066115702479339,J.Manziel,0.0,230.0,6.216216216216216,95.0,2015,
J.McCown,00-0021206,CLE,2109.0,11.338709677419354,319.0,12.0,96.0,186.0,4.0,0.5830721003134797,0.011931122532293673,1011.0,5.435483870967742,0.4234753771967301,-0.2414807364780201,-0.004795042333566328,0.008825131657654748,2,23.0,6.0,4,0.03761755485893417,0.012539184952978056,J.McCown,1.0,98.0,4.9,136.16000000000003,2015,52.1
J.Winston,00-0031503,TB,4042.0,12.955128205128204,565.0,22.0,201.0,312.0,15.0,0.552212389380531,0.06487003634711508,1481.0,4.746794871794871,0.7859602386465092,-0.633388513024464,0.005958445101000203,-0.004330665404245043,1,27.0,4.0,1,0.03893805309734513,0.02654867256637168,J.Winston,6.0,213.0,3.9444444444444446,276.98,2015,258.1
Jo.Freeman,00-0026993,IND,149.0,9.933333333333334,29.0,1.0,7.0,15.0,1.0,0.5172413793103449,-0.18740822583981026,67.0,4.466666666666667,0.27559336874609003,-0.3692005510156549,-0.0025131489549364322,-0.0012271488439689392,0,1.0,0.0,0,0.034482758620689655,0.034482758620689655,Jo.Freeman,0.0,24.0,3.0,10.360000000000001,2015,
K.Cousins,00-0029604,WAS,4166.0,10.992084432717679,572.0,29.0,204.0,379.0,11.0,0.6625874125874126,0.15583800685092924,1875.0,4.947229551451187,0.47883741890915454,-0.21590467366324115,0.0027167980214079686,0.0035586037035850826,2,26.0,5.0,3,0.050699300699300696,0.019230769230769232,K.Cousins,5.0,48.0,1.8461538461538463,293.44,2015,300.28000000000003
K.Moore,00-0029234,DAL,779.0,12.770491803278688,109.0,4.0,40.0,61.0,6.0,0.5596330275229358,-0.004482405193776343,354.0,5.80327868852459,0.6091393890796402,-0.550519559763798,0.0019184420431203387,-0.005526563631952786,0,5.0,0.0,0,0.03669724770642202,0.05504587155963303,K.Moore,0.0,-1.0,-0.5,35.059999999999995,2015,
L.Jones,00-0030524,PIT,513.0,16.03125,58.0,3.0,19.0,32.0,4.0,0.5517241379310345,-0.01797440735957775,284.0,8.875,0.654017102082302,-0.5474312550252397,0.005015155686894158,-0.0019536430984731005,0,2.0,1.0,1,0.05172413793103448,0.06896551724137931,L.Jones,0.0,-5.0,-1.0,22.019999999999996,2015,32.32
L.McCown,00-0022864,NO,335.0,10.46875,41.0,0.0,19.0,32.0,1.0,0.7804878048780488,0.28519098321651487,153.0,4.78125,0.3887872495285521,-0.04995258597100862,0.006293570001920069,-0.006864764560491619,0,1.0,1.0,0,0.0,0.024390243902439025,L.McCown,0.0,0.0,0.0,11.4,2015,
M.Cassel,00-0023662,DAL,1276.0,10.722689075630251,219.0,5.0,54.0,119.0,7.0,0.54337899543379,-0.19128508861236032,571.0,4.798319327731092,0.42808714078336235,-0.5448915080527754,0.008441228584804445,-0.011886426862098835,1,14.0,1.0,0,0.0228310502283105,0.0319634703196347,M.Cassel,0.0,78.0,5.2,66.83999999999999,2015,15.66
M.Hasselbeck,00-0007091,IND,1690.0,10.833333333333334,272.0,9.0,85.0,156.0,5.0,0.5735294117647058,-0.01997541855209882,779.0,4.993589743589744,0.31005330688068056,-0.18877366125433295,0.0020877928287944543,0.0015418987669530684,0,16.0,3.0,2,0.03308823529411765,0.01838235294117647,M.Hasselbeck,0.0,15.0,0.9375,91.1,2015,
M.Mariota,00-0032268,TEN,2818.0,12.252173913043478,411.0,19.0,142.0,230.0,10.0,0.559610705596107,-0.01723444801842407,1161.0,5.047826086956522,0.6116290633279039,-0.42145161671399384,-0.0019995443507155332,0.00428167171645,3,38.0,8.0,6,0.046228710462287104,0.024330900243309004,M.Mariota,2.0,252.0,7.411764705882353,199.92,2015,265.94
M.McGloin,00-0030419,LV,142.0,6.173913043478261,35.0,2.0,10.0,23.0,1.0,0.6571428571428571,-0.17986303191573494,64.0,2.782608695652174,0.3382676140945475,-0.278911673028233,-0.00024050002775765692,-0.0022688523555261697,0,2.0,1.0,1,0.05714285714285714,0.02857142857142857,0,0.0,0.0,0.0,9.68,2015,1.7
M.Ryan,00-0026143,ATL,4591.0,11.28009828009828,646.0,21.0,229.0,407.0,16.0,0.6300309597523219,0.10530877811000776,1835.0,4.5085995085995085,0.4530530888206753,-0.24350668823346047,0.0042576321655020625,0.0004682411204320011,1,30.0,5.0,3,0.032507739938080496,0.02476780185758514,M.Ryan,0.0,63.0,1.75,237.94,2015,345.46
M.Sanchez,00-0026898,PHI,616.0,10.440677966101696,100.0,4.0,29.0,59.0,4.0,0.59,-0.12714233602336203,317.0,5.372881355932203,0.21464108158949416,-0.15573207423494742,-0.0002276538790505056,-0.002163718772429492,0,9.0,1.0,1,0.04,0.04,M.Sanchez,0.0,22.0,3.6666666666666665,32.84,2015,-0.4799999999999998
M.Schaub,00-0022787,BAL,540.0,10.384615384615385,83.0,3.0,28.0,52.0,4.0,0.6265060240963856,-0.056456537414613886,203.0,3.980392156862745,0.36207597982628986,-0.37298926296154467,-0.0001393347405470413,-0.0060633483717806675,0,3.0,0.0,0,0.03614457831325301,0.04819277108433735,M.Schaub,0.0,10.0,2.5,26.6,2015,
M.Stafford,00-0026498,DET,4262.0,10.708542713567839,637.0,32.0,223.0,398.0,13.0,0.6248037676609105,0.012998171325764203,2413.0,6.062814070351759,0.2569517384214453,-0.12147992612531128,0.005338660160062948,-0.00019402376400496802,0,44.0,5.0,2,0.05023547880690738,0.02040816326530612,M.Stafford,1.0,159.0,3.6136363636363638,290.38,2015,279.78000000000003
M.Vick,00-0020245,PIT,371.0,9.275,76.0,2.0,14.0,40.0,1.0,0.5263157894736842,-0.4032198286948728,193.0,4.825,0.6065642621245673,-0.8227610928352617,-0.006745700973959724,-0.002072592651963299,0,10.0,0.0,0,0.02631578947368421,0.013157894736842105,M.Vick,0.0,99.0,4.95,30.740000000000002,2015,
N.Foles,00-0029567,LA,2052.0,10.8,352.0,7.0,82.0,190.0,10.0,0.5397727272727273,-0.28557032390709264,1154.0,6.073684210526316,0.3243700430955782,-0.538257133141716,0.0038769580851623882,-0.007460570891375002,1,14.0,3.0,1,0.019886363636363636,0.028409090909090908,N.Foles,1.0,20.0,1.1764705882352942,98.08,2015,28.0
P.Manning,00-0010346,DEN,2249.0,11.358585858585858,347.0,9.0,110.0,198.0,17.0,0.5706051873198847,-0.09944220449941464,967.0,4.883838383838384,0.5667689743015216,-0.598461412323663,0.0006016537056548702,-0.000571305096048531,0,16.0,1.0,0,0.025936599423631124,0.04899135446685879,P.Manning,0.0,-6.0,-1.0,91.36,2015,
P.Rivers,00-0022942,LAC,4792.0,10.965675057208237,704.0,29.0,226.0,437.0,13.0,0.6207386363636364,0.0710481328327067,2618.0,6.004587155963303,0.3832869122655194,-0.20352874889515743,0.0018260157616865119,0.001351394262990233,2,40.0,6.0,3,0.041193181818181816,0.018465909090909092,P.Rivers,0.0,28.0,1.6470588235294117,282.48,2015,258.94
R.Fitzpatrick,00-0023682,NYJ,3905.0,11.656716417910447,581.0,31.0,196.0,335.0,15.0,0.576592082616179,0.09642980281251769,1800.0,5.373134328358209,0.6592216889839762,-0.49821358331244625,-1.2546840103181311e-05,0.003974813432062751,0,19.0,6.0,3,0.05335628227194492,0.025817555938037865,R.Fitzpatrick,2.0,270.0,4.5,283.2,2015,133.4
R.Mallett,00-0028012,HOU,1336.0,9.823529411764707,251.0,5.0,76.0,136.0,6.0,0.5418326693227091,-0.08212504154834453,470.0,3.4558823529411766,0.540478934174251,-0.5980114015492215,-0.001983095393677642,0.0011458758348327426,1,6.0,1.0,0,0.0199203187250996,0.02390438247011952,R.Mallett,1.0,15.0,3.0,70.94,2015,
R.Tannehill,00-0029701,MIA,4208.0,11.59228650137741,633.0,24.0,193.0,363.0,12.0,0.5734597156398105,-0.011617810998634215,1861.0,5.126721763085399,0.5940742805985241,-0.47769386015047244,0.0017054832517295945,-0.00037648317669633974,1,45.0,4.0,4,0.037914691943127965,0.018957345971563982,R.Tannehill,1.0,141.0,4.40625,254.42,2015,188.20000000000002
R.Wilson,00-0029263,SEA,4024.0,12.231003039513677,531.0,34.0,187.0,329.0,8.0,0.6195856873822976,0.23601068929285132,1828.0,5.556231003039514,0.5086784924792171,-0.09738514087204475,-0.0019646483013921147,0.010367454187292811,0,45.0,3.0,2,0.064030131826742,0.015065913370998116,R.Wilson,1.0,553.0,5.368932038834951,338.26000000000005,2015,262.65999999999997
S.Bradford,00-0027854,PHI,3725.0,10.765895953757225,560.0,19.0,164.0,346.0,14.0,0.6178571428571429,-0.008901911151884346,1934.0,5.589595375722543,0.31738689703492795,-0.24955755996765952,0.0024013393085869465,-0.0007625166971227739,0,28.0,4.0,1,0.033928571428571426,0.025,S.Bradford,0.0,39.0,1.5,198.9,2015,220.38000000000002
T.Brady,00-0019596,NE,4770.0,11.865671641791044,662.0,36.0,228.0,402.0,7.0,0.6072507552870091,0.1764108769445235,2414.0,6.0049751243781095,0.3972118952135286,-0.10954282864709275,3.0628370402688748e-06,0.004917801720918249,0,38.0,4.0,2,0.054380664652567974,0.010574018126888218,T.Brady,3.0,53.0,1.5588235294117647,340.1,2015,258.56
T.Bridgewater,00-0031237,MIN,3231.0,11.065068493150685,491.0,14.0,153.0,292.0,9.0,0.594704684317719,-0.008399578251366668,1799.0,6.160958904109589,0.37069979921262497,-0.23389537743216426,0.0009603019383739815,0.004217800931095507,0,44.0,3.0,3,0.028513238289205704,0.018329938900203666,T.Bridgewater,3.0,192.0,4.363636363636363,198.44,2015,
T.Romo,00-0021678,DAL,884.0,10.650602409638553,127.0,5.0,46.0,83.0,7.0,0.6535433070866141,-0.1542388401385077,426.0,5.132530120481928,0.42433029467123207,-0.4844724019716567,0.005776313109203624,-0.003957833298792739,0,6.0,2.0,1,0.03937007874015748,0.05511811023622047,T.Romo,0.0,13.0,3.25,40.66,2015,
T.Taylor,00-0028118,BUF,3035.0,12.541322314049587,418.0,20.0,129.0,242.0,6.0,0.5789473684210527,0.10399409806017944,1125.0,4.668049792531121,0.724260922478791,-0.4537747026053253,0.0034259231084003768,0.0011166000075540257,0,36.0,3.0,1,0.04784688995215311,0.014354066985645933,T.Taylor,4.0,568.0,5.461538461538462,268.2,2015,270.92
T.Yates,00-0028090,HOU,370.0,13.214285714285714,62.0,3.0,19.0,28.0,1.0,0.45161290322580644,-0.07762236726868417,117.0,4.178571428571429,0.7126720908594223,-0.6094606143842747,0.0030259773757239723,-0.00013161244885073498,0,5.0,1.0,1,0.04838709677419355,0.016129032258064516,T.Yates,0.0,0.0,0.0,22.8,2015,
Z.Mettenberger,00-0031266,TEN,935.0,9.257425742574258,180.0,4.0,45.0,101.0,7.0,0.5611111111111111,-0.3517832025901473,419.0,4.148514851485149,0.3225266206002386,-0.527838538722617,0.001974325179639205,-0.009199616239336227,0,13.0,2.0,2,0.022222222222222223,0.03888888888888889,Z.Mettenberger,1.0,8.0,0.8888888888888888,42.199999999999996,2015,
A.Dalton,00-0027973,CIN,4206.0,11.554945054945055,604.0,18.0,204.0,364.0,8.0,0.6026490066225165,0.07876943304825408,1820.0,5.0,0.4420498523198966,-0.2471978405566158,0.004074504367951699,0.000685264874425719,0,41.0,5.0,2,0.029801324503311258,0.013245033112582781,A.Dalton,4.0,184.0,4.0,262.64,2016,212.70000000000002
A.Luck,00-0029668,IND,4240.0,12.254335260115607,589.0,31.0,206.0,346.0,13.0,0.5874363327674024,0.09299916983271071,1704.0,4.92485549132948,0.5053891328888248,-0.25797882162572233,0.0052539008741498885,0.0013873751866741169,2,41.0,4.0,3,0.05263157894736842,0.022071307300509338,A.Luck,2.0,341.0,5.328125,311.70000000000005,2016,
A.Rodgers,00-0023459,GB,4428.0,11.042394014962593,647.0,40.0,222.0,401.0,7.0,0.6197836166924265,0.1900551335522716,2030.0,5.062344139650873,0.6114802146636208,-0.3052815950358503,0.004360187604839507,0.0027304835816680324,1,35.0,5.0,2,0.061823802163833076,0.010819165378670788,A.Rodgers,4.0,369.0,5.507462686567164,382.02,2016,117.0
A.Smith,00-0023436,KC,3502.0,10.676829268292684,519.0,15.0,181.0,328.0,8.0,0.6319845857418112,0.08521636259708604,1866.0,5.689024390243903,0.2888961779906677,-0.11385042736113722,7.990629696127738e-05,0.00500101614731639,2,28.0,4.0,3,0.028901734104046242,0.015414258188824663,A.Smith,5.0,181.0,3.1206896551724137,230.18,2016,291.98
B.Bortles,00-0031407,JAX,3905.0,10.611413043478262,660.0,23.0,206.0,368.0,16.0,0.5575757575757576,-0.07372988342008019,1843.0,5.008152173913044,0.5163796355611187,-0.4947987789969456,0.0017511610544703685,-0.003285314519702741,1,34.0,5.0,5,0.03484848484848485,0.024242424242424242,B.Bortles,3.0,359.0,6.189655172413793,262.1,2016,249.68
B.Gabbert,00-0027948,SF,925.0,10.164835164835164,171.0,5.0,51.0,91.0,6.0,0.5321637426900585,-0.22132947497200747,358.0,3.934065934065934,0.4301813263386176,-0.5796071554566667,-0.0004639502846657694,-0.0018071997368725285,0,11.0,1.0,0,0.029239766081871343,0.03508771929824561,B.Gabbert,2.0,173.0,4.325,74.3,2016,61.64
B.Hoyer,00-0026625,CHI,1445.0,10.783582089552239,204.0,6.0,75.0,134.0,0.0,0.6568627450980392,0.12934729684668664,704.0,5.253731343283582,0.45195714740368936,-0.2773303149632226,0.002179450864270943,0.0004097171219789308,0,4.0,3.0,1,0.029411764705882353,0.0,B.Hoyer,0.0,-2.0,-0.2857142857142857,79.6,2016,63.87999999999999
B.Osweiler,00-0029682,HOU,2957.0,9.82392026578073,537.0,15.0,153.0,301.0,16.0,0.5605214152700186,-0.09485632736753223,1219.0,4.04983388704319,0.5055949712325015,-0.5107481428541115,0.003565442135225395,-0.0025241641591886043,0,27.0,2.0,1,0.027932960893854747,0.0297951582867784,B.Osweiler,2.0,131.0,4.366666666666666,169.38,2016,67.92
B.Petty,00-0031568,NYJ,809.0,10.786666666666667,146.0,3.0,35.0,75.0,7.0,0.5136986301369864,-0.24429280644762408,391.0,5.213333333333333,0.46092799692187125,-0.5585682198677979,0.0017167313371350005,-0.005559243565209756,0,13.0,1.0,1,0.02054794520547945,0.04794520547945205,B.Petty,0.0,19.0,3.8,30.259999999999998,2016,25.26
B.Roethlisberger,00-0022924,PIT,3819.0,11.643292682926829,535.0,29.0,184.0,328.0,13.0,0.6130841121495327,0.15681894566032856,1741.0,5.307926829268292,0.5797387876395683,-0.34345010795843284,0.005974455532299146,0.00014469725143228756,3,17.0,2.0,2,0.05420560747663551,0.024299065420560748,B.Roethlisberger,1.0,14.0,0.875,252.16,2016,261.06
C.Cook,00-0032893,LV,150.0,10.714285714285714,24.0,1.0,6.0,14.0,1.0,0.5833333333333334,-0.5464611808935487,86.0,6.142857142857143,0.1296882964642939,-0.30296334650622503,0.00012746819161942857,-0.0009245077782044189,0,2.0,1.0,1,0.041666666666666664,0.041666666666666664,0,0.0,0.0,0.0,6.0,2016,
C.Jones,00-0033098,BUF,96.0,16.0,12.0,0.0,2.0,6.0,1.0,0.5,-0.6700491405499628,25.0,4.166666666666667,0.7565551482045767,-1.3948208820762713,0.001211058179085893,-0.003693368547167404,0,1.0,0.0,0,0.0,0.08333333333333333,0,0.0,0.0,0.0,1.8399999999999999,2016,
C.Kaepernick,00-0027974,SF,2241.0,11.433673469387756,367.0,16.0,101.0,196.0,4.0,0.5340599455040872,-0.06520616436883223,1112.0,5.673469387755102,0.4904070831339623,-0.39050276778967896,0.0002887712887535825,0.0003496172352870455,0,36.0,4.0,1,0.043596730245231606,0.010899182561307902,C.Kaepernick,2.0,468.0,6.782608695652174,202.44,2016,
C.Keenum,00-0028986,LA,2201.0,11.229591836734693,345.0,9.0,102.0,196.0,11.0,0.5681159420289855,-0.11916255206143973,1037.0,5.290816326530612,0.3168765736504468,-0.31552961202996815,0.0056942256225233625,-0.005290623448751865,0,23.0,2.0,1,0.02608695652173913,0.03188405797101449,C.Keenum,1.0,51.0,2.55,111.14,2016,235.88
C.Kessler,00-0033104,CLE,1380.0,10.78125,218.0,6.0,67.0,128.0,2.0,0.5871559633027523,0.09747090802273614,661.0,5.1640625,0.4105060250116192,-0.12561481344161318,0.0033004893906072,0.002025472029064542,1,21.0,1.0,1,0.027522935779816515,0.009174311926605505,C.Kessler,0.0,18.0,1.6363636363636365,77.0,2016,2.94
C.Newton,00-0027939,CAR,3509.0,12.996296296296297,550.0,19.0,172.0,270.0,14.0,0.4909090909090909,-0.05005639883163678,1305.0,4.833333333333333,0.7733953615533837,-0.6940124146129031,0.007595234594378448,-0.005906845785170865,1,36.0,4.0,2,0.034545454545454546,0.025454545454545455,C.Newton,5.0,359.0,3.988888888888889,252.26000000000002,2016,299.48
C.Palmer,00-0021429,ARI,4233.0,11.62912087912088,641.0,26.0,218.0,364.0,14.0,0.5678627145085804,0.03096319692366351,1669.0,4.585164835164835,0.6317726009316197,-0.47296113060234324,0.006180344593649079,-0.00021779071877244492,1,40.0,6.0,3,0.0405616224648986,0.0218408736349454,C.Palmer,0.0,38.0,2.7142857142857144,245.12,2016,102.32000000000001
C.Wentz,00-0032950,PHI,3782.0,9.978891820580476,643.0,16.0,191.0,379.0,14.0,0.5894245723172629,0.013708735059629863,1757.0,4.635883905013193,0.4254122778839748,-0.3253253456102098,0.003374160211001406,-0.0020547902844494045,1,33.0,2.0,3,0.024883359253499222,0.02177293934681182,C.Wentz,2.0,150.0,3.260869565217391,210.28,2016,285.74
C.Whitehurst,00-0024296,CLE,182.0,13.0,27.0,1.0,8.0,14.0,1.0,0.5185185185185185,0.057231903748258366,42.0,3.0,0.8540499756248514,-0.5939972981601993,-0.002718663240627687,0.002500366361346104,0,2.0,0.0,0,0.037037037037037035,0.037037037037037035,C.Whitehurst,0.0,1.0,0.5,9.38,2016,
D.Anderson,00-0023645,CAR,453.0,12.583333333333334,54.0,2.0,22.0,36.0,5.0,0.6666666666666666,-0.02789966098547026,161.0,4.472222222222222,0.5936532989402419,-0.6419472931518528,0.003445027556156151,-0.004631251775349074,1,0.0,0.0,0,0.037037037037037035,0.09259259259259259,0,0.0,0.0,0.0,18.12,2016,
D.Brees,00-0020531,NO,5208.0,11.05732484076433,702.0,37.0,264.0,471.0,15.0,0.6709401709401709,0.1424942277879732,2410.0,5.127659574468085,0.3358796488798846,-0.08824450926793,0.0029694201713191893,0.004135831741039407,0,27.0,6.0,4,0.05270655270655271,0.021367521367521368,D.Brees,2.0,20.0,0.8695652173913043,332.32,2016,262.56
D.Carr,00-0031280,LV,3937.0,11.028011204481793,582.0,28.0,189.0,357.0,6.0,0.6134020618556701,0.1378493589679648,1790.0,5.014005602240896,0.5299307596271954,-0.3464952229362988,0.003551275213553644,0.004069617580663053,5,16.0,2.0,2,0.048109965635738834,0.010309278350515464,D.Carr,0.0,70.0,1.794871794871795,270.48,2016,210.44
D.Prescott,00-0033077,DAL,3667.0,11.790996784565916,486.0,23.0,182.0,311.0,4.0,0.6399176954732511,0.21620537590524044,1546.0,4.971061093247588,0.5443098352421936,-0.20203017691395128,0.0018961364622825103,0.006072881970476375,0,25.0,7.0,4,0.047325102880658436,0.00823045267489712,D.Prescott,6.0,282.0,4.947368421052632,286.88,2016,260.66
D.Stanton,00-0025430,ARI,192.0,10.105263157894736,49.0,2.0,11.0,19.0,3.0,0.3877551020408163,-0.26886368981375813,78.0,4.105263157894737,1.0126467918026,-1.2647227178553981,-0.004659570979832076,-0.011473021409187588,0,1.0,0.0,0,0.04081632653061224,0.061224489795918366,D.Stanton,0.0,-3.0,-1.0,9.379999999999999,2016,50.46
E.Manning,00-0022803,NYG,4027.0,10.681697612732096,619.0,26.0,190.0,377.0,16.0,0.6090468497576736,-0.038087250619625895,2011.0,5.334217506631299,0.45772160655606925,-0.4092205257161023,0.0016898950695027975,0.00035543869342818604,0,21.0,8.0,4,0.0420032310177706,0.025848142164781908,E.Manning,0.0,-9.0,-0.42857142857142855,224.18000000000004,2016,187.32
E.Manuel,00-0030526,BUF,131.0,11.909090909090908,30.0,0.0,6.0,11.0,0.0,0.36666666666666664,-0.1911999511373743,27.0,2.4545454545454546,1.0367981444175638,-1.0393115789619911,0.0036696805249308542,-0.004575386062452496,1,3.0,1.0,1,0.0,0.0,E.Manuel,0.0,22.0,2.75,7.44,2016,14.1
G.Smith,00-0030565,NYJ,126.0,15.75,17.0,1.0,3.0,8.0,1.0,0.47058823529411764,-0.14629465575425815,83.0,10.375,0.4141476981957175,-0.22597565971331562,0.003431695255650471,0.007866630348411435,0,3.0,0.0,0,0.058823529411764705,0.058823529411764705,0,0.0,0.0,0.0,7.039999999999999,2016,9.68
J.Brissett,00-0033119,NE,400.0,11.764705882352942,61.0,0.0,18.0,34.0,0.0,0.5573770491803278,-0.14593132744467116,319.0,9.382352941176471,0.4578897261452355,-0.47546329298708845,0.00022095078496601027,0.0020597180827859538,0,6.0,0.0,0,0.0,0.0,J.Brissett,1.0,83.0,5.1875,30.3,2016,207.92000000000002
J.Cutler,00-0024226,CHI,1059.0,13.074074074074074,154.0,4.0,45.0,81.0,5.0,0.525974025974026,-0.16914100622352213,405.0,5.0,0.5337923240852559,-0.49404363931521966,-0.002145397745916674,0.004283057788565655,0,17.0,2.0,3,0.025974025974025976,0.032467532467532464,J.Cutler,0.0,24.0,4.8,44.76,2016,157.83999999999997
J.Flacco,00-0026158,BAL,4317.0,9.90137614678899,710.0,20.0,204.0,436.0,15.0,0.6140845070422535,-0.0424500797586978,2071.0,4.75,0.3531301242981892,-0.3093130572131973,0.0014590772401955367,-0.001320177704104885,4,33.0,3.0,2,0.028169014084507043,0.02112676056338028,J.Flacco,2.0,58.0,2.761904761904762,244.48000000000002,2016,183.04
J.Garoppolo,00-0031345,NE,502.0,11.674418604651162,66.0,4.0,22.0,43.0,0.0,0.6515151515151515,0.33897592730012854,243.0,5.651162790697675,0.375993376817658,0.07221156313605691,0.003456868501732944,0.009303187740423585,0,3.0,2.0,1,0.06060606060606061,0.0,J.Garoppolo,0.0,6.0,0.6,34.68,2016,87.5
J.Goff,00-0033106,LA,1089.0,9.723214285714286,231.0,5.0,47.0,112.0,7.0,0.48484848484848486,-0.4154350909750258,572.0,5.107142857142857,0.1943738639604195,-0.3794934851986755,0.0006608782242740089,-0.007015549099123274,0,26.0,4.0,3,0.021645021645021644,0.030303030303030304,J.Goff,1.0,16.0,2.0,51.160000000000004,2016,257.26
J.McCown,00-0021206,CLE,1100.0,12.222222222222221,184.0,6.0,56.0,90.0,6.0,0.4891304347826087,-0.1375956330697637,450.0,5.0,0.665207630143325,-0.5371412272451996,0.005066706410620938,-0.004722268924255493,1,18.0,4.0,4,0.03260869565217391,0.03260869565217391,J.McCown,0.0,21.0,3.0,52.1,2016,207.44000000000003
J.Winston,00-0031503,TB,4090.0,11.855072463768115,607.0,28.0,214.0,345.0,18.0,0.5683690280065898,0.08773366092802753,1367.0,3.96231884057971,0.799694756563751,-0.5784670099764782,0.009592493628978889,-0.0033317093645886015,3,35.0,5.0,5,0.04612850082372323,0.029654036243822075,J.Winston,1.0,165.0,3.1132075471698113,258.1,2016,203.66
K.Cousins,00-0029604,WAS,4917.0,12.110837438423646,631.0,25.0,225.0,406.0,12.0,0.6434231378763867,0.1650509954079137,1967.0,4.844827586206897,0.573665624931284,-0.3121354776467981,0.0030195779495940777,0.005795332276974809,0,23.0,5.0,3,0.039619651347068144,0.01901743264659271,K.Cousins,4.0,96.0,2.823529411764706,300.28000000000003,2016,279.62
K.Hogan,00-0032784,CLE,104.0,7.428571428571429,28.0,0.0,6.0,14.0,2.0,0.5,-0.26592355126090955,63.0,4.5,0.16697623091973682,-0.3553596424037381,2.333220954124227e-05,-0.0018498996057762463,0,2.0,1.0,1,0.0,0.07142857142857142,K.Hogan,1.0,105.0,13.125,14.66,2016,33.78
L.Jones,00-0030524,PIT,558.0,10.528301886792454,90.0,4.0,26.0,53.0,2.0,0.5888888888888889,0.0605680869136264,242.0,4.566037735849057,0.5999154808876271,-0.43714582871583296,0.004460930627436024,0.006976011665821985,0,4.0,1.0,1,0.044444444444444446,0.022222222222222223,0,0.0,0.0,0.0,32.32,2016,8.56
M.Barkley,00-0030533,CHI,1611.0,12.488372093023257,222.0,8.0,89.0,129.0,14.0,0.581081081081081,-0.0053819013492452175,530.0,4.108527131782946,0.8231253945437117,-0.7302576128254242,0.0009556937022330302,-6.3662496854936125e-06,0,6.0,2.0,2,0.036036036036036036,0.06306306306306306,M.Barkley,0.0,2.0,0.2857142857142857,64.64,2016,
M.Cassel,00-0023662,TEN,284.0,9.466666666666667,56.0,2.0,16.0,30.0,2.0,0.5357142857142857,-0.1932748744964852,71.0,2.3666666666666667,0.6267174395812173,-0.7313565805171881,0.0012140703500389842,-0.0014166130208158557,0,5.0,0.0,0,0.03571428571428571,0.03571428571428571,M.Cassel,0.0,3.0,0.75,15.66,2016,2.4800000000000004
M.Glennon,00-0030520,TB,75.0,7.5,12.0,1.0,6.0,10.0,0.0,0.8333333333333334,0.5941013348286507,37.0,3.7,0.029603936508382958,0.5227793378501456,-0.00011282853136601457,8.840056464330498e-05,1,0.0,0.0,0,0.08333333333333333,0.0,0,0.0,0.0,0.0,9.0,2016,35.72
M.Mariota,00-0032268,TEN,3426.0,12.41304347826087,478.0,26.0,158.0,276.0,9.0,0.5774058577405857,0.1016476407460732,1250.0,4.545454545454546,0.6750464736546596,-0.4636789917411264,0.0020224847676882244,0.0015343480386813668,0,23.0,3.0,2,0.05439330543933055,0.01882845188284519,M.Mariota,2.0,349.0,5.816666666666666,265.94,2016,212.48
M.McGloin,00-0030419,LV,50.0,6.25,15.0,0.0,3.0,8.0,0.0,0.5333333333333333,-0.4112849174144991,9.0,1.125,0.34331199236136445,-0.754596909775864,0.0009436806042989137,-0.004653748869895927,0,0.0,0.0,0,0.0,0.0,M.McGloin,0.0,-3.0,-1.0,1.7,2016,
M.Moore,00-0025708,MIA,721.0,13.10909090909091,88.0,8.0,35.0,55.0,3.0,0.625,0.24259716216421126,356.0,6.472727272727273,0.48403466043609383,-0.2221093340395203,0.0021292789354902613,0.0010655054618415104,0,1.0,1.0,0,0.09090909090909091,0.03409090909090909,M.Moore,0.0,-1.0,-1.0,54.74,2016,41.339999999999996
M.Ryan,00-0026143,ATL,4944.0,13.254691689008043,575.0,38.0,238.0,373.0,7.0,0.648695652173913,0.29606957148363566,2262.0,6.064343163538874,0.5114708668802046,-0.0719552391151814,0.0022459246145255193,0.007512811913525788,1,37.0,3.0,2,0.06608695652173913,0.01217391304347826,M.Ryan,0.0,117.0,3.342857142857143,345.46,2016,232.10000000000002
M.Sanchez,00-0026898,DAL,93.0,9.3,21.0,0.0,5.0,10.0,2.0,0.47619047619047616,-0.5648717647012633,89.0,8.9,-0.5552424239318099,0.1924722287824531,0.00048335298197343886,-0.010099729607140477,0,3.0,0.0,0,0.0,0.09523809523809523,M.Sanchez,0.0,-2.0,-0.5,-0.4799999999999998,2016,
M.Stafford,00-0026498,DET,4327.0,11.152061855670103,633.0,24.0,217.0,388.0,10.0,0.6129541864139021,0.11689821687158165,2227.0,5.739690721649485,0.405926086091444,-0.17713427624425904,0.002825953043435287,0.005087863530476513,1,37.0,2.0,2,0.037914691943127965,0.01579778830963665,M.Stafford,2.0,207.0,5.594594594594595,279.78000000000003,2016,273.64000000000004
N.Foles,00-0029567,KC,410.0,11.38888888888889,59.0,3.0,15.0,36.0,0.0,0.6101694915254238,-0.10898518488617626,210.0,5.833333333333333,0.43664511730259414,-0.4038391144674199,0.0015814098909829309,0.00044629211333659986,0,4.0,0.0,0,0.05084745762711865,0.0,N.Foles,0.0,-4.0,-1.0,28.0,2016,35.78
P.Lynch,00-0033108,DEN,497.0,10.142857142857142,92.0,2.0,25.0,49.0,1.0,0.532608695652174,-0.05384090513277299,159.0,3.2448979591836733,0.7281661174673925,-0.670902810565601,0.0023609056972361936,-0.0032517298346027134,0,9.0,0.0,0,0.021739130434782608,0.010869565217391304,P.Lynch,0.0,25.0,2.272727272727273,28.38,2016,14.8
P.Rivers,00-0022942,LAC,4386.0,12.567335243553009,616.0,33.0,214.0,349.0,21.0,0.5665584415584416,0.05930525135998894,2020.0,5.787965616045845,0.5363090974271434,-0.3504318159603975,0.003235817099310981,-9.206345243921907e-05,0,36.0,9.0,5,0.05357142857142857,0.03409090909090909,P.Rivers,0.0,35.0,2.5,258.94,2016,270.40000000000003
R.Fitzpatrick,00-0023682,NYJ,2710.0,11.885964912280702,422.0,12.0,128.0,228.0,17.0,0.5402843601895735,-0.0781729154849607,1125.0,4.934210526315789,0.5917059700704734,-0.6188534632528292,0.004756526208784439,-0.002515645122676501,0,19.0,4.0,1,0.02843601895734597,0.04028436018957346,R.Fitzpatrick,0.0,130.0,3.9393939393939394,133.4,2016,73.92
R.Griffin,00-0029665,CLE,886.0,10.183908045977011,169.0,2.0,43.0,87.0,3.0,0.514792899408284,-0.13475263106246335,448.0,5.149425287356322,0.42379271146034614,-0.37296635580657295,-0.011969625205831082,0.02188708240572109,0,22.0,0.0,0,0.011834319526627219,0.01775147928994083,R.Griffin,2.0,190.0,6.129032258064516,68.44,2016,
R.Tannehill,00-0029701,MIA,2995.0,11.475095785440613,420.0,19.0,132.0,261.0,12.0,0.6214285714285714,0.01694020970683539,1440.0,5.517241379310345,0.3927807003850023,-0.25745432286110054,0.0009525700843367533,0.004702531125734043,1,29.0,3.0,4,0.04523809523809524,0.02857142857142857,R.Tannehill,1.0,164.0,4.205128205128205,188.20000000000002,2016,
R.Wilson,00-0029263,SEA,4219.0,11.951841359773372,589.0,21.0,193.0,353.0,11.0,0.599320882852292,0.06086208141858511,1748.0,4.951841359773371,0.5362475536003042,-0.3487123093751412,0.0006030501914571677,0.006496565164082397,1,41.0,3.0,1,0.035653650254668934,0.01867572156196944,R.Wilson,1.0,259.0,3.5972222222222223,262.65999999999997,2016,343.92
S.Bradford,00-0027854,MIN,3877.0,9.815189873417722,590.0,20.0,197.0,395.0,5.0,0.6694915254237288,0.059897873596161055,1964.0,4.972151898734177,0.21473599767704665,-0.0019844897449842695,0.0006947935146239824,0.0036365587053934943,0,37.0,5.0,5,0.03389830508474576,0.00847457627118644,S.Bradford,0.0,53.0,2.65,220.38000000000002,2016,26.98
S.Hill,00-0020679,MIN,242.0,12.736842105263158,36.0,0.0,12.0,19.0,0.0,0.5277777777777778,0.16794112062716263,66.0,3.473684210526316,0.6805786159238774,-0.494785538750494,-0.01166535743645259,0.018760058105440954,0,1.0,0.0,0,0.0,0.0,S.Hill,0.0,5.0,1.0,10.18,2016,
S.Tolzien,00-0028595,IND,216.0,9.391304347826088,40.0,1.0,13.0,23.0,2.0,0.575,-0.2083674662942628,81.0,3.5217391304347827,0.8427759047339641,-0.9063852044936217,0.0030494897432001246,-0.0024523758360914636,0,3.0,0.0,0,0.025,0.05,S.Tolzien,0.0,3.0,0.5,8.940000000000001,2016,1.32
T.Boykin,00-0032462,SEA,145.0,11.153846153846153,19.0,1.0,8.0,13.0,1.0,0.6842105263157895,0.2934589588263182,71.0,5.461538461538462,0.2445963527004799,0.12427697522692188,0.0062864224116007455,0.003574363835165668,0,1.0,0.0,0,0.05263157894736842,0.05263157894736842,T.Boykin,0.0,1.0,0.125,7.9,2016,
T.Brady,00-0019596,NE,3554.0,12.213058419243985,449.0,28.0,163.0,291.0,2.0,0.6481069042316259,0.304874895247117,1744.0,5.993127147766323,0.4559737949402142,-0.08988273563890631,0.0008891676771306447,0.007230127872568127,1,15.0,2.0,0,0.062360801781737196,0.004454342984409799,T.Brady,0.0,64.0,2.2857142857142856,258.56,2016,297.88000000000005
T.Savage,00-0031064,HOU,461.0,10.021739130434783,78.0,0.0,20.0,46.0,0.0,0.5897435897435898,-0.14247699819086382,169.0,3.6739130434782608,0.6352536057031152,-0.6302902100266063,0.0018884133394450357,0.001041318149599312,0,5.0,1.0,1,0.0,0.0,T.Savage,0.0,12.0,2.0,17.64,2016,50.67999999999999
T.Siemian,00-0032156,DEN,3401.0,11.768166089965398,518.0,18.0,155.0,289.0,10.0,0.5579150579150579,-0.01962613707829502,1411.0,4.882352941176471,0.4882843886896812,-0.40506450804273586,0.002110693533436779,0.001747359974492898,1,31.0,9.0,2,0.03474903474903475,0.019305019305019305,T.Siemian,0.0,57.0,2.0357142857142856,191.73999999999998,2016,126.10000000000001
T.Taylor,00-0028118,BUF,3023.0,11.237918215613384,479.0,17.0,147.0,269.0,6.0,0.5615866388308977,0.07118142845351183,1116.0,4.148698884758364,0.6466630546328174,-0.43541525212991883,0.004530319636357983,-0.00044938800968610836,1,42.0,1.0,1,0.03549060542797495,0.012526096033402923,T.Taylor,6.0,580.0,6.105263157894737,270.92,2016,226.95999999999998
A.Dalton,00-0027973,CIN,3320.0,11.178451178451178,535.0,25.0,162.0,297.0,12.0,0.5551401869158878,-0.08839103845648989,1696.0,5.71043771043771,0.492819019627078,-0.44576966934178036,0.005162698239125294,-0.002499647100757745,0,39.0,6.0,3,0.04672897196261682,0.022429906542056073,A.Dalton,0.0,99.0,2.6052631578947367,212.70000000000002,2017,174.54
A.McCarron,00-0031288,CIN,66.0,9.428571428571429,15.0,0.0,3.0,7.0,0.0,0.4666666666666667,-0.1726020063390026,57.0,8.142857142857142,0.11674880686665075,-0.1962017157431029,0.06778292268427324,-0.06777300001548224,0,1.0,0.0,0,0.0,0.0,0,0.0,0.0,0.0,2.64,2017,
A.Rodgers,00-0023459,GB,1675.0,10.876623376623376,262.0,16.0,85.0,154.0,6.0,0.5877862595419847,0.07030355826295705,870.0,5.64935064935065,0.45542783114652907,-0.20778108236296527,0.010187693565171496,-0.004657967839564568,0,22.0,2.0,1,0.061068702290076333,0.022900763358778626,0,0.0,0.0,0.0,117.0,2017,310.58
A.Smith,00-0023436,KC,4042.0,11.853372434017595,541.0,26.0,184.0,341.0,5.0,0.6303142329020333,0.16838435069293217,1964.0,5.7595307917888565,0.34223978420931467,-0.05321313850526983,0.0033367033277969635,0.003994605026214399,0,35.0,1.0,1,0.04805914972273567,0.009242144177449169,A.Smith,1.0,323.0,5.383333333333334,291.98,2017,138.0
B.Bortles,00-0031407,JAX,3687.0,11.704761904761904,551.0,21.0,192.0,315.0,13.0,0.5716878402903811,0.050828997575485084,1911.0,6.066666666666666,0.39532532638293294,-0.2609594599662031,0.002018657853536072,-0.003125583545204691,3,24.0,4.0,3,0.038112522686025406,0.023593466424682397,B.Bortles,2.0,322.0,5.649122807017544,249.68,2017,177.22
B.Gabbert,00-0027948,ARI,1086.0,11.43157894736842,195.0,6.0,55.0,95.0,6.0,0.48717948717948717,-0.27634706742483245,412.0,4.336842105263158,0.5634145063456667,-0.6315248429559651,0.002892778541974944,-0.004401806611327088,1,23.0,2.0,2,0.03076923076923077,0.03076923076923077,B.Gabbert,0.0,82.0,3.727272727272727,61.64,2017,31.04
B.Hoyer,00-0026625,SF,1287.0,10.463414634146341,228.0,4.0,64.0,123.0,4.0,0.5394736842105263,-0.13552473700485942,569.0,4.626016260162602,0.32381180647630414,-0.31944444966471636,-0.005151398689240976,0.003991519975048752,0,16.0,1.0,1,0.017543859649122806,0.017543859649122806,B.Hoyer,1.0,4.0,0.4444444444444444,63.87999999999999,2017,
B.Hundley,00-0031589,GB,1836.0,9.5625,346.0,9.0,89.0,192.0,12.0,0.5549132947976878,-0.21741430942542372,1015.0,5.286458333333333,0.33888188440360417,-0.40550267296698556,0.0012376642523048275,-0.0003204567858311718,1,29.0,1.0,1,0.02601156069364162,0.03468208092485549,B.Hundley,2.0,270.0,7.5,124.44,2017,
B.Osweiler,00-0029682,DEN,1088.0,11.333333333333334,184.0,5.0,53.0,96.0,5.0,0.5217391304347826,-0.1302370071129149,507.0,5.28125,0.3859637557042708,-0.44543322333801166,0.007624009028822928,-0.0076086814570268,2,10.0,2.0,1,0.02717391304347826,0.02717391304347826,B.Osweiler,1.0,64.0,4.571428571428571,67.92,2017,69.97999999999999
B.Petty,00-0031568,NYJ,544.0,9.89090909090909,121.0,1.0,23.0,55.0,3.0,0.45454545454545453,-0.29567904301044096,247.0,4.490909090909091,0.3389786323454507,-0.5659779866870899,-0.0018452045489019448,-0.0021870525081508813,0,8.0,1.0,0,0.008264462809917356,0.024793388429752067,B.Petty,0.0,55.0,7.857142857142857,25.26,2017,
B.Roethlisberger,00-0022924,PIT,4259.0,11.797783933518005,586.0,28.0,208.0,361.0,14.0,0.6160409556313993,0.14796012104257966,2096.0,5.806094182825484,0.5764439995820826,-0.3604053380636896,0.002687803153666667,0.00361921581287833,2,21.0,1.0,1,0.04778156996587031,0.023890784982935155,B.Roethlisberger,0.0,47.0,1.6785714285714286,261.06,2017,340.96
C.Beathard,00-0033936,SF,1430.0,11.626016260162602,243.0,4.0,66.0,123.0,6.0,0.5061728395061729,-0.2222657146634952,654.0,5.317073170731708,0.27044634179161503,-0.3466840654198327,0.0023768104316829615,-0.0041238947021125455,0,19.0,4.0,2,0.01646090534979424,0.024691358024691357,C.Beathard,3.0,136.0,5.230769230769231,88.8,2017,74.98
C.Keenum,00-0028986,MIN,3547.0,10.913846153846153,504.0,22.0,179.0,325.0,7.0,0.6448412698412699,0.10860094573141911,1830.0,5.630769230769231,0.3633607157102226,-0.16862724446972585,-0.0005409861789152793,0.006358953317458951,1,22.0,3.0,2,0.04365079365079365,0.013888888888888888,C.Keenum,1.0,160.0,4.0,235.88,2017,214.9
C.Kessler,00-0033104,CLE,126.0,11.454545454545455,29.0,0.0,6.0,11.0,1.0,0.3793103448275862,-0.5272057366751449,69.0,6.2727272727272725,0.37852172428772435,-0.6104000932887963,0.018548165124071685,-0.033732748468932906,0,6.0,0.0,0,0.0,0.034482758620689655,C.Kessler,0.0,-1.0,-1.0,2.94,2017,38.66
C.Newton,00-0027939,CAR,3302.0,11.347079037800688,529.0,22.0,166.0,291.0,16.0,0.5500945179584121,-0.007681681855295719,1617.0,5.556701030927835,0.5536675967128922,-0.4468539280276285,0.0023925508214824045,0.0011687228388452561,0,35.0,0.0,0,0.04158790170132325,0.030245746691871456,C.Newton,6.0,754.0,5.424460431654676,299.48,2017,282.6
C.Palmer,00-0021429,ARI,1978.0,12.060975609756097,290.0,9.0,94.0,164.0,7.0,0.5655172413793104,-0.060552600690491884,743.0,4.530487804878049,0.6542968766611886,-0.6071186646588955,0.001703008001711434,0.002444088404043216,0,22.0,2.0,0,0.03103448275862069,0.02413793103448276,C.Palmer,0.0,12.0,0.8571428571428571,102.32000000000001,2017,
C.Wentz,00-0032950,PHI,3296.0,12.437735849056605,473.0,33.0,160.0,265.0,7.0,0.5602536997885835,0.1966078647543586,1232.0,4.649056603773585,0.7180298600483791,-0.40780486746204275,0.0013728698141626872,0.005512986677797176,4,28.0,2.0,1,0.06976744186046512,0.014799154334038054,C.Wentz,0.0,299.0,4.671875,285.74,2017,182.95999999999998
D.Brees,00-0020531,NO,4334.0,11.2279792746114,556.0,23.0,201.0,386.0,8.0,0.6942446043165468,0.1553515694529913,2369.0,6.137305699481865,0.1952948983626104,0.035507609094448556,0.0007108504249347705,0.004427163602218804,0,20.0,5.0,0,0.04136690647482014,0.014388489208633094,D.Brees,2.0,12.0,0.36363636363636365,262.56,2017,303.88
D.Carr,00-0031280,LV,3496.0,10.823529411764707,537.0,22.0,165.0,323.0,13.0,0.6014897579143389,-0.002453601858625394,1609.0,4.981424148606811,0.5196149442982023,-0.4536248034200199,0.002904503932727971,0.0003694712764602656,2,20.0,8.0,1,0.040968342644320296,0.024208566108007448,D.Carr,0.0,66.0,2.869565217391304,210.44,2017,216.66
D.Fales,00-0031076,MIA,265.0,9.137931034482758,45.0,1.0,15.0,29.0,1.0,0.6444444444444445,-0.05224901705117475,166.0,5.724137931034483,0.14722947043577844,-0.12627754528384225,0.02336242907615595,-0.030227229006761724,0,1.0,0.0,0,0.022222222222222223,0.022222222222222223,D.Fales,1.0,8.0,2.0,19.4,2017,
D.Kizer,00-0033899,CLE,2894.0,11.349019607843138,514.0,11.0,130.0,255.0,22.0,0.4961089494163424,-0.26357856634134974,1440.0,5.647058823529412,0.5339925451110696,-0.6709655786205083,0.006737251297260347,-0.010006548913527556,0,38.0,9.0,5,0.021400778210116732,0.042801556420233464,D.Kizer,5.0,419.0,5.441558441558442,177.66,2017,5.380000000000001
D.Prescott,00-0033077,DAL,3324.0,10.792207792207792,525.0,22.0,162.0,308.0,13.0,0.5866666666666667,-0.07028544480973022,1340.0,4.35064935064935,0.5241442825388958,-0.47485050904376436,0.0024845612939828686,-0.000800030840139766,0,32.0,5.0,3,0.0419047619047619,0.024761904761904763,D.Prescott,6.0,357.0,6.2631578947368425,260.66,2017,285.9
D.Stanton,00-0025430,ARI,894.0,11.316455696202532,166.0,6.0,50.0,79.0,5.0,0.4759036144578313,-0.13395757743160422,299.0,3.7848101265822787,0.9291342755736798,-1.012548890975313,0.0037490282735895054,-0.002987009139214183,0,7.0,0.0,0,0.03614457831325301,0.030120481927710843,D.Stanton,0.0,7.0,0.7777777777777778,50.46,2017,
D.Watson,00-0033537,HOU,1699.0,13.484126984126984,226.0,19.0,84.0,126.0,8.0,0.5575221238938053,0.10975611556855261,677.0,5.373015873015873,0.7647535472007242,-0.47441922693698213,0.004609503823017308,0.003413091298934011,1,19.0,1.0,1,0.084070796460177,0.035398230088495575,D.Watson,2.0,269.0,7.472222222222222,166.85999999999999,2017,333.70000000000005
E.Manning,00-0022803,NYG,3468.0,9.852272727272727,607.0,19.0,170.0,352.0,13.0,0.5799011532125206,-0.10383011195226101,1619.0,4.599431818181818,0.37792655203216075,-0.35614330055406485,0.004798984244815151,-0.003018637683566144,0,32.0,5.0,5,0.03130148270181219,0.0214168039538715,E.Manning,1.0,26.0,2.1666666666666665,187.32,2017,239.96
E.Manuel,00-0030526,LV,265.0,11.041666666666666,47.0,1.0,13.0,24.0,1.0,0.5106382978723404,-0.2651812431861349,83.0,3.4583333333333335,0.5794143981562904,-0.7056727409098145,0.009388087447299518,-0.018345862377954773,0,4.0,1.0,0,0.02127659574468085,0.02127659574468085,E.Manuel,0.0,15.0,7.5,14.1,2017,
G.Smith,00-0030565,NYG,212.0,10.095238095238095,39.0,1.0,8.0,21.0,0.0,0.5384615384615384,-0.263558261032932,108.0,5.142857142857143,0.2604426327743567,-0.22792347602888968,0.0019466809146843553,-0.002838943939827406,0,3.0,2.0,2,0.02564102564102564,0.0,G.Smith,0.0,12.0,3.0,9.68,2017,
J.Brissett,00-0033119,IND,3098.0,11.22463768115942,522.0,13.0,143.0,276.0,7.0,0.5287356321839081,-0.10355361932924484,1574.0,5.702898550724638,0.41899148817142934,-0.3531537379910113,0.007050893717302369,-0.007067745337946634,0,52.0,4.0,2,0.02490421455938697,0.013409961685823755,J.Brissett,4.0,260.0,4.126984126984127,207.92000000000002,2017,
J.Cutler,00-0024226,MIA,2666.0,10.022556390977444,449.0,19.0,134.0,266.0,14.0,0.5924276169265034,-0.09740844866667261,1191.0,4.477443609022556,0.4241064322479047,-0.4634617788679717,0.0038639575917811964,-0.004517598547760013,0,20.0,4.0,0,0.042316258351893093,0.031180400890868598,J.Cutler,0.0,32.0,1.6842105263157894,157.83999999999997,2017,
J.Flacco,00-0026158,BAL,3141.0,8.923295454545455,577.0,18.0,161.0,352.0,13.0,0.610051993067591,-0.0985787088954425,1470.0,4.176136363636363,0.29611880127003165,-0.31976128953615723,0.003119540120014978,-0.004861040272261173,1,27.0,1.0,1,0.03119584055459272,0.022530329289428077,J.Flacco,1.0,54.0,2.16,183.04,2017,137.1
J.Garoppolo,00-0031345,SF,1560.0,13.0,186.0,7.0,78.0,120.0,5.0,0.6451612903225806,0.3098759567759,721.0,6.008333333333334,0.8218003763991978,-0.42006477192179426,0.002163275423789979,0.010751295754838594,0,8.0,0.0,0,0.03763440860215054,0.026881720430107527,J.Garoppolo,1.0,11.0,0.7333333333333333,87.5,2017,48.019999999999996
J.Goff,00-0033106,LA,3804.0,12.85135135135135,502.0,28.0,176.0,296.0,7.0,0.5896414342629482,0.1540903748821896,1996.0,6.743243243243243,0.4435087346231347,-0.18088030157611706,0.0015734208955315422,0.002578970050558898,0,25.0,5.0,2,0.055776892430278883,0.013944223107569721,J.Goff,1.0,51.0,1.8214285714285714,257.26,2017,312.32
J.McCown,00-0021206,NYJ,2926.0,10.958801498127341,437.0,18.0,133.0,267.0,9.0,0.6109839816933639,0.010371394157162627,1264.0,4.7518796992481205,0.4351538550322687,-0.2322992927673605,0.0053100255022510015,-0.0006609646368116786,0,39.0,6.0,3,0.041189931350114416,0.020594965675057208,J.McCown,5.0,124.0,3.3513513513513513,207.44000000000003,2017,17.56
J.Winston,00-0031503,TB,3504.0,12.425531914893616,477.0,19.0,180.0,282.0,11.0,0.5911949685534591,0.07282338602482202,1263.0,4.4787234042553195,0.8080052628342991,-0.5647819148894804,0.006502270789583875,0.0016431560981662115,1,33.0,9.0,6,0.039832285115303984,0.023060796645702306,J.Winston,1.0,135.0,4.090909090909091,203.66,2017,197.78
K.Cousins,00-0029604,WAS,4093.0,11.795389048991355,581.0,27.0,191.0,347.0,13.0,0.5972461273666093,-0.007333273328932876,2140.0,6.1671469740634,0.44087419594250793,-0.29977435961034704,0.0035689990716998524,0.0021252689656656243,0,41.0,7.0,4,0.04647160068846816,0.022375215146299483,K.Cousins,4.0,179.0,3.6530612244897958,279.62,2017,285.91999999999996
K.Hogan,00-0032784,CLE,517.0,11.23913043478261,81.0,4.0,21.0,46.0,5.0,0.5679012345679012,-0.18170397718786965,234.0,5.086956521739131,0.5039236752556947,-0.5921161603402271,0.00260240887985009,-0.006168498901680462,0,6.0,0.0,0,0.04938271604938271,0.06172839506172839,K.Hogan,0.0,71.0,7.1,33.78,2017,
L.Jones,00-0030524,PIT,239.0,10.391304347826088,31.0,1.0,9.0,23.0,1.0,0.7419354838709677,-0.12364102765399597,79.0,3.4347826086956523,0.0016129575503461993,0.09708962593660034,0.0018830150365829483,0.003009695559740085,0,3.0,1.0,1,0.03225806451612903,0.03225806451612903,L.Jones,0.0,-10.0,-1.25,8.56,2017,
M.Cassel,00-0023662,TEN,162.0,6.48,50.0,1.0,10.0,25.0,2.0,0.5,-0.7641318018765325,44.0,1.76,0.36221376789797494,-0.8063160672361873,-0.0006069456176370836,-0.0023076018086222875,0,8.0,2.0,2,0.02,0.04,0,0.0,0.0,0.0,2.4800000000000004,2017,1.66
M.Glennon,00-0030520,CHI,833.0,8.956989247311828,148.0,4.0,42.0,93.0,5.0,0.6283783783783784,-0.17870107203566338,332.0,3.5698924731182795,0.2924020534354246,-0.3165448080699386,0.007813365435998683,-0.009578633147043833,0,8.0,2.0,2,0.02702702702702703,0.033783783783783786,M.Glennon,0.0,4.0,1.0,35.72,2017,10.96
M.Mariota,00-0032268,TEN,3232.0,11.501779359430605,480.0,13.0,147.0,281.0,15.0,0.5854166666666667,-0.05000557270740858,1254.0,4.462633451957295,0.5352655092150393,-0.506430635312948,0.0030934215148984592,-0.0013984929407009094,0,27.0,3.0,0,0.027083333333333334,0.03125,M.Mariota,5.0,312.0,5.2,212.48,2017,172.82
M.Moore,00-0025708,MIA,861.0,11.038461538461538,139.0,4.0,38.0,78.0,5.0,0.5611510791366906,-0.15430405660211122,324.0,4.153846153846154,0.49284437981633383,-0.5251184703843544,0.00949948969763917,-0.0047806498611979425,0,12.0,0.0,0,0.02877697841726619,0.03597122302158273,M.Moore,0.0,9.0,3.0,41.339999999999996,2017,
M.Ryan,00-0026143,ATL,4095.0,11.973684210526315,553.0,20.0,199.0,342.0,12.0,0.6184448462929476,0.12726811687710493,1861.0,5.441520467836257,0.5392961179009647,-0.3209154572958302,0.0027676589175579334,0.0022535547686709317,0,24.0,1.0,1,0.03616636528028933,0.0216998191681736,M.Ryan,0.0,143.0,4.46875,232.10000000000002,2017,347.46000000000004
M.Stafford,00-0026498,DET,4446.0,11.983827493261456,615.0,29.0,209.0,371.0,10.0,0.6032520325203252,0.04584366007594368,2103.0,5.668463611859838,0.4319408937431708,-0.20349917260541547,0.004226131164534412,0.0007638291730469273,1,47.0,8.0,6,0.04715447154471545,0.016260162601626018,M.Stafford,0.0,98.0,3.3793103448275863,273.64000000000004,2017,210.18
M.Trubisky,00-0033869,CHI,2193.0,11.188775510204081,362.0,7.0,100.0,196.0,7.0,0.5414364640883977,-0.14242343029593932,988.0,5.040816326530612,0.3825114473948051,-0.3680313110897231,0.0016920562150399329,-0.0015952512442011498,0,31.0,4.0,3,0.019337016574585635,0.019337016574585635,M.Trubisky,2.0,248.0,6.048780487804878,132.51999999999998,2017,265.02
N.Foles,00-0029567,PHI,537.0,9.421052631578947,106.0,5.0,29.0,57.0,2.0,0.5377358490566038,-0.1581620774307606,241.0,4.228070175438597,0.5430268083370066,-0.566315752229289,0.0036181624667851174,-0.007159670950637945,0,5.0,1.0,1,0.04716981132075472,0.018867924528301886,N.Foles,0.0,3.0,0.2727272727272727,35.78,2017,74.22000000000001
N.Peterman,00-0033958,BUF,231.0,10.043478260869565,49.0,2.0,13.0,23.0,5.0,0.46938775510204084,-0.5524059114656977,69.0,3.0,0.6996884811180399,-1.313917509416995,0.014602634227200985,-0.02308555363481749,0,1.0,0.0,0,0.04081632653061224,0.10204081632653061,N.Peterman,0.0,23.0,3.2857142857142856,9.540000000000003,2017,12.84
N.Sudfeld,00-0032792,PHI,134.0,7.052631578947368,26.0,0.0,4.0,19.0,0.0,0.7307692307692307,-0.43600604579506397,78.0,4.105263157894737,-0.1248752421891801,-0.09366659844122094,-0.004371316374643991,-0.007236671836479846,0,3.0,1.0,0,0.0,0.0,0,0.0,0.0,0.0,5.36,2017,
P.Lynch,00-0033108,DEN,295.0,9.833333333333334,54.0,2.0,15.0,30.0,3.0,0.5555555555555556,-0.36451377064093804,119.0,3.966666666666667,0.5693203013319158,-0.5805063459025006,0.01522631630087464,-0.006826591407369038,0,9.0,1.0,1,0.037037037037037035,0.05555555555555555,P.Lynch,0.0,30.0,6.0,14.8,2017,
P.Mahomes,00-0033873,KC,284.0,12.909090909090908,37.0,0.0,14.0,22.0,1.0,0.5945945945945946,0.21321290481391125,174.0,7.909090909090909,0.38212493448850826,-0.08542213831659835,0.004346229348863872,0.011160317489079058,0,2.0,0.0,0,0.0,0.02702702702702703,0,0.0,0.0,0.0,9.36,2017,415.08
P.Rivers,00-0022942,LAC,4515.0,12.541666666666666,594.0,28.0,216.0,360.0,10.0,0.6060606060606061,0.1810418303802936,2144.0,5.955555555555556,0.4659596659004896,-0.22846706518036428,0.0018724311482732126,0.0037571073867512304,0,18.0,3.0,1,0.04713804713804714,0.016835016835016835,P.Rivers,0.0,-2.0,-0.1111111111111111,270.40000000000003,2017,285.02
R.Fitzpatrick,00-0023682,TB,1103.0,11.489583333333334,172.0,7.0,63.0,96.0,3.0,0.5581395348837209,0.01602522535040754,385.0,4.010416666666667,0.6528350122593944,-0.5579095272070071,0.004226858519160021,-0.0030714138133038534,0,7.0,1.0,0,0.040697674418604654,0.01744186046511628,R.Fitzpatrick,0.0,78.0,5.2,73.92,2017,165.83999999999997
R.Mallett,00-0028012,BAL,56.0,6.222222222222222,17.0,2.0,5.0,9.0,0.0,0.5294117647058824,-0.09592634906241776,30.0,3.3333333333333335,0.23964517834974686,-0.28237942422856566,-0.00031628622591738087,-0.0011607299777551658,0,0.0,0.0,0,0.11764705882352941,0.0,R.Mallett,0.0,-3.0,-0.75,9.94,2017,
R.Wilson,00-0029263,SEA,3983.0,11.749262536873156,601.0,34.0,183.0,339.0,11.0,0.5640599001663894,0.0358176383985136,1599.0,4.716814159292035,0.6917736794767653,-0.5182256392382351,0.004514617357045676,0.00035476357308011127,2,43.0,4.0,5,0.056572379367720464,0.018302828618968387,R.Wilson,3.0,586.0,6.168421052631579,343.92,2017,299.52
S.Bradford,00-0027854,MIN,382.0,11.9375,48.0,3.0,17.0,32.0,0.0,0.6666666666666666,0.27114386474069735,149.0,4.65625,0.5431084517597344,-0.09089650993330345,0.0030801595033443374,0.008045027912375352,0,5.0,0.0,0,0.0625,0.0,S.Bradford,0.0,-3.0,-1.5,26.98,2017,12.7
S.Mannion,00-0032245,LA,185.0,8.409090909090908,40.0,0.0,8.0,22.0,0.0,0.55,-0.45330790394990367,76.0,3.4545454545454546,0.1650948455286642,-0.4909554572444066,-0.0186255044971256,0.013035652135078787,0,3.0,2.0,1,0.0,0.0,S.Mannion,0.0,-2.0,-0.2222222222222222,5.2,2017,
S.Tolzien,00-0028595,IND,128.0,14.222222222222221,22.0,0.0,5.0,9.0,2.0,0.4090909090909091,-1.2582750735330552,72.0,8.0,0.9286689377622687,-2.1356659963309483,-0.0011140228145652279,-0.010835698967045879,0,4.0,1.0,0,0.0,0.09090909090909091,S.Tolzien,0.0,2.0,1.0,1.32,2017,
T.Brady,00-0019596,NE,4577.0,11.888311688311688,618.0,32.0,230.0,385.0,8.0,0.6229773462783171,0.22753104277426317,1910.0,4.961038961038961,0.590656968599499,-0.24460299529124716,0.004608276492038601,0.005035242698603759,2,35.0,2.0,2,0.05177993527508091,0.012944983818770227,T.Brady,0.0,28.0,1.12,297.88000000000005,2017,279.7
T.Savage,00-0031064,HOU,1412.0,11.296,244.0,5.0,68.0,125.0,6.0,0.5122950819672131,-0.19825872284033152,552.0,4.416,0.7508236477869932,-0.7080619250187562,0.0034480767383472267,-0.002151371738713868,0,21.0,7.0,7,0.020491803278688523,0.02459016393442623,T.Savage,0.0,2.0,0.5,50.67999999999999,2017,
T.Siemian,00-0032156,DEN,2285.0,11.092233009708737,384.0,12.0,112.0,206.0,14.0,0.5364583333333334,-0.1552070377103881,1001.0,4.859223300970874,0.5368494141975064,-0.558126326416312,0.005096606669504072,-0.005463478203730474,0,33.0,4.0,2,0.03125,0.036458333333333336,T.Siemian,1.0,127.0,4.096774193548387,126.10000000000001,2017,
T.Taylor,00-0028118,BUF,2799.0,10.642585551330798,466.0,14.0,134.0,263.0,4.0,0.5643776824034334,-0.008867622773075153,1231.0,4.680608365019012,0.5325840910448644,-0.3677644907547501,0.004949358480682064,-0.00022334222250502161,0,46.0,4.0,2,0.030042918454935622,0.008583690987124463,T.Taylor,4.0,470.0,5.108695652173913,226.95999999999998,2017,41.42
T.Yates,00-0028090,HOU,523.0,11.127659574468085,111.0,4.0,27.0,47.0,3.0,0.42342342342342343,-0.2965818136956617,176.0,3.74468085106383,0.642314036579601,-0.756694295070698,0.003943347412085168,-0.0057545564989961336,0,13.0,2.0,1,0.036036036036036036,0.02702702702702703,0,0.0,0.0,0.0,28.92,2017,
A.Dalton,00-0027973,CIN,2566.0,11.353982300884956,387.0,21.0,132.0,226.0,11.0,0.5839793281653747,0.05450464845656712,1142.0,5.053097345132743,0.5428088254618326,-0.36901228648663487,0.0033454749689931576,0.003975862596645703,0,21.0,1.0,0,0.05426356589147287,0.028423772609819122,A.Dalton,0.0,99.0,6.1875,174.54,2018,199.06
A.Luck,00-0029668,IND,4593.0,10.68139534883721,660.0,39.0,236.0,430.0,15.0,0.6515151515151515,0.13324087670915735,1975.0,4.593023255813954,0.43445248527557856,-0.24123676400680424,0.002308637269926052,0.003740424588275783,2,18.0,5.0,1,0.05909090909090909,0.022727272727272728,A.Luck,0.0,148.0,3.217391304347826,326.52000000000004,2018,
A.Rodgers,00-0023459,GB,4442.0,11.940860215053764,649.0,25.0,200.0,372.0,2.0,0.5731895223420647,0.0772058314875249,2134.0,5.736559139784946,0.5733288420706675,-0.3425000712487054,-0.00016598847751391027,0.006241806010707076,2,49.0,4.0,3,0.03852080123266564,0.0030816640986132513,A.Rodgers,2.0,269.0,6.255813953488372,310.58,2018,278.38000000000005
A.Smith,00-0023436,WAS,2180.0,10.634146341463415,351.0,10.0,106.0,205.0,5.0,0.584045584045584,-0.04574509317698614,975.0,4.7560975609756095,0.485244047489907,-0.42142271156448957,-0.0011557521443387173,0.002192558734023317,0,22.0,3.0,1,0.02849002849002849,0.014245014245014245,A.Smith,1.0,168.0,4.097560975609756,138.0,2018,
B.Bortles,00-0031407,JAX,2718.0,11.185185185185185,436.0,13.0,128.0,243.0,11.0,0.5573394495412844,-0.11215578932574652,1472.0,6.05761316872428,0.3298023121593094,-0.3456509084774807,0.006479789601855388,-0.007305428647162091,0,31.0,8.0,2,0.02981651376146789,0.02522935779816514,B.Bortles,1.0,365.0,6.293103448275862,177.22,2018,
B.Gabbert,00-0027948,TEN,626.0,10.262295081967213,106.0,4.0,32.0,61.0,4.0,0.5754716981132075,-0.21957891874443816,301.0,4.934426229508197,0.3617026110350886,-0.5202029431316124,0.009230801694446285,-0.008911226763094023,0,5.0,0.0,1,0.03773584905660377,0.03773584905660377,B.Gabbert,0.0,0.0,0.0,31.04,2018,
B.Mayfield,00-0034855,CLE,3725.0,12.016129032258064,518.0,27.0,171.0,310.0,14.0,0.5984555984555985,0.03537682057435743,1698.0,5.47741935483871,0.5953442635728474,-0.44289054204075873,0.007945672009900722,-0.004472131918267473,1,25.0,5.0,2,0.052123552123552123,0.02702702702702703,B.Mayfield,0.0,131.0,3.358974358974359,240.1,2018,229.18
B.Osweiler,00-0029682,MIA,1247.0,11.035398230088495,196.0,6.0,58.0,113.0,4.0,0.576530612244898,-0.04327492133514887,669.0,5.920353982300885,0.3669729388243648,-0.2550592538133797,0.005333106234114692,-0.0004741540966859917,1,17.0,0.0,0,0.030612244897959183,0.02040816326530612,B.Osweiler,0.0,21.0,2.625,69.97999999999999,2018,
B.Roethlisberger,00-0022924,PIT,5129.0,11.347345132743364,704.0,34.0,248.0,452.0,16.0,0.6420454545454546,0.17384510723855862,2758.0,6.101769911504425,0.43803876744593817,-0.19969651406730507,0.005251985513283609,0.002841896603538576,4,24.0,7.0,2,0.048295454545454544,0.022727272727272728,B.Roethlisberger,3.0,98.0,3.161290322580645,340.96,2018,12.04
C.Beathard,00-0033936,SF,1252.0,12.27450980392157,189.0,8.0,60.0,102.0,7.0,0.5396825396825397,-0.163646602576796,728.0,7.137254901960785,0.23559963151698188,-0.12849591011492845,0.0022832446215591776,-0.0012109667983651422,0,18.0,4.0,3,0.042328042328042326,0.037037037037037035,C.Beathard,1.0,69.0,3.6315789473684212,74.98,2018,
C.Daniel,00-0026544,CHI,515.0,9.716981132075471,86.0,3.0,24.0,53.0,2.0,0.6162790697674418,-0.1785535265225587,168.0,3.169811320754717,0.6115468802056154,-0.656917504991306,0.008991068582129355,-0.0070561086726535875,0,9.0,2.0,0,0.03488372093023256,0.023255813953488372,C.Daniel,0.0,3.0,0.23076923076923078,28.900000000000002,2018,26.0
C.Keenum,00-0028986,DEN,3890.0,10.657534246575343,622.0,18.0,179.0,365.0,15.0,0.5868167202572347,-0.04633542168557865,1793.0,4.912328767123288,0.36312123480843606,-0.3074078125464327,0.0018704535706108852,0.0007744660832325701,0,34.0,4.0,2,0.028938906752411574,0.024115755627009645,C.Keenum,2.0,93.0,3.576923076923077,214.9,2018,105.48
C.Kessler,00-0033104,JAX,709.0,8.341176470588236,153.0,2.0,35.0,85.0,2.0,0.5555555555555556,-0.2602120252967451,345.0,4.0588235294117645,0.3299464142058425,-0.2573605147009869,-0.00354088966671243,0.004392594348760107,0,22.0,3.0,3,0.013071895424836602,0.013071895424836602,C.Kessler,0.0,123.0,6.473684210526316,38.66,2018,
C.McCoy,00-0027688,WAS,372.0,10.941176470588236,60.0,3.0,17.0,34.0,3.0,0.5666666666666667,-0.09936210444093004,151.0,4.4411764705882355,0.581637829888048,-0.5396814648137294,0.000630268973282469,-0.0005994670805533365,0,6.0,0.0,0,0.05,0.05,C.McCoy,0.0,63.0,6.3,27.180000000000003,2018,0.8799999999999999
C.Newton,00-0027939,CAR,3395.0,10.609375,504.0,24.0,180.0,320.0,13.0,0.6349206349206349,0.05425207453175348,1743.0,5.446875,0.3843070494636838,-0.22625364431795925,0.000490811556988794,0.002107654168846207,2,29.0,1.0,0,0.047619047619047616,0.025793650793650792,C.Newton,4.0,488.0,4.8316831683168315,282.6,2018,20.68
C.Wentz,00-0032950,PHI,3074.0,11.017921146953405,433.0,21.0,159.0,279.0,7.0,0.6443418013856813,0.08606257475532704,1392.0,4.989247311827957,0.4499012517408303,-0.18666616688852328,0.003340478059101702,0.004770812516161657,1,31.0,6.0,6,0.04849884526558892,0.016166281755196306,0,0.0,0.0,0.0,182.95999999999998,2018,281.86
D.Anderson,00-0023645,BUF,465.0,11.071428571428571,75.0,0.0,22.0,42.0,4.0,0.56,-0.581405949536514,174.0,4.142857142857143,0.41561918879867443,-0.8057921973218048,0.0020315898158254912,-0.00620096281842717,0,5.0,3.0,2,0.0,0.05333333333333334,D.Anderson,0.0,-1.0,-1.0,6.500000000000002,2018,
D.Brees,00-0020531,NO,3992.0,10.967032967032967,508.0,32.0,199.0,364.0,5.0,0.7165354330708661,0.2717148312754765,1827.0,5.019230769230769,0.2896369719464344,0.05316326370028031,-0.00015002987308461305,0.008935903556724996,1,17.0,5.0,1,0.06299212598425197,0.00984251968503937,D.Brees,4.0,22.0,0.7096774193548387,303.88,2018,224.76
D.Carr,00-0031280,LV,4049.0,10.627296587926509,605.0,19.0,197.0,381.0,10.0,0.6297520661157024,-0.007593220973154737,1994.0,5.233595800524935,0.32080731391453865,-0.153674785028333,0.005033103245539707,0.0013115071967517253,1,51.0,8.0,7,0.03140495867768595,0.01652892561983471,D.Carr,1.0,47.0,1.9583333333333333,216.66,2018,250.35999999999999
D.Kizer,00-0033899,GB,187.0,9.35,46.0,0.0,8.0,20.0,2.0,0.43478260869565216,-0.5850775783790435,63.0,3.15,0.668538193564817,-1.1072732147507982,0.0008880410615990821,-0.0017232520097591173,0,4.0,1.0,1,0.0,0.043478260869565216,D.Kizer,0.0,39.0,7.8,5.380000000000001,2018,
D.Prescott,00-0033077,DAL,3885.0,10.912921348314606,583.0,22.0,184.0,356.0,8.0,0.6106346483704974,0.02734634505324813,1892.0,5.314606741573034,0.3995819998005501,-0.19941383681103847,0.002432589836293585,0.007250457960429108,1,56.0,7.0,5,0.03773584905660377,0.0137221269296741,D.Prescott,6.0,305.0,4.066666666666666,285.9,2018,335.78000000000003
D.Watson,00-0033537,HOU,4165.0,12.072463768115941,568.0,26.0,202.0,345.0,9.0,0.6073943661971831,0.08202815026978919,1753.0,5.081159420289855,0.5773536063177381,-0.2820252925029087,0.0036791161378836564,0.00603586088749404,0,62.0,5.0,2,0.045774647887323945,0.01584507042253521,D.Watson,5.0,551.0,5.565656565656566,333.70000000000005,2018,313.38000000000005
E.Manning,00-0022803,NYG,4299.0,11.313157894736841,628.0,21.0,206.0,380.0,11.0,0.6050955414012739,0.035958388348336597,2162.0,5.689473684210526,0.40609216057111125,-0.21501967673656308,0.0022135920030817496,0.00019743978847800927,3,47.0,5.0,4,0.03343949044585987,0.01751592356687898,E.Manning,1.0,20.0,1.3333333333333333,239.96,2018,54.38000000000001
J.Allen,00-0034857,BUF,2044.0,12.166666666666666,348.0,10.0,88.0,168.0,12.0,0.4827586206896552,-0.1302806134397872,913.0,5.434523809523809,0.7394087866990446,-0.7395283740477784,-0.002808765160328828,0.0009680169663428786,1,28.0,2.0,1,0.028735632183908046,0.034482758620689655,0,0.0,0.0,0.0,97.76,2018,223.28
J.Allen,00-0034857,BUF,2044.0,12.166666666666666,348.0,10.0,88.0,168.0,12.0,0.4827586206896552,-0.1302806134397872,913.0,5.434523809523809,0.7394087866990446,-0.7395283740477784,-0.002808765160328828,0.0009680169663428786,1,28.0,2.0,1,0.028735632183908046,0.034482758620689655,0,0.0,0.0,0.0,97.76,2018,175.88
J.Allen,00-0034857,BUF,2044.0,12.166666666666666,348.0,10.0,88.0,168.0,12.0,0.4827586206896552,-0.1302806134397872,913.0,5.434523809523809,0.7394087866990446,-0.7395283740477784,-0.002808765160328828,0.0009680169663428786,1,28.0,2.0,1,0.028735632183908046,0.034482758620689655,0,0.0,0.0,0.0,97.76,2018,124.28
J.Allen,00-0034857,BUF,2044.0,12.166666666666666,348.0,10.0,88.0,168.0,12.0,0.4827586206896552,-0.1302806134397872,913.0,5.434523809523809,0.7394087866990446,-0.7395283740477784,-0.002808765160328828,0.0009680169663428786,1,28.0,2.0,1,0.028735632183908046,0.034482758620689655,0,0.0,0.0,0.0,97.76,2018,76.88
J.Dobbs,00-0033949,PIT,43.0,7.166666666666667,12.0,0.0,2.0,6.0,1.0,0.5,-0.8878440852470993,19.0,3.1666666666666665,-0.022994858542612445,-0.8648492267044882,-0.017350728313128182,-0.0018423249324162963,0,0.0,0.0,0,0.0,0.08333333333333333,J.Dobbs,0.0,11.0,2.75,0.8200000000000001,2018,
J.Driskel,00-0032436,CIN,1003.0,9.552380952380952,195.0,6.0,50.0,105.0,2.0,0.5384615384615384,-0.07744211853203499,506.0,4.819047619047619,0.4020771715508587,-0.3259666050424505,-0.00031496304558957213,-0.0031193639935983373,1,16.0,1.0,1,0.03076923076923077,0.010256410256410256,J.Driskel,2.0,130.0,5.2,85.12,2018,56.5
J.Flacco,00-0026158,BAL,2465.0,10.625,397.0,12.0,122.0,232.0,6.0,0.5843828715365239,0.032169771906620855,1025.0,4.418103448275862,0.5212471886579051,-0.42252783048829223,0.005886530588874137,-0.0038614880556046365,0,16.0,2.0,1,0.030226700251889168,0.015113350125944584,J.Flacco,0.0,45.0,2.3684210526315788,137.1,2018,84.88
J.Garoppolo,00-0031345,SF,718.0,13.547169811320755,103.0,5.0,35.0,53.0,3.0,0.5145631067961165,-0.004700135252347305,368.0,6.943396226415095,0.500540222214624,-0.33266253417827096,0.0016390888669182743,0.00026800663806687694,1,13.0,0.0,0,0.04854368932038835,0.02912621359223301,J.Garoppolo,0.0,33.0,4.125,48.019999999999996,2018,249.32
J.Goff,00-0033106,LA,4688.0,12.87912087912088,597.0,32.0,233.0,364.0,12.0,0.609715242881072,0.19115518970102172,2127.0,5.843406593406593,0.5665247437330045,-0.2395579175497197,0.0016455694113389463,0.00698998246642846,3,33.0,6.0,4,0.05360134003350084,0.020100502512562814,J.Goff,2.0,108.0,2.511627906976744,312.32,2018,249.51999999999998
J.Johnson,00-0026300,WAS,590.0,11.346153846153847,102.0,3.0,29.0,52.0,4.0,0.5098039215686274,-0.0992960770548168,302.0,5.8076923076923075,0.4639246593284451,-0.4026421718595411,0.009747726797811787,-0.007791660600339932,2,9.0,0.0,0,0.029411764705882353,0.0392156862745098,J.Johnson,1.0,120.0,5.217391304347826,49.6,2018,
J.McCown,00-0021206,NYJ,539.0,8.983333333333333,117.0,1.0,27.0,60.0,4.0,0.5128205128205128,-0.27681096803888205,308.0,5.133333333333334,0.36028521091232973,-0.5765423470760558,0.008535648140748713,-0.01205095754181279,0,7.0,0.0,0,0.008547008547008548,0.03418803418803419,0,0.0,0.0,0.0,17.56,2018,
J.Rosen,00-0034343,ARI,2278.0,10.497695852534562,439.0,11.0,112.0,217.0,14.0,0.49430523917995445,-0.35297403732385896,974.0,4.488479262672811,0.45638857245025327,-0.6319466121099887,0.007021796773130915,-0.009754975433664008,1,45.0,6.0,5,0.025056947608200455,0.03189066059225513,J.Rosen,0.0,138.0,6.0,112.92,2018,16.68
J.Winston,00-0031503,TB,2992.0,12.262295081967213,408.0,19.0,152.0,244.0,14.0,0.5980392156862745,0.09524832898869315,895.0,3.668032786885246,0.8629963594429652,-0.6216884988506918,0.005288406220149994,0.000679800965712979,0,27.0,3.0,2,0.04656862745098039,0.03431372549019608,J.Winston,1.0,281.0,5.73469387755102,197.78,2018,303.36
K.Allen,00-0030279,LAC,266.0,13.3,32.0,2.0,11.0,20.0,0.0,0.625,0.3596340153148073,92.0,4.6,0.2351082090453629,0.18726660460534458,-0.01550849082553452,0.025436301415245367,0,1.0,0.0,0,0.0625,0.0,K.Allen,1.0,94.0,6.714285714285714,34.04,2018,
K.Cousins,00-0029604,MIN,4298.0,10.112941176470589,651.0,30.0,218.0,425.0,10.0,0.65284178187404,-0.03056472810847573,1947.0,4.581176470588235,0.2957018493489069,-0.18224348445510385,0.00317298113564297,0.001319325456433514,3,40.0,6.0,5,0.04608294930875576,0.015360983102918587,K.Cousins,1.0,120.0,2.727272727272727,285.91999999999996,2018,244.42000000000002
L.Jackson,00-0034796,BAL,1201.0,12.131313131313131,186.0,6.0,60.0,99.0,3.0,0.532258064516129,-0.03845963025137544,510.0,5.151515151515151,0.6173405199994358,-0.46070247922187285,0.002512927162248563,0.003288759866437569,0,16.0,2.0,2,0.03225806451612903,0.016129032258064516,L.Jackson,5.0,695.0,4.727891156462585,161.54,2018,419.67999999999995
M.Barkley,00-0030533,BUF,232.0,15.466666666666667,26.0,2.0,12.0,15.0,0.0,0.5769230769230769,0.5520148036817226,77.0,5.133333333333334,1.0871503232768729,-0.4010027132649691,0.0027655471098477157,0.004240055680274987,0,1.0,0.0,0,0.07692307692307693,0.0,M.Barkley,0.0,-2.0,-0.6666666666666666,17.080000000000002,2018,5.959999999999999
M.Cassel,00-0023662,DET,59.0,8.428571428571429,18.0,0.0,2.0,7.0,1.0,0.3888888888888889,-0.8870544489408423,29.0,4.142857142857143,0.3124201283995611,-1.086295162272804,-2.6608527953019505e-05,-0.0011546937723109832,0,1.0,0.0,0,0.0,0.05555555555555555,M.Cassel,0.0,13.0,6.5,1.66,2018,
M.Glennon,00-0030520,ARI,174.0,11.6,22.0,1.0,8.0,15.0,0.0,0.6818181818181818,0.3973417123250496,84.0,5.6,0.7553847737103098,-0.26614801857448633,-1.0380619815327473e-05,1.4416042090266752e-05,0,1.0,0.0,0,0.045454545454545456,0.0,0,0.0,0.0,0.0,10.96,2018,
M.Mariota,00-0032268,TEN,2528.0,11.087719298245615,374.0,11.0,121.0,228.0,8.0,0.6096256684491979,0.0007400006823554695,1266.0,5.552631578947368,0.46553005134727987,-0.2679429059060496,0.0027641240345973516,0.004990263439900236,0,42.0,3.0,2,0.029411764705882353,0.0213903743315508,M.Mariota,2.0,357.0,5.578125,172.82,2018,85.02000000000001
M.Ryan,00-0026143,ATL,4924.0,11.66824644549763,656.0,35.0,236.0,422.0,7.0,0.6432926829268293,0.1550096450930247,2133.0,5.0545023696682465,0.4456779676115015,-0.12554656461002836,0.005158393190318944,0.0021004556691746014,2,42.0,9.0,5,0.053353658536585365,0.010670731707317074,M.Ryan,3.0,125.0,3.787878787878788,347.46000000000004,2018,269.34
M.Sanchez,00-0026898,WAS,138.0,7.2631578947368425,42.0,0.0,3.0,19.0,3.0,0.4523809523809524,-0.7544661757449953,83.0,4.368421052631579,0.17858150809437814,-0.8197384801064195,4.8003877912248575e-05,-0.01424780014038362,0,7.0,0.0,0,0.0,0.07142857142857142,0,0.0,0.0,0.0,-0.4800000000000004,2018,
M.Stafford,00-0026498,DET,3777.0,10.291553133514986,598.0,21.0,198.0,367.0,11.0,0.6137123745819398,0.003451655918436471,2030.0,5.53133514986376,0.38416537835525044,-0.2440538694554441,0.0021810423886702763,0.001218259237032237,0,40.0,5.0,5,0.03511705685618729,0.01839464882943144,M.Stafford,0.0,71.0,2.84,210.18,2018,168.55999999999997
M.Trubisky,00-0033869,CHI,3223.0,11.152249134948097,462.0,24.0,151.0,289.0,12.0,0.6255411255411255,0.10348202478656335,1404.0,4.858131487889273,0.5023118130975832,-0.30592165106349944,0.003346781871647539,0.000957044014275251,4,24.0,4.0,2,0.05194805194805195,0.025974025974025976,M.Trubisky,3.0,421.0,6.1911764705882355,265.02,2018,202.82
N.Foles,00-0029567,PHI,1413.0,10.02127659574468,205.0,7.0,60.0,141.0,4.0,0.6878048780487804,0.07937982535196855,729.0,5.170212765957447,0.31097950535456054,-0.11524217042016965,0.00720462547477946,-0.0009103378375924268,0,9.0,3.0,2,0.03414634146341464,0.01951219512195122,N.Foles,0.0,17.0,1.8888888888888888,74.22000000000001,2018,37.739999999999995
N.Mullens,00-0033319,SF,2277.0,12.9375,292.0,13.0,106.0,176.0,10.0,0.6027397260273972,0.11017267539057933,1220.0,6.931818181818182,0.3618666497876512,-0.1493598141851864,-0.0001309604027359801,0.003410661814243324,1,17.0,0.0,0,0.04452054794520548,0.03424657534246575,N.Mullens,0.0,-16.0,-0.8888888888888888,123.47999999999999,2018,
N.Peterman,00-0033958,BUF,296.0,6.7272727272727275,89.0,1.0,13.0,44.0,7.0,0.4943820224719101,-0.608708469975139,183.0,4.159090909090909,0.12706913275430048,-0.70125039123987,0.0020676717987877977,0.0020439751171850524,0,7.0,1.0,0,0.011235955056179775,0.07865168539325842,N.Peterman,1.0,50.0,5.0,12.84,2018,
P.Mahomes,00-0033873,KC,5097.0,13.308093994778067,607.0,50.0,237.0,383.0,12.0,0.6309719934102141,0.3483184851633389,2613.0,6.822454308093994,0.5056526963938822,-0.05897407503551487,0.0034177519828738324,0.006828334516994081,0,26.0,5.0,2,0.08237232289950576,0.019769357495881382,P.Mahomes,2.0,272.0,4.533333333333333,415.08,2018,287.04
P.Rivers,00-0022942,LAC,4308.0,12.414985590778098,547.0,32.0,213.0,347.0,12.0,0.6343692870201096,0.23051411135817845,2119.0,6.106628242074928,0.4644793298235517,-0.12420019119429544,0.0037175706116206442,0.0025439678824032744,5,32.0,4.0,1,0.05850091407678245,0.021937842778793418,P.Rivers,0.0,7.0,0.3888888888888889,285.02,2018,237.50000000000003
R.Fitzpatrick,00-0023682,TB,2366.0,14.426829268292684,261.0,17.0,113.0,164.0,12.0,0.6283524904214559,0.1696554722926248,874.0,5.329268292682927,0.6745069494536733,-0.40464790625815866,0.010060902957783188,-0.005513741731161604,1,14.0,4.0,1,0.06513409961685823,0.04597701149425287,R.Fitzpatrick,2.0,152.0,4.222222222222222,165.83999999999997,2018,195.16
R.Tannehill,00-0029701,MIA,1979.0,11.244318181818182,309.0,17.0,92.0,176.0,9.0,0.56957928802589,-0.1867213337158438,1016.0,5.7727272727272725,0.35497418726227703,-0.28829226737950764,0.003261028832739031,-0.00040811009617880526,0,35.0,4.0,3,0.05501618122977346,0.02912621359223301,R.Tannehill,0.0,145.0,4.53125,137.66,2018,222.18
R.Wilson,00-0029263,SEA,3448.0,12.314285714285715,479.0,35.0,156.0,280.0,7.0,0.5845511482254697,0.1347161370351191,1385.0,4.946428571428571,0.678521060108636,-0.32210849798729,0.003924090277589373,0.0072959165695173234,1,51.0,2.0,2,0.07306889352818371,0.014613778705636743,R.Wilson,0.0,376.0,5.611940298507463,299.52,2018,332.59999999999997
S.Bradford,00-0027854,ARI,400.0,8.0,87.0,2.0,16.0,50.0,4.0,0.5747126436781609,-0.3680849595973188,192.0,3.84,0.2867601435864348,-0.5337375945757233,-0.0010472665599536351,0.0008331109843053546,0,6.0,2.0,2,0.022988505747126436,0.04597701149425287,S.Bradford,0.0,7.0,3.5,12.7,2018,
S.Darnold,00-0034869,NYJ,2865.0,11.98744769874477,445.0,17.0,130.0,239.0,15.0,0.5370786516853933,-0.06796693963604067,1278.0,5.347280334728033,0.6292365147910659,-0.5833102304462338,0.006255076805040404,-0.005071475658947879,0,30.0,4.0,1,0.038202247191011236,0.033707865168539325,S.Darnold,1.0,135.0,3.13953488372093,170.1,2018,187.15999999999997
T.Brady,00-0019596,NE,4355.0,11.613333333333333,592.0,29.0,205.0,375.0,11.0,0.6334459459459459,0.1385687531482896,2121.0,5.656,0.47620575919181274,-0.2550927038363805,0.0015765475496813057,0.004766526436292369,0,21.0,4.0,2,0.048986486486486486,0.018581081081081082,T.Brady,2.0,35.0,1.5217391304347827,279.7,2018,263.67999999999995
T.Bridgewater,00-0031237,NO,118.0,8.428571428571429,25.0,1.0,8.0,14.0,1.0,0.56,-0.3312491703359586,53.0,3.7857142857142856,0.45200431527590207,-0.7286658121485707,0.00010725657225323238,-0.0018794273871563993,0,2.0,0.0,0,0.04,0.04,T.Bridgewater,0.0,5.0,0.45454545454545453,7.219999999999999,2018,90.46
T.Heinicke,00-0031800,CAR,320.0,9.142857142857142,59.0,1.0,19.0,35.0,3.0,0.5932203389830508,-0.3702647531731731,151.0,4.314285714285714,0.33982002445918674,-0.6572604112092283,-0.026945621235502037,0.01988677772793123,0,2.0,1.0,0,0.01694915254237288,0.05084745762711865,T.Heinicke,0.0,31.0,6.2,13.9,2018,
T.Taylor,00-0028118,CLE,473.0,11.261904761904763,98.0,2.0,17.0,42.0,2.0,0.42857142857142855,-0.2890405827764709,198.0,4.714285714285714,0.49615705148503964,-0.6365549037353416,0.02430560323929355,-0.029215838337439057,0,13.0,0.0,0,0.02040816326530612,0.02040816326530612,T.Taylor,1.0,125.0,7.8125,41.42,2018,
A.Dalton,00-0027973,CIN,3494.0,11.127388535031848,567.0,16.0,170.0,314.0,14.0,0.5537918871252204,-0.04735922857897028,1547.0,4.926751592356688,0.5443266039059419,-0.4687495818165435,0.001857592529325926,0.0003598698220160225,1,37.0,7.0,5,0.02821869488536155,0.024691358024691357,A.Dalton,4.0,73.0,2.28125,199.06,2019,138.20000000000002
A.McCarron,00-0031288,HOU,225.0,10.714285714285714,42.0,0.0,11.0,21.0,1.0,0.5,-0.19638289886158136,130.0,6.190476190476191,0.3634053453593834,-0.3112252157439499,0.025883297525610593,-0.02185864138457849,0,5.0,0.0,0,0.0,0.023809523809523808,0,0.0,0.0,0.0,7.0,2019,
A.Rodgers,00-0023459,GB,4002.0,11.337110481586402,607.0,26.0,189.0,353.0,4.0,0.5815485996705108,0.0742595314394053,2020.0,5.722379603399434,0.5795832379211481,-0.37933339150320133,0.005724503315185995,0.00019294645559647926,2,36.0,6.0,3,0.042833607907743,0.006589785831960461,A.Rodgers,1.0,183.0,3.9782608695652173,278.38000000000005,2019,384.86
B.Allen,00-0032434,DEN,515.0,13.205128205128204,93.0,3.0,20.0,39.0,2.0,0.41935483870967744,-0.2733683323172278,234.0,6.0,0.4956763383466054,-0.6261533786216431,0.003516678800124534,-0.005747629593212073,0,9.0,1.0,0,0.03225806451612903,0.021505376344086023,B.Allen,0.0,39.0,3.9,32.5,2019,49.7
B.Hoyer,00-0026625,IND,372.0,10.628571428571428,71.0,4.0,22.0,35.0,4.0,0.49295774647887325,-0.38086110701208326,157.0,4.485714285714286,0.5650651772018244,-0.8065033854288381,0.003956704720760535,-0.011702479472318745,0,5.0,1.0,1,0.056338028169014086,0.056338028169014086,B.Hoyer,0.0,2.0,0.25,21.080000000000002,2019,1.2000000000000002
B.Hundley,00-0031589,ARI,49.0,9.8,13.0,0.0,2.0,5.0,0.0,0.38461538461538464,-0.25892717735016507,34.0,6.8,0.6471886003961448,-0.6632083368114938,0.0,0.002577468107285148,0,2.0,0.0,0,0.0,0.0,B.Hundley,0.0,41.0,5.857142857142857,6.06,2019,
B.Mayfield,00-0034855,CLE,3827.0,12.072555205047319,577.0,22.0,179.0,317.0,21.0,0.5493934142114385,-0.03666204202890573,1820.0,5.7413249211356465,0.5652893951005256,-0.47406303442216163,0.002295814326057749,-0.0006180077442489636,1,40.0,4.0,2,0.038128249566724434,0.036395147313691506,B.Mayfield,3.0,141.0,5.035714285714286,229.18,2019,249.02
B.Roethlisberger,00-0022924,PIT,351.0,10.028571428571428,64.0,0.0,14.0,35.0,1.0,0.546875,-0.20897235270644557,193.0,5.514285714285714,0.5560711624575854,-0.7337486259256382,-5.3162192407105016e-05,0.006239604043237771,0,2.0,0.0,0,0.0,0.015625,0,0.0,0.0,0.0,12.04,2019,269.22
C.Daniel,00-0026544,CHI,435.0,9.666666666666666,71.0,3.0,22.0,45.0,2.0,0.6338028169014085,0.06639268866830864,135.0,3.0,0.1942868883579651,-0.011481863857819246,0.012197241679844319,-0.006499817347394447,0,7.0,0.0,0,0.04225352112676056,0.028169014084507043,C.Daniel,0.0,6.0,1.0,26.0,2019,10.56
C.Keenum,00-0028986,WAS,1707.0,10.66875,264.0,11.0,83.0,160.0,5.0,0.6060606060606061,-0.03871093266204054,800.0,5.0,0.32539464167873716,-0.21931444366812508,0.004788944879944903,-0.0034958318799926482,0,15.0,3.0,2,0.041666666666666664,0.01893939393939394,C.Keenum,1.0,12.0,1.3333333333333333,105.48,2019,
C.McCoy,00-0027688,WAS,122.0,6.777777777777778,33.0,0.0,5.0,18.0,1.0,0.5454545454545454,-0.821909787639567,34.0,1.8888888888888888,0.060906944147536,-0.6484431084288563,0.002467964468383734,-0.01842870246764504,0,6.0,1.0,1,0.0,0.030303030303030304,0,0.0,0.0,0.0,0.8799999999999999,2019,18.2
C.Newton,00-0027939,CAR,572.0,11.44,95.0,0.0,29.0,50.0,1.0,0.5263157894736842,-0.12946364739580318,204.0,4.08,0.4251216256813102,-0.4688758546951842,0.00032252979210831693,0.0002389948984438722,0,6.0,1.0,0,0.0,0.010526315789473684,C.Newton,0.0,-2.0,-0.4,20.68,2019,251.48000000000002
C.Wentz,00-0032950,PHI,4039.0,10.40979381443299,647.0,27.0,213.0,388.0,7.0,0.5996908809891809,0.03102641566977823,1805.0,4.652061855670103,0.4628561044321522,-0.32211223605204575,0.0026665024955508025,0.001072805481219586,2,37.0,8.0,4,0.04173106646058733,0.010819165378670788,C.Wentz,1.0,243.0,3.9193548387096775,281.86,2019,200.4
D.Blough,00-0035040,DET,984.0,10.46808510638298,188.0,4.0,47.0,94.0,6.0,0.5,-0.25687466828891264,329.0,3.5,0.5264759018576314,-0.6731055639450518,0.0017275902966085242,-0.0025607186250746314,0,14.0,1.0,0,0.02127659574468085,0.031914893617021274,D.Blough,0.0,31.0,3.875,46.46,2019,-0.040000000000000036
D.Brees,00-0020531,NO,2979.0,10.601423487544483,391.0,27.0,159.0,281.0,4.0,0.7186700767263428,0.23746439199323904,1495.0,5.320284697508897,0.247674010766018,0.06146794271361649,0.0034157619636180658,0.005737712975699343,0,12.0,0.0,0,0.06905370843989769,0.010230179028132993,D.Brees,1.0,-4.0,-0.4444444444444444,224.76,2019,207.48000000000002
D.Carr,00-0031280,LV,4054.0,11.229916897506925,543.0,21.0,191.0,361.0,8.0,0.6648250460405156,0.14593356323925402,2126.0,5.889196675900277,0.32475637048222045,-0.07822216170266495,0.0007304988417460907,0.007798919639265275,0,29.0,3.0,0,0.03867403314917127,0.014732965009208104,D.Carr,2.0,82.0,3.037037037037037,250.35999999999999,2019,272.12
D.Haskins,00-0035232,WAS,1365.0,11.470588235294118,235.0,7.0,65.0,119.0,7.0,0.5063829787234042,-0.22225913170169645,615.0,5.168067226890757,0.5662205238643739,-0.539191705250039,0.008641546742762157,-0.006888569723414179,1,29.0,2.0,2,0.029787234042553193,0.029787234042553193,D.Haskins,0.0,101.0,5.05,76.69999999999999,2019,68.16
D.Hodges,00-0035577,PIT,1063.0,10.63,175.0,5.0,51.0,100.0,8.0,0.5714285714285714,-0.15818896880069505,574.0,5.74,0.23237081612405747,-0.2484829897953622,-0.00015206080920547837,-0.0009506790128233425,0,15.0,2.0,1,0.02857142857142857,0.045714285714285714,D.Hodges,0.0,68.0,3.238095238095238,51.32,2019,
D.Jones,00-0035710,NYG,3027.0,10.658450704225352,500.0,24.0,140.0,284.0,12.0,0.568,-0.09157134482605156,1390.0,4.894366197183099,0.4718648003526939,-0.3735060479577117,0.004681206702091432,-0.0006752418076494799,2,38.0,10.0,8,0.048,0.024,D.Jones,2.0,279.0,6.2,220.98,2019,184.01999999999998
D.Lock,00-0035704,DEN,1020.0,10.2,161.0,7.0,54.0,100.0,3.0,0.6211180124223602,0.08524799652882227,550.0,5.5,0.3743842211053492,-0.24159028895788945,0.002600594547166398,0.000363338699646074,0,5.0,0.0,0,0.043478260869565216,0.018633540372670808,D.Lock,0.0,72.0,4.0,70.0,2019,181.32
D.Prescott,00-0033077,DAL,4902.0,12.6340206185567,621.0,30.0,229.0,388.0,11.0,0.6247987117552335,0.18506072634364393,1880.0,4.845360824742268,0.6436309077590525,-0.36965144195934224,0.0031387859409183817,0.0014432354750560335,1,23.0,4.0,3,0.04830917874396135,0.017713365539452495,D.Prescott,3.0,277.0,5.326923076923077,335.78000000000003,2019,125.53999999999999
D.Watson,00-0033537,HOU,3852.0,11.567567567567568,540.0,26.0,191.0,333.0,12.0,0.6166666666666667,0.12000246070113792,1672.0,5.021021021021021,0.597988142650216,-0.3356116492972705,0.001069490704497531,0.006998698872372619,1,44.0,3.0,3,0.04814814814814815,0.022222222222222223,D.Watson,7.0,413.0,5.036585365853658,313.38000000000005,2019,371.31999999999994
E.Manning,00-0022803,NYG,1042.0,11.45054945054945,152.0,6.0,47.0,91.0,5.0,0.5986842105263158,-0.04592309098531701,417.0,4.582417582417582,0.4658420340959489,-0.4371294252314713,0.0022047275933478627,-0.0035043077392662887,0,5.0,1.0,1,0.039473684210526314,0.03289473684210526,E.Manning,0.0,7.0,1.75,54.38000000000001,2019,
G.Minshew,00-0035289,JAX,1442.0,11.629032258064516,209.0,9.0,67.0,124.0,2.0,0.5933014354066986,-0.0278216295744343,661.0,5.330645161290323,0.4644077296514897,-0.3085459972383276,0.0019007712073814314,0.00223828527677861,0,14.0,4.0,3,0.0430622009569378,0.009569377990430622,G.Minshew,0.0,125.0,5.9523809523809526,96.18,2019,53.480000000000004
G.Minshew,00-0035289,JAX,1442.0,11.629032258064516,209.0,9.0,67.0,124.0,2.0,0.5933014354066986,-0.0278216295744343,661.0,5.330645161290323,0.4644077296514897,-0.3085459972383276,0.0019007712073814314,0.00223828527677861,0,14.0,4.0,3,0.0430622009569378,0.009569377990430622,G.Minshew,0.0,125.0,5.9523809523809526,96.18,2019,62.78
G.Minshew,00-0035289,JAX,1442.0,11.629032258064516,209.0,9.0,67.0,124.0,2.0,0.5933014354066986,-0.0278216295744343,661.0,5.330645161290323,0.4644077296514897,-0.3085459972383276,0.0019007712073814314,0.00223828527677861,0,14.0,4.0,3,0.0430622009569378,0.009569377990430622,G.Minshew,0.0,125.0,5.9523809523809526,96.18,2019,96.88
G.Minshew,00-0035289,JAX,1442.0,11.629032258064516,209.0,9.0,67.0,124.0,2.0,0.5933014354066986,-0.0278216295744343,661.0,5.330645161290323,0.4644077296514897,-0.3085459972383276,0.0019007712073814314,0.00223828527677861,0,14.0,4.0,3,0.0430622009569378,0.009569377990430622,G.Minshew,0.0,125.0,5.9523809523809526,96.18,2019,106.17999999999999
G.Minshew,00-0035289,JAX,1442.0,11.629032258064516,209.0,9.0,67.0,124.0,2.0,0.5933014354066986,-0.0278216295744343,661.0,5.330645161290323,0.4644077296514897,-0.3085459972383276,0.0019007712073814314,0.00223828527677861,0,14.0,4.0,3,0.0430622009569378,0.009569377990430622,G.Minshew II,0.0,219.0,4.760869565217392,105.58000000000001,2019,53.480000000000004
G.Minshew,00-0035289,JAX,1442.0,11.629032258064516,209.0,9.0,67.0,124.0,2.0,0.5933014354066986,-0.0278216295744343,661.0,5.330645161290323,0.4644077296514897,-0.3085459972383276,0.0019007712073814314,0.00223828527677861,0,14.0,4.0,3,0.0430622009569378,0.009569377990430622,G.Minshew II,0.0,219.0,4.760869565217392,105.58000000000001,2019,62.78
G.Minshew,00-0035289,JAX,1442.0,11.629032258064516,209.0,9.0,67.0,124.0,2.0,0.5933014354066986,-0.0278216295744343,661.0,5.330645161290323,0.4644077296514897,-0.3085459972383276,0.0019007712073814314,0.00223828527677861,0,14.0,4.0,3,0.0430622009569378,0.009569377990430622,G.Minshew II,0.0,219.0,4.760869565217392,105.58000000000001,2019,96.88
G.Minshew,00-0035289,JAX,1442.0,11.629032258064516,209.0,9.0,67.0,124.0,2.0,0.5933014354066986,-0.0278216295744343,661.0,5.330645161290323,0.4644077296514897,-0.3085459972383276,0.0019007712073814314,0.00223828527677861,0,14.0,4.0,3,0.0430622009569378,0.009569377990430622,G.Minshew II,0.0,219.0,4.760869565217392,105.58000000000001,2019,106.17999999999999
G.Minshew II,00-0035289,JAX,1829.0,11.360248447204969,299.0,12.0,83.0,161.0,4.0,0.5384615384615384,-0.036059533560827764,869.0,5.39751552795031,0.3147211214578288,-0.2573564501431075,0.004617508594278343,0.00015183626381704688,3,19.0,2.0,2,0.04013377926421405,0.013377926421404682,G.Minshew,0.0,125.0,5.9523809523809526,127.66,2019,53.480000000000004
G.Minshew II,00-0035289,JAX,1829.0,11.360248447204969,299.0,12.0,83.0,161.0,4.0,0.5384615384615384,-0.036059533560827764,869.0,5.39751552795031,0.3147211214578288,-0.2573564501431075,0.004617508594278343,0.00015183626381704688,3,19.0,2.0,2,0.04013377926421405,0.013377926421404682,G.Minshew,0.0,125.0,5.9523809523809526,127.66,2019,62.78
G.Minshew II,00-0035289,JAX,1829.0,11.360248447204969,299.0,12.0,83.0,161.0,4.0,0.5384615384615384,-0.036059533560827764,869.0,5.39751552795031,0.3147211214578288,-0.2573564501431075,0.004617508594278343,0.00015183626381704688,3,19.0,2.0,2,0.04013377926421405,0.013377926421404682,G.Minshew,0.0,125.0,5.9523809523809526,127.66,2019,96.88
G.Minshew II,00-0035289,JAX,1829.0,11.360248447204969,299.0,12.0,83.0,161.0,4.0,0.5384615384615384,-0.036059533560827764,869.0,5.39751552795031,0.3147211214578288,-0.2573564501431075,0.004617508594278343,0.00015183626381704688,3,19.0,2.0,2,0.04013377926421405,0.013377926421404682,G.Minshew,0.0,125.0,5.9523809523809526,127.66,2019,106.17999999999999
G.Minshew II,00-0035289,JAX,1829.0,11.360248447204969,299.0,12.0,83.0,161.0,4.0,0.5384615384615384,-0.036059533560827764,869.0,5.39751552795031,0.3147211214578288,-0.2573564501431075,0.004617508594278343,0.00015183626381704688,3,19.0,2.0,2,0.04013377926421405,0.013377926421404682,G.Minshew II,0.0,219.0,4.760869565217392,137.06,2019,53.480000000000004
G.Minshew II,00-0035289,JAX,1829.0,11.360248447204969,299.0,12.0,83.0,161.0,4.0,0.5384615384615384,-0.036059533560827764,869.0,5.39751552795031,0.3147211214578288,-0.2573564501431075,0.004617508594278343,0.00015183626381704688,3,19.0,2.0,2,0.04013377926421405,0.013377926421404682,G.Minshew II,0.0,219.0,4.760869565217392,137.06,2019,62.78
G.Minshew II,00-0035289,JAX,1829.0,11.360248447204969,299.0,12.0,83.0,161.0,4.0,0.5384615384615384,-0.036059533560827764,869.0,5.39751552795031,0.3147211214578288,-0.2573564501431075,0.004617508594278343,0.00015183626381704688,3,19.0,2.0,2,0.04013377926421405,0.013377926421404682,G.Minshew II,0.0,219.0,4.760869565217392,137.06,2019,96.88
G.Minshew II,00-0035289,JAX,1829.0,11.360248447204969,299.0,12.0,83.0,161.0,4.0,0.5384615384615384,-0.036059533560827764,869.0,5.39751552795031,0.3147211214578288,-0.2573564501431075,0.004617508594278343,0.00015183626381704688,3,19.0,2.0,2,0.04013377926421405,0.013377926421404682,G.Minshew II,0.0,219.0,4.760869565217392,137.06,2019,106.17999999999999
J.Allen,00-0034857,BUF,2407.0,11.24766355140187,404.0,16.0,115.0,214.0,9.0,0.5297029702970297,-0.07191911730838103,1058.0,4.94392523364486,0.615327228833402,-0.5427627174377546,0.0029839530271419373,0.0008659929469612763,2,35.0,2.0,2,0.039603960396039604,0.022277227722772276,J.Allen,6.0,450.0,4.591836734693878,223.28,2019,395.86
J.Allen,00-0034857,BUF,2407.0,11.24766355140187,404.0,16.0,115.0,214.0,9.0,0.5297029702970297,-0.07191911730838103,1058.0,4.94392523364486,0.615327228833402,-0.5427627174377546,0.0029839530271419373,0.0008659929469612763,2,35.0,2.0,2,0.039603960396039604,0.022277227722772276,Jos.Allen,4.0,96.0,4.571428571428571,175.88,2019,395.86
J.Brissett,00-0033119,IND,2942.0,10.816176470588236,475.0,18.0,143.0,272.0,6.0,0.5726315789473684,0.00038025861883529,1519.0,5.584558823529412,0.4702965890954279,-0.3555868811597772,0.0012219003649568373,0.002211836464214252,1,27.0,6.0,3,0.037894736842105266,0.01263157894736842,J.Brissett,4.0,228.0,4.071428571428571,220.48000000000002,2019,
J.Driskel,00-0032436,DET,685.0,11.048387096774194,117.0,4.0,31.0,62.0,4.0,0.5299145299145299,-0.08126406156497601,290.0,4.67741935483871,0.4947697014801626,-0.4346869480048662,0.0030479570377912476,-0.004430984665206765,0,11.0,0.0,0,0.03418803418803419,0.03418803418803419,J.Driskel,1.0,151.0,6.863636363636363,56.5,2019,30.080000000000002
J.Flacco,00-0026158,DEN,1822.0,10.654970760233919,289.0,6.0,86.0,171.0,5.0,0.5916955017301038,-0.0958647436112213,907.0,5.304093567251462,0.24684749597938174,-0.1479162620057585,0.005757201177245037,-0.002050030237256734,1,26.0,4.0,3,0.020761245674740483,0.01730103806228374,J.Flacco,0.0,20.0,1.6666666666666667,84.88,2019,54.760000000000005
J.Garoppolo,00-0031345,SF,3978.0,12.091185410334347,516.0,27.0,193.0,329.0,13.0,0.6375968992248062,0.15536354222569185,2159.0,6.562310030395137,0.34194665533491236,-0.014171329103621176,0.006019520067085836,0.003170744105298285,2,36.0,5.0,4,0.05232558139534884,0.025193798449612403,J.Garoppolo,1.0,62.0,1.3478260869565217,249.32,2019,64.34
J.Goff,00-0033106,LA,4638.0,11.771573604060913,650.0,22.0,220.0,394.0,16.0,0.6061538461538462,0.09368884674092852,2244.0,5.695431472081219,0.42905824355245775,-0.24343263870358686,0.004947546543408827,-0.00044459354382518315,0,22.0,4.0,4,0.033846153846153845,0.024615384615384615,J.Goff,2.0,40.0,1.2121212121212122,249.51999999999998,2019,241.98000000000002
J.Rosen,00-0034343,MIA,567.0,9.775862068965518,125.0,1.0,26.0,58.0,5.0,0.464,-0.3957210646203105,319.0,5.5,0.3421744679060543,-0.5765637542171986,0.03675592288552728,-0.03747958968638066,0,16.0,0.0,0,0.008,0.04,0,0.0,0.0,0.0,16.68,2019,
J.Winston,00-0031503,TB,5109.0,13.444736842105263,676.0,33.0,243.0,380.0,30.0,0.5621301775147929,0.05144997852590128,1885.0,4.9605263157894735,0.7888402675848856,-0.5994016017047097,0.005419550217182832,-0.002023806001111855,2,47.0,7.0,4,0.04881656804733728,0.04437869822485207,J.Winston,1.0,250.0,4.237288135593221,303.36,2019,2.4
Jos.Allen,00-0034857,BUF,682.0,11.964912280701755,97.0,4.0,31.0,57.0,0.0,0.5876288659793815,0.1752947559652439,282.0,4.947368421052632,0.724504153556913,-0.49127693609243195,0.0011970193319812525,0.002615316915755994,0,3.0,0.0,0,0.041237113402061855,0.0,J.Allen,6.0,450.0,4.591836734693878,124.28,2019,395.86
Jos.Allen,00-0034857,BUF,682.0,11.964912280701755,97.0,4.0,31.0,57.0,0.0,0.5876288659793815,0.1752947559652439,282.0,4.947368421052632,0.724504153556913,-0.49127693609243195,0.0011970193319812525,0.002615316915755994,0,3.0,0.0,0,0.041237113402061855,0.0,Jos.Allen,4.0,96.0,4.571428571428571,76.88,2019,395.86
K.Allen,00-0034577,CAR,3322.0,10.963696369636963,537.0,17.0,188.0,303.0,16.0,0.5642458100558659,-0.05592626130026062,1647.0,5.435643564356436,0.47058030165605425,-0.3329981571494942,0.0017278652695511185,0.0021245412549873266,0,46.0,6.0,6,0.03165735567970205,0.0297951582867784,K.Allen,2.0,122.0,3.4857142857142858,181.07999999999998,2019,44.9
K.Cousins,00-0029604,MIN,3603.0,11.73615635179153,475.0,26.0,165.0,307.0,6.0,0.6463157894736842,0.16011685932814937,1785.0,5.814332247557004,0.3897931388846335,-0.08790949665170368,0.0025288716970687775,0.004262293391087519,1,28.0,6.0,3,0.05473684210526316,0.01263157894736842,K.Cousins,1.0,63.0,2.032258064516129,244.42000000000002,2019,286.6
K.Murray,00-0035228,ARI,3722.0,10.664756446991404,593.0,20.0,173.0,349.0,12.0,0.5885328836424958,-0.01749941346074775,1846.0,5.289398280802292,0.37151585858407427,-0.26770687442196833,0.003965946329575672,0.00030654428681325106,3,48.0,4.0,0,0.03372681281618887,0.02023608768971332,K.Murray,4.0,544.0,5.849462365591398,289.28,2019,378.74
L.Falk,00-0034412,NYJ,416.0,8.851063829787234,90.0,0.0,15.0,47.0,3.0,0.5222222222222223,-0.6816198016470387,264.0,5.617021276595745,-0.04263816557964948,-0.38279224011840207,0.01598016616221748,-0.020325987218175696,0,16.0,2.0,1,0.0,0.03333333333333333,0,0.0,0.0,0.0,8.64,2019,
L.Jackson,00-0034796,BAL,3127.0,11.8,425.0,36.0,161.0,265.0,6.0,0.6235294117647059,0.32892515825321633,1360.0,5.132075471698113,0.6613710766885944,-0.24514760310132733,0.003079726399518591,0.0026726291752926495,0,23.0,1.0,0,0.08470588235294117,0.01411764705882353,L.Jackson,7.0,1206.0,6.8522727272727275,419.67999999999995,2019,334.78
M.Barkley,00-0030533,BUF,359.0,13.296296296296296,53.0,0.0,15.0,27.0,3.0,0.5094339622641509,-0.195662969523992,156.0,5.777777777777778,0.3500686378311368,-0.43418103759181137,0.005066393837332725,-0.009754320755600909,0,2.0,1.0,1,0.0,0.05660377358490566,M.Barkley,0.0,-4.0,-2.0,5.959999999999999,2019,9.28
M.Mariota,00-0032268,TEN,1203.0,12.663157894736843,185.0,7.0,50.0,95.0,2.0,0.5135135135135135,-0.039575173466178934,604.0,6.3578947368421055,0.3551301919857757,-0.16324396538102134,0.0006878947030972943,0.001289353208243793,0,25.0,0.0,0,0.03783783783783784,0.010810810810810811,M.Mariota,0.0,129.0,5.375,85.02000000000001,2019,25.84
M.Moore,00-0025708,KC,659.0,11.169491525423728,99.0,4.0,35.0,59.0,0.0,0.5959595959595959,0.07069715161816421,287.0,4.864406779661017,0.33786803948912864,-0.14031802985826022,0.00258616142802768,0.0057220751244224256,0,8.0,0.0,0,0.04040404040404041,0.0,M.Moore,0.0,-1.0,-0.2,42.26,2019,
M.Rudolph,00-0034771,PIT,1765.0,10.028409090909092,299.0,13.0,80.0,176.0,9.0,0.5886287625418061,-0.09882890456746497,934.0,5.306818181818182,0.35957454310727127,-0.3871334609541957,0.006137664913727435,-0.0051274720237935376,0,15.0,3.0,0,0.043478260869565216,0.030100334448160536,M.Rudolph,0.0,42.0,2.0,108.8,2019,18.36
M.Ryan,00-0026143,ATL,4466.0,10.946078431372548,669.0,26.0,228.0,408.0,14.0,0.6098654708520179,0.0265105156711562,1626.0,3.985294117647059,0.4695300231318419,-0.2790268119254475,0.004286743694038721,0.0010231594769573985,1,48.0,4.0,4,0.03886397608370702,0.02092675635276532,M.Ryan,1.0,147.0,4.323529411764706,269.34,2019,284.44
M.Schaub,00-0022787,ATL,580.0,11.6,72.0,3.0,30.0,50.0,1.0,0.6944444444444444,0.25844772706370317,266.0,5.32,0.3982839578108935,-0.03525088250548547,0.0005053708721023887,0.0008518466936388498,1,2.0,2.0,1,0.041666666666666664,0.013888888888888888,M.Schaub,0.0,-3.0,-1.0,32.900000000000006,2019,
M.Stafford,00-0026498,DET,2499.0,13.363636363636363,310.0,19.0,117.0,187.0,5.0,0.603225806451613,0.21212030840970234,890.0,4.759358288770054,0.7697349908769099,-0.41277323952411527,0.007548264460035744,0.006846179142900971,0,18.0,3.0,2,0.06129032258064516,0.016129032258064516,M.Stafford,0.0,66.0,3.3,168.55999999999997,2019,260.56
M.Trubisky,00-0033869,CHI,3138.0,9.625766871165645,555.0,17.0,156.0,326.0,10.0,0.5873873873873874,-0.06644813379184397,1403.0,4.303680981595092,0.48006137675864063,-0.41902823413061274,0.004666292788761132,-0.002580029720649508,1,38.0,3.0,2,0.03063063063063063,0.018018018018018018,M.Trubisky,2.0,193.0,4.020833333333333,202.82,2019,153.7
N.Foles,00-0029567,JAX,736.0,9.558441558441558,128.0,3.0,31.0,77.0,2.0,0.6015625,-0.12829799535197287,354.0,4.597402597402597,0.3871660119678299,-0.32135676998870283,0.007198545390805316,-0.00741652475506722,1,8.0,2.0,2,0.0234375,0.015625,N.Foles,0.0,23.0,5.75,37.739999999999995,2019,104.17999999999999
P.Mahomes,00-0033873,KC,4031.0,12.636363636363637,502.0,26.0,176.0,319.0,5.0,0.6354581673306773,0.25216489247510093,1924.0,6.031347962382445,0.511672008944925,-0.1880717728419248,0.0028375780788470854,0.006778780275698656,1,17.0,5.0,2,0.05179282868525897,0.0099601593625498,P.Mahomes,2.0,218.0,5.069767441860465,287.04,2019,376.40000000000003
P.Rivers,00-0022942,LAC,4615.0,11.833333333333334,626.0,23.0,217.0,390.0,20.0,0.6230031948881789,0.09064397234113611,2154.0,5.523076923076923,0.5193968730567887,-0.3110444633584421,0.004076708351545303,0.00018833095003517277,1,34.0,5.0,2,0.036741214057507986,0.03194888178913738,P.Rivers,0.0,29.0,2.4166666666666665,237.50000000000003,2019,239.95999999999998
R.Finley,00-0035652,CIN,474.0,11.560975609756097,98.0,2.0,20.0,41.0,2.0,0.41836734693877553,-0.6049393792184672,203.0,4.951219512195122,0.4509529272186159,-0.790556778824074,0.01211178582575634,-0.02066420326005182,0,11.0,5.0,3,0.02040816326530612,0.02040816326530612,R.Finley,0.0,77.0,7.7,24.66,2019,19.159999999999997
R.Fitzpatrick,00-0023682,MIA,3529.0,11.347266881028938,546.0,20.0,182.0,311.0,13.0,0.5695970695970696,0.006793088584677657,1239.0,3.9839228295819935,0.6241216454482305,-0.4866281395283833,0.005839566943381118,-0.00014082968058315708,1,40.0,5.0,1,0.03663003663003663,0.023809523809523808,0,0.0,0.0,0.0,195.16,2019,150.73999999999998
R.Griffin III,00-0029665,BAL,170.0,10.0,37.0,0.0,5.0,17.0,2.0,0.4594594594594595,-0.24988885570973562,67.0,3.9411764705882355,0.2304869147374127,-0.36863997318713204,-0.0014027412980794794,0.0022109291319338835,0,5.0,0.0,0,0.0,0.05405405405405406,R.Griffin,0.0,8.0,1.0,3.5999999999999996,2019,4.58
R.Griffin III,00-0029665,BAL,170.0,10.0,37.0,0.0,5.0,17.0,2.0,0.4594594594594595,-0.24988885570973562,67.0,3.9411764705882355,0.2304869147374127,-0.36863997318713204,-0.0014027412980794794,0.0022109291319338835,0,5.0,0.0,0,0.0,0.05405405405405406,R.Griffin III,0.0,52.0,3.25,8.0,2019,4.58
R.Tannehill,00-0029701,TEN,2742.0,13.64179104477612,318.0,22.0,126.0,201.0,6.0,0.6320754716981132,0.17609173132325026,1224.0,6.08955223880597,0.6652266907139683,-0.24622539060233406,0.005137977162869369,0.005612919350664243,0,31.0,4.0,3,0.06918238993710692,0.018867924528301886,R.Tannehill,4.0,185.0,4.3023255813953485,222.18,2019,337.36
R.Wilson,00-0029263,SEA,4110.0,12.052785923753666,566.0,31.0,190.0,341.0,5.0,0.6024734982332155,0.09467964994210637,1723.0,5.052785923753666,0.7672580585782182,-0.5072756898646279,0.004149392839372573,0.0040746581272732675,1,48.0,7.0,0,0.054770318021201414,0.0088339222614841,R.Wilson,3.0,342.0,4.56,332.59999999999997,2019,363.78000000000003
S.Darnold,00-0034869,NYJ,3024.0,11.076923076923077,477.0,19.0,147.0,273.0,13.0,0.5723270440251572,-0.029984736638212214,1478.0,5.413919413919414,0.5395415957460492,-0.4478640239070601,0.0017595464513027806,3.330527274812344e-05,3,33.0,4.0,4,0.039832285115303984,0.027253668763102725,S.Darnold,2.0,62.0,1.878787878787879,187.15999999999997,2019,132.01999999999998
S.Mannion,00-0032245,MIN,126.0,10.5,21.0,0.0,6.0,12.0,2.0,0.5714285714285714,-0.19337600201518873,66.0,5.5,-0.2144894054065278,0.0211134033913403,-0.008788824081420914,-0.00922939110369908,0,0.0,0.0,0,0.0,0.09523809523809523,S.Mannion,0.0,-5.0,-0.8333333333333334,0.54,2019,
T.Brady,00-0019596,NE,4057.0,10.876675603217159,642.0,24.0,193.0,373.0,8.0,0.5809968847352025,0.02180246601312609,1863.0,4.994638069705094,0.4025819854063961,-0.29799955070215256,-0.00022588372623145298,0.001069126651944624,1,27.0,4.0,1,0.037383177570093455,0.012461059190031152,T.Brady,3.0,34.0,1.3076923076923077,263.67999999999995,2019,339.92
T.Bridgewater,00-0031237,NO,1384.0,10.406015037593985,208.0,9.0,67.0,133.0,2.0,0.6394230769230769,0.11517232412727073,748.0,5.62406015037594,0.16155484617730514,0.05762836172931575,-0.007594046066311816,0.01357842515066343,0,12.0,0.0,0,0.04326923076923077,0.009615384615384616,T.Bridgewater,0.0,31.0,1.1071428571428572,90.46,2019,243.22
W.Grier,00-0035251,CAR,228.0,8.142857142857142,58.0,0.0,12.0,28.0,4.0,0.4827586206896552,-0.4858505307675146,179.0,6.392857142857143,0.47769297364552915,-0.7612804915044584,0.0005095833196089827,-0.006384961172595817,0,6.0,0.0,0,0.0,0.06896551724137931,W.Grier,0.0,22.0,3.142857142857143,3.3199999999999994,2019,
A.Dalton,00-0027973,DAL,2170.0,10.046296296296296,357.0,14.0,116.0,216.0,8.0,0.6050420168067226,-0.04259713221427847,1043.0,4.828703703703703,0.41766051358643663,-0.34725009672754037,0.00173673163156912,0.000392077434820822,0,24.0,1.0,0,0.0392156862745098,0.022408963585434174,A.Dalton,0.0,114.0,4.071428571428571,138.20000000000002,2020,84.19999999999999
A.Rodgers,00-0023459,GB,4299.0,11.556451612903226,546.0,48.0,216.0,372.0,5.0,0.6813186813186813,0.3218827682600298,2248.0,6.043010752688172,0.4601297885143125,-0.06270369002383948,0.002241610472411968,0.006085432794918025,0,20.0,3.0,1,0.08791208791208792,0.009157509157509158,A.Rodgers,3.0,149.0,3.9210526315789473,384.86,2020,178.24
A.Rodgers,00-0023459,GB,4299.0,11.556451612903226,546.0,48.0,216.0,372.0,5.0,0.6813186813186813,0.3218827682600298,2248.0,6.043010752688172,0.4601297885143125,-0.06270369002383948,0.002241610472411968,0.006085432794918025,0,20.0,3.0,1,0.08791208791208792,0.009157509157509158,A.Rodgers,3.0,149.0,3.9210526315789473,384.86,2020,183.54
A.Rodgers,00-0023459,GB,4299.0,11.556451612903226,546.0,48.0,216.0,372.0,5.0,0.6813186813186813,0.3218827682600298,2248.0,6.043010752688172,0.4601297885143125,-0.06270369002383948,0.002241610472411968,0.006085432794918025,0,20.0,3.0,1,0.08791208791208792,0.009157509157509158,A.Rodgers,3.0,149.0,3.9210526315789473,384.86,2020,149.16
A.Rodgers,00-0023459,GB,4299.0,11.556451612903226,546.0,48.0,216.0,372.0,5.0,0.6813186813186813,0.3218827682600298,2248.0,6.043010752688172,0.4601297885143125,-0.06270369002383948,0.002241610472411968,0.006085432794918025,0,20.0,3.0,1,0.08791208791208792,0.009157509157509158,A.Rodgers,3.0,149.0,3.9210526315789473,384.86,2020,154.45999999999998
A.Smith,00-0023436,WAS,1582.0,9.416666666666666,274.0,6.0,74.0,168.0,8.0,0.6131386861313869,-0.13522201473040285,949.0,5.648809523809524,-0.016300085064435463,0.009477364397159219,0.004422387534601356,-0.007494155652830609,0,22.0,1.0,0,0.021897810218978103,0.029197080291970802,A.Smith,0.0,3.0,0.3,71.58,2020,
B.Allen,00-0032434,CIN,925.0,10.277777777777779,149.0,5.0,42.0,90.0,4.0,0.6040268456375839,-0.0982157960107811,557.0,6.188888888888889,0.32278489469653837,-0.330011874584032,0.002817761380248336,0.0006547153235675219,0,7.0,2.0,1,0.03355704697986577,0.026845637583892617,B.Allen,0.0,27.0,2.076923076923077,49.7,2020,13.860000000000001
B.DiNucci,00-0036384,DAL,219.0,9.521739130434783,50.0,0.0,11.0,23.0,0.0,0.46,-0.5515521509242091,134.0,5.826086956521739,0.548581395055711,-0.6289450508409131,0.0001922555245636498,-0.00024326003455956037,0,7.0,2.0,2,0.0,0.0,B.DiNucci,0.0,22.0,3.6666666666666665,6.96,2020,
B.Gabbert,00-0027948,TB,143.0,15.88888888888889,17.0,2.0,5.0,9.0,0.0,0.5294117647058824,-0.034736798383619864,80.0,8.88888888888889,0.21374336397275312,-0.14658157786371526,0.0,-0.00012963292738277078,0,1.0,0.0,0,0.11764705882352941,0.0,B.Gabbert,0.0,16.0,1.7777777777777777,15.319999999999999,2020,1.9800000000000002
B.Hoyer,00-0026625,NE,130.0,8.666666666666666,26.0,0.0,8.0,15.0,1.0,0.5769230769230769,-0.35567868272848546,56.0,3.7333333333333334,0.5708224903028164,-0.6509164236646825,0.0032187203566233294,-0.0010089911520481335,0,2.0,1.0,1,0.0,0.038461538461538464,0,0.0,0.0,0.0,1.2000000000000002,2020,12.28
B.Mayfield,00-0034855,CLE,3563.0,11.681967213114755,513.0,26.0,188.0,305.0,8.0,0.594541910331384,0.1535075258819455,1361.0,4.462295081967213,0.6352014924925791,-0.3697165369717078,0.0037829307728444485,0.0049848239389751105,1,26.0,5.0,3,0.050682261208576995,0.015594541910331383,B.Mayfield,1.0,165.0,3.0555555555555554,249.02,2020,177.8
B.Roethlisberger,00-0022924,PIT,3803.0,9.531328320802006,625.0,33.0,193.0,399.0,10.0,0.6384,0.07231567272990942,1942.0,4.867167919799499,0.2889984461253179,-0.17981097886444966,0.0019004537810508135,0.0011043913718931553,2,13.0,3.0,0,0.0528,0.016,B.Roethlisberger,0.0,11.0,0.44,269.22,2020,218.1
B.Rypien,00-0034955,DEN,295.0,10.925925925925926,41.0,2.0,12.0,27.0,4.0,0.6585365853658537,-0.04111202100537598,82.0,3.037037037037037,0.5368550832194166,-0.5608350436876227,0.00420009339576727,-0.0062847206897537755,0,1.0,0.0,0,0.04878048780487805,0.0975609756097561,B.Rypien,0.0,-5.0,-1.0,11.3,2020,
C.Beathard,00-0033936,SF,787.0,11.924242424242424,114.0,6.0,42.0,66.0,0.0,0.5789473684210527,0.080861389774363,344.0,5.212121212121212,0.5050549199706555,-0.19554168766670016,0.0008941435000965621,0.004677969398307116,0,9.0,3.0,3,0.05263157894736842,0.0,C.Beathard,0.0,28.0,4.666666666666667,52.28,2020,
C.Daniel,00-0026544,DET,264.0,9.10344827586207,46.0,1.0,14.0,29.0,2.0,0.6304347826086957,-0.3251513372080135,119.0,4.103448275862069,0.0840277509012681,-0.3074669363169399,0.0006905564434510214,-0.0033827814498051368,0,3.0,0.0,0,0.021739130434782608,0.043478260869565216,0,0.0,0.0,0.0,10.56,2020,
C.Henne,00-0026197,KC,248.0,8.857142857142858,40.0,2.0,15.0,28.0,0.0,0.7,0.3489071024385337,200.0,7.142857142857143,-0.007771438153117818,0.4429729361198903,-0.01704251795333111,0.023888523834186538,0,2.0,0.0,0,0.05,0.0,C.Henne,1.0,-2.0,-0.2857142857142857,23.720000000000002,2020,3.28
C.McCoy,00-0027688,NYG,375.0,9.375,72.0,1.0,19.0,40.0,1.0,0.5555555555555556,-0.1195979547406649,127.0,3.175,0.6862199333969111,-0.7245582312235166,0.006580013587319466,-0.008379117490359517,1,5.0,1.0,1,0.013888888888888888,0.013888888888888888,C.McCoy,0.0,12.0,1.3333333333333333,18.2,2020,41.300000000000004
C.Newton,00-0027939,NE,2657.0,10.979338842975206,400.0,8.0,133.0,242.0,10.0,0.605,-0.05527090376401086,1258.0,5.198347107438017,0.24888579478863906,-0.17817252105501294,0.003742223165491648,-0.001332533001165736,1,31.0,3.0,0,0.02,0.025,C.Newton,12.0,592.0,4.321167883211679,251.48000000000002,2020,88.36
C.Streveler,00-0035752,ARI,105.0,9.545454545454545,18.0,1.0,5.0,11.0,1.0,0.6111111111111112,-0.7454502986689053,98.0,8.909090909090908,-0.1461170778038654,-0.5532578670172387,8.55383987072875e-05,-0.025830213660565267,0,2.0,0.0,0,0.05555555555555555,0.05555555555555555,C.Streveler,0.0,15.0,3.75,7.699999999999999,2020,2.04
C.Wentz,00-0032950,PHI,2620.0,10.43824701195219,493.0,16.0,130.0,251.0,15.0,0.5091277890466531,-0.16770858796418203,996.0,3.9681274900398407,0.6482249952479185,-0.6549617038534807,0.011269246973372669,-0.012664423913170976,5,50.0,3.0,3,0.032454361054766734,0.030425963488843813,C.Wentz,5.0,276.0,5.3076923076923075,200.4,2020,260.02
D.Blough,00-0035040,DET,49.0,8.166666666666666,11.0,0.0,1.0,6.0,1.0,0.5454545454545454,-0.8843107592335648,27.0,4.5,0.376125312631483,-1.0484566816710874,0.0,9.679143113316968e-06,0,1.0,0.0,0,0.0,0.09090909090909091,0,0.0,0.0,0.0,-0.040000000000000036,2020,
D.Brees,00-0020531,NO,2942.0,10.698181818181817,404.0,24.0,149.0,275.0,6.0,0.6806930693069307,0.1545432783944968,1478.0,5.374545454545455,0.2661490441883594,-0.018064416752455056,0.0023722034386769496,0.006269712660005311,0,13.0,3.0,3,0.0594059405940594,0.01485148514851485,D.Brees,2.0,-2.0,-0.1111111111111111,207.48000000000002,2020,
D.Carr,00-0031280,LV,4103.0,11.790229885057471,544.0,27.0,193.0,348.0,9.0,0.6397058823529411,0.0768443896190846,1956.0,5.620689655172414,0.4730304298978878,-0.25730915553055583,0.0036391534605236275,0.005492732861152635,1,26.0,11.0,8,0.04963235294117647,0.016544117647058824,D.Carr,3.0,140.0,3.58974358974359,272.12,2020,256.96
D.Haskins,00-0035232,WAS,1439.0,9.722972972972974,262.0,5.0,73.0,148.0,7.0,0.5648854961832062,-0.16930568053364184,865.0,5.844594594594595,0.23364437847618927,-0.21063275658292221,0.002590546826328125,-0.004214351487682308,0,20.0,5.0,3,0.019083969465648856,0.026717557251908396,D.Haskins,1.0,46.0,2.3,68.16,2020,
D.Jones,00-0035710,NYG,2943.0,10.510714285714286,496.0,11.0,158.0,280.0,10.0,0.5645161290322581,-0.07170792121895335,1114.0,3.9785714285714286,0.3870008869852222,-0.2826202170753827,0.00549676133919485,-0.003917553419371579,1,45.0,6.0,4,0.02217741935483871,0.020161290322580645,D.Jones,1.0,423.0,6.507692307692308,184.01999999999998,2020,162.92000000000002
D.Lock,00-0035704,DEN,2933.0,11.547244094488189,466.0,16.0,145.0,254.0,15.0,0.5450643776824035,-0.1034449238741406,1394.0,5.488188976377953,0.5092226020040964,-0.5101741642864084,-0.0023161783935821095,0.0023513599537970478,1,19.0,6.0,3,0.034334763948497854,0.032188841201716736,D.Lock,3.0,160.0,3.6363636363636362,181.32,2020,52.78
D.Prescott,00-0033077,DAL,1856.0,12.291390728476822,234.0,9.0,93.0,151.0,4.0,0.6452991452991453,0.11256099448249096,810.0,5.364238410596027,0.35706710589526025,-0.10354211954685351,0.0008884583881874932,0.00480005968808107,1,10.0,4.0,3,0.038461538461538464,0.017094017094017096,D.Prescott,3.0,93.0,5.166666666666667,125.53999999999999,2020,321.06000000000006
D.Watson,00-0033537,HOU,4823.0,12.62565445026178,597.0,33.0,221.0,382.0,7.0,0.6398659966499163,0.19341649550503762,1949.0,5.102094240837697,0.6409621586788077,-0.28090013734366187,0.003879278286441579,0.0051862952301646404,1,49.0,5.0,2,0.05527638190954774,0.011725293132328308,D.Watson,3.0,444.0,4.933333333333334,371.31999999999994,2020,
G.Gilbert,00-0031395,DAL,243.0,11.571428571428571,40.0,1.0,10.0,21.0,1.0,0.525,-0.22540827573750083,52.0,2.4761904761904763,0.7041205618848295,-0.8025121817210435,-0.0015308109872040193,-0.007373394192876057,0,2.0,1.0,0,0.025,0.025,G.Gilbert,0.0,28.0,9.333333333333334,14.52,2020,7.76
G.Minshew,00-0035289,JAX,787.0,9.962025316455696,117.0,6.0,45.0,79.0,3.0,0.6752136752136753,0.08804639749842283,355.0,4.493670886075949,0.47009842304097244,-0.15118557186564868,0.009921561925171839,-0.003020083479864644,0,10.0,1.0,1,0.05128205128205128,0.02564102564102564,G.Minshew,0.0,60.0,5.0,53.480000000000004,2020,31.660000000000004
G.Minshew,00-0035289,JAX,787.0,9.962025316455696,117.0,6.0,45.0,79.0,3.0,0.6752136752136753,0.08804639749842283,355.0,4.493670886075949,0.47009842304097244,-0.15118557186564868,0.009921561925171839,-0.003020083479864644,0,10.0,1.0,1,0.05128205128205128,0.02564102564102564,G.Minshew II,1.0,93.0,5.470588235294118,62.78,2020,31.660000000000004
G.Minshew II,00-0035289,JAX,1472.0,10.744525547445255,241.0,10.0,72.0,137.0,2.0,0.5684647302904564,0.026886944109406223,661.0,4.824817518248175,0.5722115720920191,-0.3855973367435484,0.0023785754620247648,0.0014175506814765723,1,17.0,3.0,3,0.04149377593360996,0.008298755186721992,G.Minshew,0.0,60.0,5.0,96.88,2020,31.660000000000004
G.Minshew II,00-0035289,JAX,1472.0,10.744525547445255,241.0,10.0,72.0,137.0,2.0,0.5684647302904564,0.026886944109406223,661.0,4.824817518248175,0.5722115720920191,-0.3855973367435484,0.0023785754620247648,0.0014175506814765723,1,17.0,3.0,3,0.04149377593360996,0.008298755186721992,G.Minshew II,1.0,93.0,5.470588235294118,106.17999999999999,2020,31.660000000000004
J.Allen,00-0034857,BUF,4544.0,11.474747474747474,599.0,37.0,228.0,396.0,10.0,0.66110183639399,0.2659447536551581,1871.0,4.724747474747475,0.49713143272968596,-0.14146855481657983,0.004793642256698922,0.003722654232304961,0,26.0,4.0,2,0.06176961602671119,0.01669449081803005,J.Allen,8.0,421.0,4.127450980392157,395.86,2020,365.36
J.Allen,00-0034857,BUF,4544.0,11.474747474747474,599.0,37.0,228.0,396.0,10.0,0.66110183639399,0.2659447536551581,1871.0,4.724747474747475,0.49713143272968596,-0.14146855481657983,0.004793642256698922,0.003722654232304961,0,26.0,4.0,2,0.06176961602671119,0.01669449081803005,J.Allen,8.0,421.0,4.127450980392157,395.86,2020,266.86
J.Allen,00-0034857,BUF,4544.0,11.474747474747474,599.0,37.0,228.0,396.0,10.0,0.66110183639399,0.2659447536551581,1871.0,4.724747474747475,0.49713143272968596,-0.14146855481657983,0.004793642256698922,0.003722654232304961,0,26.0,4.0,2,0.06176961602671119,0.01669449081803005,J.Allen,8.0,421.0,4.127450980392157,395.86,2020,135.72
J.Allen,00-0034857,BUF,4544.0,11.474747474747474,599.0,37.0,228.0,396.0,10.0,0.66110183639399,0.2659447536551581,1871.0,4.724747474747475,0.49713143272968596,-0.14146855481657983,0.004793642256698922,0.003722654232304961,0,26.0,4.0,2,0.06176961602671119,0.01669449081803005,J.Allen,8.0,421.0,4.127450980392157,395.86,2020,37.22
J.Burrow,00-0036442,CIN,2688.0,10.181818181818182,436.0,13.0,150.0,264.0,5.0,0.6055045871559633,0.07761176489405065,1142.0,4.325757575757576,0.6318389562510945,-0.40335031261758303,0.007334486220878445,-0.000621537081252132,0,32.0,5.0,4,0.02981651376146789,0.011467889908256881,J.Burrow,3.0,142.0,3.8378378378378377,173.71999999999997,2020,314.24
J.Driskel,00-0032436,DEN,432.0,12.342857142857143,76.0,3.0,18.0,35.0,2.0,0.4605263157894737,-0.1781550734939679,131.0,3.742857142857143,0.5221120426162996,-0.48432833991706975,0.004179867791261311,-0.004814876684855922,1,11.0,0.0,0,0.039473684210526314,0.02631578947368421,J.Driskel,0.0,28.0,4.666666666666667,30.080000000000002,2020,
J.Flacco,00-0026158,NYJ,864.0,11.675675675675675,141.0,6.0,36.0,74.0,3.0,0.524822695035461,-0.06500065386020397,342.0,4.621621621621622,0.789472102512277,-0.7674942326568998,0.0009717039639391814,-0.0017421359618063161,0,7.0,0.0,0,0.0425531914893617,0.02127659574468085,J.Flacco,0.0,22.0,3.6666666666666665,54.760000000000005,2020,23.82
J.Garoppolo,00-0031345,SF,1096.0,11.659574468085106,151.0,7.0,55.0,94.0,5.0,0.6225165562913907,0.16473890066621927,714.0,7.595744680851064,0.22595401030242004,0.07706407880418811,0.0009027197979562198,0.003032272784337149,0,11.0,0.0,0,0.046357615894039736,0.033112582781456956,J.Garoppolo,0.0,25.0,2.5,64.34,2020,229.1
J.Goff,00-0033106,LA,3952.0,10.68108108108108,576.0,20.0,194.0,370.0,13.0,0.6423611111111112,0.025901204032765367,2148.0,5.805405405405406,0.30745612752300017,-0.18089051420688115,0.0033274753702965195,0.0010727807892583197,1,23.0,6.0,3,0.034722222222222224,0.022569444444444444,J.Goff,4.0,99.0,1.9411764705882353,241.98000000000002,2020,198.5
J.Herbert,00-0036355,LAC,4336.0,10.94949494949495,630.0,31.0,216.0,396.0,10.0,0.6285714285714286,0.1297760583851343,2220.0,5.606060606060606,0.3895385341996228,-0.16408050279128147,0.0006561146499587751,0.006810598293201448,2,32.0,3.0,1,0.049206349206349205,0.015873015873015872,J.Herbert,5.0,234.0,4.254545454545455,332.84,2020,378.76
J.Hurts,00-0036389,PHI,1061.0,13.779220779220779,162.0,6.0,45.0,77.0,4.0,0.47530864197530864,-0.03437144571693345,468.0,6.077922077922078,0.6384201162537483,-0.5616641061437587,0.006848182665143067,-0.006344054555031523,0,13.0,0.0,0,0.037037037037037035,0.024691358024691357,J.Hurts,3.0,354.0,5.619047619047619,111.84,2020,312.15999999999997
J.Luton,00-0036312,JAX,624.0,10.4,118.0,2.0,31.0,60.0,6.0,0.5084745762711864,-0.30617021818365564,275.0,4.583333333333333,0.2901059745578784,-0.5128115765246913,0.008741301103278108,-0.01458151919759191,0,7.0,0.0,0,0.01694915254237288,0.05084745762711865,0,0.0,0.0,0.0,20.96,2020,
J.Stidham,00-0035264,NE,256.0,11.636363636363637,48.0,2.0,12.0,22.0,3.0,0.4583333333333333,-0.39728185123506915,174.0,7.909090909090909,0.25170487334187147,-0.523663671002644,0.004138106884450651,-0.006303789285555864,0,4.0,0.0,0,0.041666666666666664,0.0625,J.Stidham,0.0,7.0,1.0,12.940000000000001,2020,
J.Winston,00-0031503,NO,75.0,10.714285714285714,13.0,0.0,5.0,7.0,0.0,0.5384615384615384,0.06154316262029795,61.0,8.714285714285714,0.28079941446511825,0.0410446340198195,0.00018269365484063638,0.003835569728504509,0,2.0,0.0,0,0.0,0.0,J.Winston,0.0,-6.0,-0.75,2.4,2020,117.4
J.Wolford,00-0034899,LA,231.0,10.5,40.0,0.0,12.0,22.0,1.0,0.55,-0.08365683284056072,93.0,4.2272727272727275,0.6536759868490908,-0.6954443852728786,0.003435195276611732,-0.004291166600428137,0,2.0,0.0,0,0.0,0.025,J.Wolford,0.0,56.0,9.333333333333334,12.84,2020,
K.Allen,00-0034577,WAS,610.0,10.166666666666666,97.0,4.0,30.0,60.0,1.0,0.6185567010309279,0.015822026213008825,324.0,5.4,0.2241765223701475,0.012383688008632073,0.002090392172022753,0.0008832034665069912,0,7.0,2.0,1,0.041237113402061855,0.010309278350515464,K.Allen,1.0,25.0,3.125,44.9,2020,
K.Cousins,00-0029604,MIN,4265.0,12.220630372492836,562.0,35.0,212.0,349.0,13.0,0.6209964412811388,0.15031251874429816,1936.0,5.54727793696275,0.46342401963491264,-0.159572160731266,0.006206390344980106,0.001955339802745719,5,39.0,6.0,4,0.06227758007117438,0.023131672597864767,0,0.0,0.0,0.0,286.6,2020,300.34000000000003
K.Murray,00-0035228,ARI,3971.0,10.589333333333334,587.0,26.0,205.0,375.0,12.0,0.6388415672913118,0.02812088398081169,1745.0,4.653333333333333,0.4995905322020988,-0.3593013127876128,0.0033813758949091054,0.0004414425557638179,0,27.0,7.0,4,0.044293015332197615,0.020442930153321975,K.Murray,11.0,819.0,6.157894736842105,378.74,2020,299.78
L.Jackson,00-0034796,BAL,2757.0,11.392561983471074,406.0,26.0,138.0,242.0,9.0,0.5960591133004927,0.1412523523084039,1159.0,4.789256198347108,0.6077785136563867,-0.34848471847437873,0.0015311973117333832,0.004220445917666102,1,29.0,2.0,3,0.06403940886699508,0.022167487684729065,L.Jackson,7.0,1005.0,6.320754716981132,334.78,2020,241.98000000000002
M.Barkley,00-0030533,BUF,197.0,17.90909090909091,22.0,1.0,9.0,11.0,1.0,0.5,0.006495473512172763,55.0,5.0,0.5424828456930952,-0.4587263837151803,1.4318546856795948e-05,-0.001120407304759801,0,1.0,0.0,0,0.045454545454545456,0.045454545454545456,M.Barkley,0.0,-6.0,-1.0,9.28,2020,
M.Glennon,00-0030520,JAX,1072.0,9.657657657657658,191.0,7.0,57.0,111.0,5.0,0.581151832460733,-0.12130840178880413,405.0,3.6486486486486487,0.41136476180699005,-0.43776207121079264,0.0057031811421351395,-0.006154096258582076,1,9.0,2.0,1,0.03664921465968586,0.02617801047120419,M.Glennon,0.0,17.0,2.8333333333333335,62.58,2020,30.900000000000002
M.Mariota,00-0032268,LV,226.0,13.294117647058824,28.0,1.0,11.0,17.0,1.0,0.6071428571428571,0.30094264680947985,76.0,4.470588235294118,0.6723872330147534,-0.3619497148814625,0.027002613487187396,-0.03430771078258076,0,0.0,0.0,0,0.03571428571428571,0.03571428571428571,M.Mariota,1.0,88.0,9.777777777777779,25.84,2020,
M.Rudolph,00-0034771,PIT,324.0,12.96,45.0,2.0,13.0,25.0,1.0,0.5555555555555556,0.2054483306951219,102.0,4.08,0.7537304079850469,-0.48457788761595616,0.0032744205788638276,0.0031957273739714937,0,1.0,0.0,0,0.044444444444444446,0.022222222222222223,M.Rudolph,0.0,-6.0,-0.8571428571428571,18.36,2020,18.38
M.Ryan,00-0026143,ATL,4581.0,11.255528255528256,670.0,26.0,242.0,407.0,11.0,0.6074626865671642,0.08620576392958489,1642.0,4.034398034398034,0.5540124821883453,-0.3493763835606163,0.002005328641133197,0.000890130028161624,1,41.0,4.0,2,0.03880597014925373,0.016417910447761194,M.Ryan,2.0,92.0,3.1724137931034484,284.44,2020,222.92
M.Stafford,00-0026498,DET,4084.0,12.047197640117995,570.0,26.0,205.0,339.0,10.0,0.5947368421052631,0.09834894437513103,1738.0,5.1420118343195265,0.5353461755089205,-0.313449516982291,0.0015812737362361907,0.004465234279544022,2,38.0,1.0,1,0.0456140350877193,0.017543859649122806,M.Stafford,0.0,112.0,3.8620689655172415,260.56,2020,329.74
M.Trubisky,00-0033869,CHI,2055.0,10.326633165829145,316.0,16.0,124.0,199.0,8.0,0.629746835443038,0.07680225826132574,1003.0,5.040201005025126,0.5032469670458575,-0.3054068092691053,0.005286096095787748,3.813031062864238e-05,1,18.0,3.0,2,0.05063291139240506,0.02531645569620253,M.Trubisky,1.0,195.0,5.909090909090909,153.7,2020,
N.Foles,00-0029567,CHI,1852.0,9.168316831683168,331.0,10.0,93.0,202.0,8.0,0.6102719033232629,-0.13732334427402115,704.0,3.485148514851485,0.48456584867842245,-0.5215841931921988,0.003082730867642523,-0.003234493541320461,0,18.0,2.0,0,0.030211480362537766,0.02416918429003021,N.Foles,1.0,1.0,0.0625,104.17999999999999,2020,16.8
N.Mullens,00-0033319,SF,2437.0,11.549763033175356,347.0,12.0,120.0,211.0,12.0,0.6080691642651297,0.009003945282127994,1236.0,5.85781990521327,0.2246036063947576,-0.06679994743483772,0.004681849388753703,-0.003966249525708073,1,19.0,4.0,4,0.0345821325648415,0.0345821325648415,N.Mullens,0.0,8.0,0.8888888888888888,116.28000000000002,2020,9.879999999999999
N.Sudfeld,00-0032792,PHI,32.0,6.4,14.0,0.0,1.0,5.0,1.0,0.35714285714285715,-0.3374921779198177,18.0,3.6,0.46685475518218805,-0.6277230849445908,0.0017129375288883998,-0.012806686262289682,0,2.0,0.0,0,0.0,0.07142857142857142,N.Sudfeld,0.0,12.0,6.0,0.48,2020,
P.Mahomes,00-0033873,KC,4740.0,12.153846153846153,613.0,38.0,238.0,390.0,6.0,0.636215334420881,0.27396779077575084,2241.0,5.746153846153846,0.5372883958719994,-0.18874095712445385,0.0038367944668030885,0.007509376699647255,3,22.0,7.0,4,0.06199021207177814,0.009787928221859706,P.Mahomes,3.0,308.0,4.967741935483871,376.40000000000003,2020,363.66
P.Rivers,00-0022942,IND,4169.0,11.29810298102981,564.0,24.0,200.0,369.0,11.0,0.6542553191489362,0.16635644752208495,2226.0,6.032520325203252,0.32831008309122234,-0.09573560911401134,0.0025406731815501684,0.003995588865924528,1,19.0,3.0,1,0.0425531914893617,0.01950354609929078,P.Rivers,0.0,-8.0,-0.4444444444444444,239.95999999999998,2020,
P.Walker,00-0033275,CAR,368.0,11.5,60.0,1.0,17.0,32.0,5.0,0.5333333333333333,-0.3741083137100402,138.0,4.3125,0.5540530151021295,-0.877422443329768,0.024847169820802865,-0.024875631879694986,0,4.0,0.0,0,0.016666666666666666,0.08333333333333333,P.Walker,0.0,-2.0,-0.4,8.52,2020,15.780000000000001
R.Finley,00-0035652,CIN,164.0,9.647058823529411,41.0,1.0,8.0,17.0,2.0,0.4146341463414634,-0.5886981504886546,71.0,4.176470588235294,0.8304248751355771,-1.1825687165073755,0.000720645475666975,-0.004683695427649984,0,9.0,0.0,0,0.024390243902439025,0.04878048780487805,R.Finley,1.0,66.0,6.0,19.159999999999997,2020,
R.Fitzpatrick,00-0023682,MIA,2091.0,11.426229508196721,283.0,13.0,106.0,183.0,8.0,0.6466431095406361,0.17206084175217348,854.0,4.666666666666667,0.5187565021704195,-0.27486906099772024,0.0026851002677526236,0.005365257668163065,2,14.0,0.0,0,0.045936395759717315,0.028268551236749116,R.Fitzpatrick,2.0,151.0,5.033333333333333,150.73999999999998,2020,
R.Griffin,00-0029665,BAL,42.0,5.25,17.0,0.0,1.0,8.0,2.0,0.47058823529411764,-1.1958596349098065,34.0,4.25,0.27981994574240987,-1.431487030723865,-0.0287410350782531,0.003507757008862481,0,3.0,0.0,0,0.0,0.11764705882352941,R.Griffin,0.0,69.0,5.75,4.58,2020,
R.Tannehill,00-0029701,TEN,3819.0,12.123809523809523,507.0,33.0,202.0,315.0,7.0,0.621301775147929,0.23623041969594585,1529.0,4.853968253968254,0.6190527328840525,-0.27638020711312583,0.0011468133057204886,0.007325589054901863,1,24.0,3.0,2,0.0650887573964497,0.013806706114398421,R.Tannehill,7.0,266.0,6.186046511627907,337.36,2020,268.36
R.Wilson,00-0029263,SEA,4212.0,10.96875,607.0,40.0,213.0,384.0,13.0,0.6326194398682042,0.1169011544373997,1827.0,4.7578125,0.5915605561498897,-0.32290325921922497,0.0069873798409844775,0.0006436205952122386,1,47.0,3.0,2,0.06589785831960461,0.0214168039538715,R.Wilson,2.0,513.0,6.180722891566265,363.78000000000003,2020,242.82
S.Darnold,00-0034869,NYJ,2208.0,10.175115207373272,401.0,9.0,109.0,217.0,11.0,0.5411471321695761,-0.21384783261613494,1158.0,5.336405529953917,0.41996091401063224,-0.49320761303463634,0.0003227648125333838,-0.0006815336307193245,1,35.0,4.0,3,0.022443890274314215,0.02743142144638404,S.Darnold,2.0,217.0,5.864864864864865,132.01999999999998,2020,161.27999999999997
T.Brady,00-0019596,TB,4633.0,11.553615960099751,633.0,40.0,233.0,401.0,12.0,0.6334913112164297,0.1890294040090637,1810.0,4.513715710723192,0.5912391218337043,-0.3358916505730989,0.0036130847983428505,0.002794231811587504,0,21.0,3.0,0,0.0631911532385466,0.018957345971563982,T.Brady,3.0,6.0,0.2,339.92,2020,376.74
T.Bridgewater,00-0031237,CAR,3733.0,10.979411764705882,525.0,15.0,174.0,340.0,11.0,0.6476190476190476,0.056357975756452995,1881.0,5.5323529411764705,0.23617213932840866,-0.07206715722908355,0.0005428223363568577,0.0029718721840137196,1,31.0,3.0,2,0.02857142857142857,0.02095238095238095,T.Bridgewater,5.0,279.0,5.264150943396227,243.22,2020,204.67999999999998
T.Heinicke,00-0031800,WAS,137.0,11.416666666666666,20.0,1.0,6.0,12.0,0.0,0.6,0.11873902986262685,49.0,4.083333333333333,1.1512066025155179,-0.9172272892748505,-0.0004623259025576789,-0.0005803395700396316,0,1.0,0.0,0,0.05,0.0,0,0.0,0.0,0.0,9.48,2020,220.06
T.Hill,00-0033357,NO,928.0,10.545454545454545,135.0,4.0,45.0,88.0,2.0,0.6518518518518519,0.024458712128882065,372.0,4.2272727272727275,0.3093219281710877,-0.03894056987076672,0.006376201597616193,-0.0023177181147346795,0,14.0,2.0,2,0.02962962962962963,0.014814814814814815,T.Hill,10.0,580.0,5.8,163.12,2020,45.12
T.Tagovailoa,00-0036212,MIA,1814.0,9.75268817204301,313.0,11.0,100.0,186.0,5.0,0.5942492012779552,-0.06074031544207839,766.0,4.118279569892473,0.4120745324858275,-0.3519620689291085,0.003523242127311306,-0.0005270457053317897,1,20.0,2.0,1,0.03514376996805112,0.01597444089456869,T.Tagovailoa,3.0,109.0,3.0277777777777777,135.46,2020,180.92000000000002
T.Taylor,00-0028118,LAC,208.0,13.0,32.0,0.0,10.0,16.0,0.0,0.5,-0.005976033087426794,80.0,5.0,1.102469446671118,-1.0587308807934945,0.0014176905155181899,0.001990620295206724,0,2.0,0.0,0,0.0,0.0,T.Taylor,0.0,7.0,1.1666666666666667,9.02,2020,41.6
T.Taylor,00-0028118,LAC,208.0,13.0,32.0,0.0,10.0,16.0,0.0,0.5,-0.005976033087426794,80.0,5.0,1.102469446671118,-1.0587308807934945,0.0014176905155181899,0.001990620295206724,0,2.0,0.0,0,0.0,0.0,T.Taylor,0.0,7.0,1.1666666666666667,9.02,2020,31.5
T.Taylor,00-0028118,LAC,208.0,13.0,32.0,0.0,10.0,16.0,0.0,0.5,-0.005976033087426794,80.0,5.0,1.102469446671118,-1.0587308807934945,0.0014176905155181899,0.001990620295206724,0,2.0,0.0,0,0.0,0.0,T.Taylor,0.0,7.0,1.1666666666666667,9.02,2020,50.24
T.Taylor,00-0028118,LAC,208.0,13.0,32.0,0.0,10.0,16.0,0.0,0.5,-0.005976033087426794,80.0,5.0,1.102469446671118,-1.0587308807934945,0.0014176905155181899,0.001990620295206724,0,2.0,0.0,0,0.0,0.0,T.Taylor,0.0,7.0,1.1666666666666667,9.02,2020,40.14
A.Dalton,00-0027973,CHI,1515.0,10.167785234899329,257.0,8.0,83.0,149.0,9.0,0.5797665369649806,-0.11694184348062313,752.0,5.046979865771812,0.30813700755602336,-0.27822798887369976,0.0068916542734462965,-0.0027274217517739064,2,18.0,1.0,1,0.0311284046692607,0.03501945525291829,A.Dalton,0.0,76.0,4.75,84.19999999999999,2021,174.24
A.Rodgers,00-0023459,GB,2221.0,11.507772020725389,287.0,20.0,113.0,193.0,1.0,0.6724738675958188,0.3060639788072759,1196.0,6.196891191709844,0.4264587720243754,-0.03423202996044628,0.002712520996604848,0.006980044263780982,0,13.0,0.0,0,0.06968641114982578,0.003484320557491289,A.Rodgers,1.0,54.0,3.6,178.24,2021,243.9
A.Rodgers,00-0023459,GB,2221.0,11.507772020725389,287.0,20.0,113.0,193.0,1.0,0.6724738675958188,0.3060639788072759,1196.0,6.196891191709844,0.4264587720243754,-0.03423202996044628,0.002712520996604848,0.006980044263780982,0,13.0,0.0,0,0.06968641114982578,0.003484320557491289,Aa.Rodgers,2.0,47.0,2.611111111111111,183.54,2021,243.9
Aa.Rodgers,00-0023459,GB,1894.0,10.947976878612717,275.0,17.0,100.0,173.0,3.0,0.6290909090909091,0.14901345469131835,981.0,5.670520231213873,0.469528649054012,-0.20022966685548446,0.0016359585935311356,0.009871794247092652,0,17.0,0.0,0,0.06181818181818182,0.01090909090909091,A.Rodgers,1.0,54.0,3.6,149.16,2021,243.9
Aa.Rodgers,00-0023459,GB,1894.0,10.947976878612717,275.0,17.0,100.0,173.0,3.0,0.6290909090909091,0.14901345469131835,981.0,5.670520231213873,0.469528649054012,-0.20022966685548446,0.0016359585935311356,0.009871794247092652,0,17.0,0.0,0,0.06181818181818182,0.01090909090909091,Aa.Rodgers,2.0,47.0,2.611111111111111,154.45999999999998,2021,243.9
B.Allen,00-0032434,CIN,149.0,8.764705882352942,39.0,2.0,5.0,17.0,0.0,0.4358974358974359,-0.2972329607590904,120.0,7.0588235294117645,0.25451791841734245,-0.33380806657751805,0.00045634998065052724,-0.0036773248017151574,0,4.0,0.0,0,0.05128205128205128,0.0,B.Allen,0.0,-1.0,-0.14285714285714285,13.860000000000001,2021,
B.Gabbert,00-0027948,TB,67.0,9.571428571428571,12.0,0.0,4.0,7.0,0.0,0.5833333333333334,0.015986260264988922,39.0,5.571428571428571,0.7952291228840217,-0.6517317569067103,2.943385731089652e-05,-0.0002135255120017338,0,1.0,0.0,0,0.0,0.0,B.Gabbert,0.0,-7.0,-0.7777777777777778,1.9800000000000002,2021,
B.Hoyer,00-0026625,NE,227.0,25.22222222222222,11.0,1.0,8.0,9.0,0.0,0.8181818181818182,1.897921312804101,143.0,15.88888888888889,0.5105088252960498,1.3874124875080525,-1.300464976917611e-06,4.015165177405813e-05,0,0.0,0.0,0,0.09090909090909091,0.0,B.Hoyer,0.0,-8.0,-0.7272727272727273,12.28,2021,
B.Mayfield,00-0034855,CLE,3010.0,11.897233201581027,464.0,17.0,143.0,253.0,13.0,0.5452586206896551,-0.03355197366130837,1370.0,5.41501976284585,0.549742768510931,-0.39482510842786744,0.002697217973084353,-0.0019535298688699216,2,43.0,5.0,4,0.036637931034482756,0.028017241379310345,B.Mayfield,1.0,134.0,3.6216216216216215,177.8,2021,123.42
B.Roethlisberger,00-0022924,PIT,3740.0,9.58974358974359,648.0,22.0,188.0,390.0,10.0,0.6018518518518519,-0.07746162345404319,1920.0,4.923076923076923,0.23587477804565296,-0.1948073012234231,0.007443415922909208,-0.00496520926394934,2,38.0,6.0,5,0.033950617283950615,0.015432098765432098,B.Roethlisberger,1.0,5.0,0.25,218.1,2021,
C.Henne,00-0026197,KC,82.0,7.454545454545454,16.0,0.0,6.0,11.0,0.0,0.6875,0.01645458628627261,24.0,2.1818181818181817,0.3384509117677226,-0.3219963254814504,1.1886877473439588e-05,-2.5418272343812954e-05,0,0.0,1.0,0,0.0,0.0,C.Henne,0.0,0.0,0.0,3.28,2021,
C.Keenum,00-0028986,CLE,462.0,9.829787234042554,77.0,3.0,25.0,47.0,1.0,0.6103896103896104,-0.10748380745412126,306.0,6.51063829787234,0.24708572485259442,-0.1427633710352071,0.014186330786716847,-0.01174097693393275,0,5.0,1.0,1,0.03896103896103896,0.012987012987012988,C.Keenum,0.0,22.0,1.8333333333333333,28.68,2021,
C.McCoy,00-0027688,ARI,740.0,10.0,105.0,3.0,39.0,74.0,1.0,0.7047619047619048,0.1363189691462399,443.0,5.986486486486487,0.060482714675317614,0.2095723759617348,0.002818344486235566,0.004008199431851206,0,6.0,1.0,1,0.02857142857142857,0.009523809523809525,C.McCoy,0.0,37.0,1.6818181818181819,41.300000000000004,2021,32.800000000000004
C.Newton,00-0027939,CAR,684.0,9.91304347826087,137.0,4.0,32.0,69.0,5.0,0.5036496350364964,-0.28998847149426477,309.0,4.478260869565218,0.30933727047969084,-0.4729611126995844,0.006874739882038695,-0.011254602437584148,1,10.0,0.0,0,0.029197080291970802,0.0364963503649635,C.Newton,5.0,230.0,4.8936170212765955,88.36,2021,
C.Rush,00-0033662,DAL,422.0,14.066666666666666,50.0,3.0,18.0,30.0,1.0,0.6,0.16051388958259205,207.0,6.9,0.4632562658355691,-0.10070801282757029,0.004030214583953085,0.010663738512852365,0,3.0,1.0,1,0.06,0.02,C.Rush,0.0,-8.0,-0.8888888888888888,24.08,2021,56.64
C.Streveler,00-0035752,ARI,36.0,6.0,11.0,0.0,1.0,6.0,0.0,0.5454545454545454,-0.38695962896401176,22.0,3.6666666666666665,-0.13823936238057166,0.07516976660634785,1.6567185715151333e-06,1.5546391498206785e-05,0,2.0,0.0,0,0.0,0.0,C.Streveler,0.0,6.0,2.0,2.04,2021,9.0
C.Wentz,00-0032950,IND,3563.0,11.065217391304348,552.0,27.0,165.0,322.0,7.0,0.5833333333333334,0.012782226384538476,1650.0,5.124223602484472,0.40137106746769996,-0.23905331251346468,0.001877981735034453,0.00026187267456110697,2,32.0,5.0,4,0.04891304347826087,0.012681159420289856,C.Wentz,1.0,215.0,3.7719298245614037,260.02,2021,110.8
D.Carr,00-0031280,LV,4804.0,11.22429906542056,669.0,23.0,217.0,428.0,14.0,0.6397608370702541,0.034084897847342505,2283.0,5.33411214953271,0.34300932138264106,-0.18371026102736723,0.0026423155591132202,0.005224713766157094,0,40.0,8.0,5,0.0343796711509716,0.02092675635276532,D.Carr,0.0,108.0,2.7,256.96,2021,219.07999999999998
D.Jones,00-0035710,NYG,2428.0,10.46551724137931,384.0,10.0,116.0,232.0,7.0,0.6041666666666666,-0.03760663448893162,1098.0,4.732758620689655,0.3950617467313962,-0.31069104771298256,0.001297571868143055,0.003360953061684565,1,22.0,4.0,2,0.026041666666666668,0.018229166666666668,D.Jones,2.0,298.0,4.806451612903226,162.92000000000002,2021,291.0
D.Lock,00-0035704,DEN,787.0,11.746268656716419,120.0,2.0,32.0,67.0,2.0,0.5583333333333333,-0.07682369602107045,350.0,5.223880597014926,0.5274620864654352,-0.5178327522454105,-9.096190108018517e-05,0.001835228247159332,0,9.0,0.0,0,0.016666666666666666,0.016666666666666666,D.Lock,2.0,53.0,5.3,52.78,2021,
D.Mills,00-0036898,HOU,2664.0,10.129277566539924,426.0,16.0,118.0,263.0,10.0,0.6173708920187794,-0.11779286962750432,1232.0,4.684410646387833,0.3031423395950074,-0.2920416817776132,0.005115347970833335,-0.0034781827041321873,1,31.0,3.0,1,0.03755868544600939,0.023474178403755867,D.Mills,0.0,44.0,2.4444444444444446,154.96,2021,183.52
D.Prescott,00-0033077,DAL,4449.0,10.851219512195122,631.0,37.0,227.0,410.0,10.0,0.6497622820919176,0.1716853568538297,2014.0,4.912195121951219,0.4804603320461549,-0.20845303626565456,0.001394691485010753,0.005377682060855197,2,30.0,3.0,4,0.058637083993660855,0.01584786053882726,D.Prescott,1.0,131.0,2.7291666666666665,321.06000000000006,2021,200.6
G.Gilbert,00-0031395,WAS,194.0,9.7,33.0,0.0,8.0,20.0,0.0,0.6060606060606061,-0.08334524565155907,97.0,4.85,0.30801782142108103,-0.2818542411912712,0.0016587532816394676,0.002315251096602403,0,2.0,0.0,0,0.0,0.0,0,0.0,0.0,0.0,7.76,2021,
G.Minshew,00-0035289,PHI,439.0,10.707317073170731,66.0,4.0,24.0,41.0,1.0,0.6212121212121212,0.2406302653393525,263.0,6.414634146341464,0.004893923870501127,0.3658764577986284,0.011855508262912427,-0.002010721704556624,0,5.0,0.0,1,0.06060606060606061,0.015151515151515152,G.Minshew,0.0,21.0,2.3333333333333335,31.660000000000004,2021,38.81999999999999
G.Smith,00-0030565,SEA,702.0,10.8,108.0,5.0,31.0,65.0,1.0,0.6018518518518519,-0.01145129890339325,360.0,5.538461538461538,0.26918088609880314,-0.034764786727008404,0.005357449638437999,0.0011010009234937925,0,13.0,1.0,1,0.046296296296296294,0.009259259259259259,G.Smith,1.0,42.0,4.666666666666667,54.28,2021,307.88
I.Book,00-0036929,NO,135.0,11.25,28.0,0.0,5.0,12.0,2.0,0.42857142857142855,-1.0617789263882773,81.0,6.75,-0.3571519997931315,-0.29268858673167425,0.03602008775342259,-0.04731761615006131,0,8.0,0.0,0,0.0,0.07142857142857142,I.Book,0.0,6.0,2.0,2.0000000000000004,2021,
J.Allen,00-0034857,BUF,4049.0,10.740053050397877,631.0,32.0,214.0,377.0,15.0,0.5974643423137876,0.09204452071348085,1609.0,4.267904509283819,0.5707796027679432,-0.41648690073702743,0.0035671766505891867,-0.0012003086005813067,1,26.0,2.0,1,0.05071315372424723,0.02377179080824089,J.Allen,5.0,754.0,6.389830508474576,365.36,2021,397.52
J.Allen,00-0034857,BUF,4049.0,10.740053050397877,631.0,32.0,214.0,377.0,15.0,0.5974643423137876,0.09204452071348085,1609.0,4.267904509283819,0.5707796027679432,-0.41648690073702743,0.0035671766505891867,-0.0012003086005813067,1,26.0,2.0,1,0.05071315372424723,0.02377179080824089,Jos.Allen,1.0,9.0,2.25,266.86,2021,397.52
J.Brissett,00-0033119,MIA,1283.0,9.099290780141844,245.0,5.0,69.0,141.0,4.0,0.5755102040816327,-0.10603670988801424,508.0,3.602836879432624,0.40432318510868603,-0.34994090818193857,0.002750558812345577,-0.0007496357019989384,1,19.0,4.0,3,0.02040816326530612,0.0163265306122449,J.Brissett,1.0,70.0,3.6842105263157894,72.32,2021,168.62
J.Burrow,00-0036442,CIN,4611.0,12.598360655737705,573.0,34.0,202.0,366.0,14.0,0.6387434554973822,0.15445026061521416,2251.0,6.1502732240437155,0.44279289532866956,-0.09611719100994329,0.005875399283026136,0.006931970044493851,1,51.0,4.0,2,0.059336823734729496,0.02443280977312391,J.Burrow,2.0,118.0,2.95,314.24,2021,350.7
J.Fields,00-0036945,CHI,1870.0,11.761006289308176,306.0,7.0,83.0,159.0,10.0,0.5196078431372549,-0.21218552978707642,683.0,4.29559748427673,0.7544621584674547,-0.7131628118837366,0.0006281623900786991,0.0015315847324035275,0,36.0,4.0,4,0.02287581699346405,0.032679738562091505,J.Fields,2.0,420.0,5.833333333333333,128.8,2021,293.98
J.Flacco,00-0026158,NYJ,338.0,12.518518518518519,44.0,3.0,14.0,27.0,0.0,0.6136363636363636,0.14304816082851898,175.0,6.481481481481482,0.8046162392891434,-0.4635669832128771,0.004253679588456064,0.0032859165800348585,0,2.0,1.0,1,0.06818181818181818,0.0,J.Flacco,0.0,3.0,1.5,23.82,2021,48.64
J.Fromm,00-0036197,NYG,210.0,7.777777777777778,66.0,1.0,10.0,27.0,3.0,0.4090909090909091,-0.5326754659384302,99.0,3.6666666666666665,0.3680393648256242,-0.7223265969922068,0.013677478061953187,-0.022375552879429116,0,6.0,1.0,1,0.015151515151515152,0.045454545454545456,J.Fromm,0.0,65.0,8.125,10.9,2021,
J.Garoppolo,00-0031345,SF,3810.0,12.6578073089701,472.0,20.0,172.0,301.0,12.0,0.6377118644067796,0.16518744228607185,1958.0,6.504983388704319,0.46063853305342417,-0.1684325721647074,0.00046322836521107,0.00980871570324359,1,29.0,6.0,2,0.0423728813559322,0.025423728813559324,J.Garoppolo,3.0,47.0,1.236842105263158,229.1,2021,166.78000000000003
J.Goff,00-0033106,DET,3245.0,9.774096385542169,534.0,19.0,162.0,332.0,8.0,0.6217228464419475,-0.0649177956384568,1744.0,5.253012048192771,0.15981316751755723,-0.0788082377433427,0.009885078847380003,-0.004586440458044323,4,35.0,5.0,4,0.035580524344569285,0.0149812734082397,J.Goff,0.0,87.0,5.117647058823529,198.5,2021,282.82
J.Herbert,00-0036355,LAC,5014.0,11.318284424379232,710.0,38.0,256.0,443.0,15.0,0.6239436619718309,0.14985489848149675,2403.0,5.424379232505643,0.44521933310903994,-0.21308868394366579,0.0004113419195361226,0.00782705672174314,5,31.0,4.0,1,0.05352112676056338,0.02112676056338028,J.Herbert,3.0,302.0,4.7936507936507935,378.76,2021,280.26
J.Hurts,00-0036389,PHI,3144.0,11.864150943396226,461.0,16.0,143.0,265.0,9.0,0.5748373101952278,0.02664319614986367,1463.0,5.520754716981132,0.6080142687208346,-0.47338796542026884,0.0031874902273787394,-0.0015961678244981912,3,26.0,2.0,2,0.03470715835140998,0.019522776572668113,J.Hurts,10.0,784.0,5.640287769784172,312.15999999999997,2021,372.03999999999996
J.Johnson,00-0026300,NYJ,638.0,11.192982456140351,88.0,5.0,39.0,57.0,2.0,0.6477272727272727,0.3112213287886775,265.0,4.649122807017544,0.34975533149691385,0.02115841526688192,0.005253109160149112,-0.0014001295924779308,0,3.0,0.0,0,0.056818181818181816,0.022727272727272728,J.Johnson,0.0,28.0,3.111111111111111,44.31999999999999,2021,
J.Love,00-0036264,GB,411.0,11.416666666666666,66.0,2.0,22.0,36.0,3.0,0.5454545454545454,-0.149121394159635,233.0,6.472222222222222,0.43730919402995805,-0.4271871570379787,0.0015002608660940892,-0.004540535497614029,0,3.0,2.0,1,0.030303030303030304,0.045454545454545456,J.Love,0.0,27.0,2.25,19.14,2021,11.700000000000001
J.Rosen,00-0034343,ATL,19.0,9.5,11.0,0.0,1.0,2.0,2.0,0.18181818181818182,-1.7004433600232007,11.0,5.5,1.0800592643896707,-2.780502624412871,-3.123005047779191e-06,-5.997580641613635e-05,0,0.0,0.0,0,0.0,0.18181818181818182,0,0.0,0.0,0.0,-3.24,2021,
J.Winston,00-0031503,NO,1170.0,12.31578947368421,172.0,14.0,56.0,95.0,3.0,0.5523255813953488,0.09249935168765833,578.0,6.08421052631579,0.4970600730133419,-0.25936846640849265,0.002023114397352304,0.0031854625664690032,0,11.0,2.0,1,0.08139534883720931,0.01744186046511628,J.Winston,1.0,166.0,5.1875,117.4,2021,43.92
Jos.Allen,00-0034857,BUF,358.0,11.1875,44.0,4.0,20.0,32.0,0.0,0.7272727272727273,0.3939108750747194,126.0,3.9375,0.5885144026589927,-0.16341955374532652,0.0022074923165501252,0.006072520863178171,0,0.0,0.0,0,0.09090909090909091,0.0,J.Allen,5.0,754.0,6.389830508474576,135.72,2021,397.52
Jos.Allen,00-0034857,BUF,358.0,11.1875,44.0,4.0,20.0,32.0,0.0,0.7272727272727273,0.3939108750747194,126.0,3.9375,0.5885144026589927,-0.16341955374532652,0.0022074923165501252,0.006072520863178171,0,0.0,0.0,0,0.09090909090909091,0.0,Jos.Allen,1.0,9.0,2.25,37.22,2021,397.52
K.Allen,00-0030279,LAC,120.0,10.0,24.0,1.0,6.0,12.0,0.0,0.5,0.03967277616054806,46.0,3.8333333333333335,0.3042650245042748,-0.018175090465228073,0.0001220983893290359,-0.001244336265153825,1,2.0,1.0,1,0.041666666666666664,0.0,0,0.0,0.0,0.0,8.8,2021,
K.Cousins,00-0029604,MIN,4221.0,11.346774193548388,592.0,33.0,192.0,372.0,7.0,0.6283783783783784,0.1065976703903074,1813.0,4.873655913978495,0.4145236945724398,-0.19186092159040335,-0.0010619376358466854,0.00952377857797485,0,28.0,3.0,2,0.05574324324324324,0.011824324324324325,K.Cousins,1.0,115.0,3.9655172413793105,300.34000000000003,2021,291.58
K.Murray,00-0035228,ARI,3787.0,11.372372372372372,514.0,24.0,172.0,333.0,10.0,0.6478599221789884,0.11670093117007421,1782.0,5.351351351351352,0.5284478938250048,-0.2950709950955965,0.002827556598570582,0.003025020012216131,0,31.0,1.0,0,0.04669260700389105,0.019455252918287938,K.Murray,5.0,423.0,4.806818181818182,299.78,2021,202.51999999999998
L.Jackson,00-0034796,BAL,2882.0,11.715447154471544,425.0,16.0,135.0,246.0,13.0,0.5788235294117647,0.026496896696755506,1150.0,4.67479674796748,0.5516899442726512,-0.38506524701683775,0.011817882993181249,-0.004684059514130336,2,38.0,2.0,2,0.03764705882352941,0.03058823529411765,L.Jackson,2.0,767.0,5.7669172932330826,241.98000000000002,2021,238.08
M.Glennon,00-0030520,NYG,790.0,8.777777777777779,177.0,4.0,43.0,90.0,10.0,0.5084745762711864,-0.4620788894304751,415.0,4.611111111111111,0.41739816722944945,-0.7520807249570071,0.008187691284653102,-0.012533675450990937,0,9.0,3.0,3,0.022598870056497175,0.05649717514124294,M.Glennon,1.0,33.0,4.714285714285714,30.900000000000002,2021,
M.Jones,00-0036972,NE,3801.0,10.798295454545455,551.0,22.0,177.0,352.0,13.0,0.6388384754990926,0.057567411357321865,1760.0,5.0,0.4454570169001248,-0.27758169915633873,0.003646438482795494,-0.00019513914853503796,2,28.0,6.0,2,0.039927404718693285,0.023593466424682397,M.Jones,0.0,129.0,2.9318181818181817,226.94,2021,170.07999999999998
M.Rudolph,00-0034771,PIT,277.0,7.914285714285715,58.0,1.0,16.0,35.0,1.0,0.603448275862069,-0.2594773023661822,122.0,3.4857142857142858,0.3097687671497147,-0.5717172930352642,0.07789830930832317,-0.07003262212368246,0,0.0,2.0,0,0.017241379310344827,0.017241379310344827,M.Rudolph,0.0,53.0,10.6,18.38,2021,
M.Ryan,00-0026143,ATL,3968.0,10.581333333333333,602.0,20.0,195.0,375.0,12.0,0.6229235880398671,-0.02841300851256604,1722.0,4.592,0.39225592803442394,-0.28941100069381365,0.0015534831307819292,0.0036463795320576834,0,40.0,8.0,3,0.03322259136212625,0.019933554817275746,M.Ryan,1.0,82.0,2.05,222.92,2021,159.28
M.Stafford,00-0026498,LA,4886.0,12.094059405940595,634.0,41.0,233.0,404.0,17.0,0.637223974763407,0.18548173990686673,2124.0,5.257425742574258,0.5653844911461006,-0.272089913860241,0.004447907794656752,0.00328314955625944,2,30.0,2.0,2,0.06466876971608833,0.026813880126182965,M.Stafford,0.0,43.0,1.34375,329.74,2021,108.38000000000001
M.White,00-0034401,NYJ,953.0,10.829545454545455,137.0,5.0,49.0,88.0,8.0,0.6423357664233577,-0.05336602578894523,566.0,6.431818181818182,0.22116268175953085,-0.23161419765950944,0.011137116906697804,-0.008178325019014828,0,4.0,3.0,0,0.0364963503649635,0.058394160583941604,M.White,0.0,-1.0,-0.2,42.019999999999996,2021,56.58
N.Foles,00-0029567,CHI,250.0,10.416666666666666,40.0,1.0,14.0,24.0,0.0,0.6,0.13847955955458482,165.0,6.875,0.1626332878101885,0.11520642730419997,0.005943202010222843,0.006431002914905537,1,4.0,0.0,0,0.025,0.0,N.Foles,0.0,8.0,2.0,16.8,2021,1.8
N.Mullens,00-0033319,CLE,147.0,7.35,30.0,1.0,9.0,20.0,0.0,0.6666666666666666,0.0721554037114041,71.0,3.55,0.3096707276889553,-0.2302575878206472,0.014191301491408563,-0.005412432654150597,0,0.0,0.0,0,0.03333333333333333,0.0,0,0.0,0.0,0.0,9.879999999999999,2021,11.760000000000002
P.Mahomes,00-0033873,KC,4839.0,11.09862385321101,688.0,37.0,260.0,436.0,13.0,0.6337209302325582,0.1864508805901691,2690.0,6.169724770642202,0.306346432671469,-0.041242549373544934,0.0002810209137370604,0.0064688684398993964,1,28.0,4.0,2,0.05377906976744186,0.0188953488372093,P.Mahomes,2.0,381.0,5.7727272727272725,363.66,2021,413.8
P.Walker,00-0033275,CAR,362.0,10.055555555555555,74.0,1.0,19.0,36.0,3.0,0.4864864864864865,-0.19525845816327644,137.0,3.8055555555555554,0.5913077006273221,-0.6704711669056534,0.0009637842001859095,-0.0007074967288644818,1,7.0,0.0,0,0.013513513513513514,0.04054054054054054,P.Walker,0.0,13.0,1.8571428571428572,15.780000000000001,2021,39.13999999999999
R.Tannehill,00-0029701,TEN,3734.0,10.4593837535014,579.0,21.0,192.0,357.0,14.0,0.616580310880829,0.02096756308052339,1778.0,4.980392156862745,0.3882373533811846,-0.20810172621428932,0.003205572091119537,0.0020726309123607887,1,47.0,7.0,4,0.03626943005181347,0.024179620034542316,R.Tannehill,7.0,270.0,4.909090909090909,268.36,2021,163.24
R.Wilson,00-0029263,SEA,3113.0,12.019305019305019,435.0,25.0,135.0,259.0,6.0,0.5954022988505747,0.014227346112403609,1383.0,5.33976833976834,0.6353084910642989,-0.46869376303322463,0.001087801770056763,0.0023487860313178865,1,33.0,4.0,1,0.05747126436781609,0.013793103448275862,R.Wilson,2.0,183.0,4.255813953488372,242.82,2021,224.66
S.Darnold,00-0034869,CAR,2527.0,10.39917695473251,442.0,9.0,123.0,243.0,13.0,0.5497737556561086,-0.18621596925722153,1385.0,5.723140495867769,0.2989027983212554,-0.360267149816274,0.004182634919722776,-0.0034091607687030453,1,35.0,3.0,2,0.020361990950226245,0.029411764705882353,S.Darnold,5.0,222.0,4.625,161.27999999999997,2021,88.32
S.Mannion,00-0032245,MIN,189.0,8.590909090909092,38.0,1.0,8.0,22.0,0.0,0.5789473684210527,-0.28714724889718213,94.0,4.2727272727272725,0.26776027573052663,-0.49217450280616376,-0.0005374898179240429,-0.004535638336468151,0,2.0,0.0,0,0.02631578947368421,0.0,S.Mannion,0.0,14.0,7.0,12.959999999999999,2021,
T.Boyle,00-0034177,DET,526.0,8.62295081967213,95.0,3.0,28.0,61.0,6.0,0.6421052631578947,-0.04047905967743463,265.0,4.344262295081967,0.29668962910775776,-0.34880144473920743,-0.0025058047321743914,-0.0022093894223792735,1,0.0,0.0,1,0.031578947368421054,0.06315789473684211,T.Boyle,0.0,13.0,6.5,22.34,2021,
T.Brady,00-0019596,TB,5316.0,10.960824742268041,742.0,43.0,269.0,485.0,12.0,0.6536388140161725,0.18409085430465996,2534.0,5.224742268041237,0.4594979249773469,-0.21040200995906813,0.00165116662878747,0.00518991119020601,0,22.0,4.0,2,0.057951482479784364,0.016172506738544475,T.Brady,2.0,81.0,2.892857142857143,376.74,2021,275.65999999999997
T.Bridgewater,00-0031237,DEN,3052.0,10.708771929824561,460.0,18.0,146.0,285.0,7.0,0.6195652173913043,0.11309841519251082,1387.0,4.866666666666666,0.39711226635694474,-0.16550013813629114,0.0027710609789552785,0.0013962813250979937,1,31.0,1.0,0,0.0391304347826087,0.015217391304347827,T.Bridgewater,2.0,106.0,3.533333333333333,204.67999999999998,2021,35.32
T.Heinicke,00-0031800,WAS,3419.0,10.651090342679128,535.0,20.0,167.0,321.0,15.0,0.6,-0.07886323303644657,1747.0,5.442367601246106,0.4431216024204315,-0.3867753020809925,0.004205123644893634,-0.0011877603514974693,0,38.0,5.0,2,0.037383177570093455,0.028037383177570093,T.Heinicke,1.0,313.0,5.216666666666667,220.06,2021,115.96
T.Hill,00-0033357,NO,978.0,12.538461538461538,143.0,4.0,43.0,78.0,5.0,0.5454545454545454,-0.0799625481776851,521.0,6.67948717948718,0.3369775108604981,-0.31660038908982363,0.00134601512796838,0.0033242057522945897,0,9.0,0.0,0,0.027972027972027972,0.03496503496503497,0,0.0,0.0,0.0,45.12,2021,17.6
T.Huntley,00-0035993,BAL,1081.0,8.860655737704919,208.0,3.0,55.0,122.0,4.0,0.5865384615384616,-0.14745542068373393,446.0,3.6557377049180326,0.3749594030848304,-0.33721604814390543,0.011101833307103279,-0.014011008562708923,0,18.0,3.0,3,0.014423076923076924,0.019230769230769232,T.Huntley,2.0,294.0,6.25531914893617,82.64,2021,48.019999999999996
T.Lance,00-0037012,SF,603.0,14.707317073170731,75.0,5.0,27.0,41.0,2.0,0.5466666666666666,0.14246569927334873,288.0,7.024390243902439,0.6319494805087286,-0.35949686861997576,0.006513403551521858,-0.0031093159528498646,0,4.0,0.0,0,0.06666666666666667,0.02666666666666667,T.Lance,1.0,168.0,4.421052631578948,62.92,2021,12.46
T.Lawrence,00-0036971,JAX,3641.0,10.142061281337048,639.0,12.0,177.0,359.0,17.0,0.5618153364632238,-0.11248108483074494,1634.0,4.5515320334261835,0.48104321791818916,-0.488392793364812,0.00418904576918771,-0.004469174650033324,2,32.0,7.0,5,0.018779342723004695,0.026604068857589983,T.Lawrence,2.0,334.0,4.575342465753424,199.04,2021,303.62
T.Siemian,00-0032156,NO,1154.0,10.685185185185185,201.0,11.0,61.0,108.0,3.0,0.5373134328358209,-0.052200525812111875,507.0,4.694444444444445,0.42881946500066825,-0.3463368214377515,-4.937330148370068e-05,0.001125465584824354,0,9.0,1.0,1,0.05472636815920398,0.014925373134328358,T.Siemian,1.0,20.0,2.2222222222222223,90.16,2021,10.16
T.Tagovailoa,00-0036212,MIA,2653.0,10.087452471482889,410.0,16.0,137.0,263.0,10.0,0.6414634146341464,0.05112675152908939,1231.0,4.680608365019012,0.3989703691100465,-0.2472813159253985,0.004223811095732164,0.0032163638999774128,1,20.0,1.0,1,0.03902439024390244,0.024390243902439025,T.Tagovailoa,3.0,128.0,3.0476190476190474,180.92000000000002,2021,230.92
T.Taylor,00-0028118,HOU,550.0,9.166666666666666,118.0,2.0,26.0,60.0,5.0,0.5084745762711864,-0.3912694254890401,311.0,5.183333333333334,0.3906701285877111,-0.6581281159867864,0.0016947555315919684,-0.007322714462730656,0,12.0,2.0,0,0.01694915254237288,0.0423728813559322,T.Taylor,2.0,96.0,6.857142857142857,41.6,2021,12.82
T.Taylor,00-0028118,HOU,550.0,9.166666666666666,118.0,2.0,26.0,60.0,5.0,0.5084745762711864,-0.3912694254890401,311.0,5.183333333333334,0.3906701285877111,-0.6581281159867864,0.0016947555315919684,-0.007322714462730656,0,12.0,2.0,0,0.01694915254237288,0.0423728813559322,Ty.Taylor,1.0,55.0,11.0,31.5,2021,12.82
Ty.Taylor,00-0028118,HOU,416.0,13.419354838709678,45.0,3.0,18.0,31.0,0.0,0.6888888888888889,0.5101543957659098,180.0,5.806451612903226,0.5956344455189535,-0.05300931450416206,0.0018924095413901615,0.009671713047732415,0,1.0,0.0,0,0.06666666666666667,0.0,T.Taylor,2.0,96.0,6.857142857142857,50.24,2021,12.82
Ty.Taylor,00-0028118,HOU,416.0,13.419354838709678,45.0,3.0,18.0,31.0,0.0,0.6888888888888889,0.5101543957659098,180.0,5.806451612903226,0.5956344455189535,-0.05300931450416206,0.0018924095413901615,0.009671713047732415,0,1.0,0.0,0,0.06666666666666667,0.0,Ty.Taylor,1.0,55.0,11.0,40.14,2021,12.82
Z.Wilson,00-0037013,NYJ,2334.0,10.95774647887324,430.0,9.0,112.0,213.0,11.0,0.49534883720930234,-0.2225191069328897,1077.0,5.056338028169014,0.37346137484074593,-0.4130993787663292,0.0028518051739633747,-0.0021767398771561663,1,44.0,2.0,2,0.020930232558139535,0.02558139534883721,Z.Wilson,4.0,185.0,6.379310344827586,147.86,2021,91.72
A.Brown,00-0037175,BAL,302.0,13.727272727272727,54.0,0.0,13.0,22.0,2.0,0.4074074074074074,-0.38942120734336466,142.0,6.454545454545454,0.49730838088695234,-0.6944102977756715,0.00016231800211554044,-0.0052137653283933156,0,5.0,2.0,1,0.0,0.037037037037037035,A.Brown,0.0,-5.0,-1.6666666666666667,5.58,2022,
A.Dalton,00-0027973,NO,2871.0,11.392857142857142,404.0,18.0,135.0,252.0,9.0,0.6237623762376238,0.01802270005011773,1318.0,5.23015873015873,0.4369783533353587,-0.2923872441073375,0.0019823618553114577,0.0008740466192994937,1,25.0,4.0,1,0.04455445544554455,0.022277227722772276,A.Dalton,0.0,54.0,1.8,174.24,2022,23.639999999999997
A.Rodgers,00-0023459,GB,3695.0,10.557142857142857,577.0,26.0,177.0,350.0,12.0,0.6065857885615251,-0.031277317604713244,1899.0,5.425714285714286,0.43075154818865063,-0.3450356052994913,0.002844306755804905,-0.0010774902956626824,2,32.0,5.0,2,0.045060658578856154,0.02079722703639515,A.Rodgers,1.0,101.0,2.8055555555555554,243.9,2022,
B.Mayfield,00-0034855,CAR,2163.0,10.761194029850746,372.0,10.0,94.0,201.0,8.0,0.5403225806451613,-0.1554469031491406,1131.0,5.626865671641791,0.26532968128605683,-0.24940558407795338,0.004888922577582042,-0.005446284215640911,0,36.0,3.0,1,0.026881720430107527,0.021505376344086023,B.Mayfield,1.0,89.0,2.870967741935484,123.42,2022,274.06
B.Perkins,00-0035939,LA,161.0,8.473684210526315,40.0,1.0,10.0,19.0,2.0,0.475,-0.4662732830261027,65.0,3.4210526315789473,0.3279847204385356,-0.6533963396209067,0.0008859518387426097,-0.007252557541836386,0,6.0,0.0,0,0.025,0.05,B.Perkins,0.0,90.0,4.7368421052631575,15.440000000000001,2022,
B.Purdy,00-0037834,SF,1374.0,12.052631578947368,181.0,13.0,66.0,114.0,4.0,0.6298342541436464,0.20195089494801027,706.0,6.192982456140351,0.26580284296913104,0.06601489674613314,0.002954379582577448,0.0061155882114607586,0,11.0,0.0,0,0.0718232044198895,0.022099447513812154,B.Purdy,1.0,13.0,0.5909090909090909,106.26,2022,295.59999999999997
B.Rypien,00-0034955,DEN,483.0,9.11320754716981,96.0,2.0,24.0,53.0,4.0,0.5520833333333334,-0.30446716733104157,267.0,5.037735849056604,0.4037654327942372,-0.5677768104352938,0.014253816741917606,-0.019698230194742136,0,8.0,1.0,1,0.020833333333333332,0.041666666666666664,B.Rypien,0.0,7.0,1.1666666666666667,18.02,2022,4.88
B.Zappe,00-0038108,NE,781.0,12.015384615384615,98.0,5.0,37.0,65.0,3.0,0.6632653061224489,0.07841855008807735,384.0,5.907692307692308,0.17895915406330917,0.05657307057749476,0.0020430473724514305,0.005392346722119717,0,6.0,2.0,2,0.05102040816326531,0.030612244897959183,B.Zappe,0.0,0.0,0.0,41.239999999999995,2022,67.17999999999999
C.Beathard,00-0033936,JAX,35.0,5.0,12.0,0.0,2.0,7.0,1.0,0.5833333333333334,-0.9667617271200664,20.0,2.857142857142857,-0.468559877925806,-0.4706358702718264,-1.848312174181708e-06,-0.00017982462966096603,0,1.0,0.0,0,0.0,0.08333333333333333,C.Beathard,0.0,-4.0,-1.0,-1.0,2022,21.46
C.Daniel,00-0026544,LAC,52.0,6.5,14.0,1.0,4.0,8.0,0.0,0.5714285714285714,0.17350292139356158,63.0,7.875,-0.4290684565736822,0.5946335534099495,0.00267941221098105,-0.007137510304649664,1,1.0,0.0,0,0.07142857142857142,0.0,0,0.0,0.0,0.0,8.08,2022,
C.McCoy,00-0027688,ARI,780.0,8.666666666666666,145.0,1.0,34.0,90.0,3.0,0.6206896551724138,-0.2617552864116169,368.0,4.088888888888889,0.18182943493880113,-0.3165167747257003,-0.0014105018412116214,-0.0007068382463220334,0,13.0,1.0,0,0.006896551724137931,0.020689655172413793,C.McCoy,0.0,36.0,2.5714285714285716,32.800000000000004,2022,
C.Rush,00-0033662,DAL,1051.0,11.180851063829786,169.0,5.0,52.0,94.0,3.0,0.5562130177514792,-0.08794996549643992,455.0,4.840425531914893,0.38095338873567774,-0.3943754215797639,0.005736776306611728,-0.0019261384178970188,0,7.0,1.0,0,0.029585798816568046,0.01775147928994083,C.Rush,0.0,6.0,0.6666666666666666,56.64,2022,3.26
C.Streveler,00-0035752,NYJ,90.0,9.0,15.0,0.0,5.0,10.0,0.0,0.6666666666666666,-0.26431241146832,17.0,1.7,1.0086100327045042,-1.272922444172824,0.003965174950038394,-0.0036715601493293934,0,0.0,1.0,0,0.0,0.0,C.Streveler,0.0,54.0,6.0,9.0,2022,
C.Wentz,00-0032950,WAS,1755.0,10.203488372093023,309.0,11.0,85.0,172.0,9.0,0.5566343042071198,-0.12919628524190288,826.0,4.8023255813953485,0.33801879290203757,-0.30430381519555705,0.0018555034799951,-0.002272431224655528,2,26.0,1.0,2,0.03559870550161812,0.02912621359223301,C.Wentz,1.0,86.0,3.909090909090909,110.8,2022,26.119999999999997
D.Blough,00-0035040,ARI,402.0,10.578947368421053,63.0,2.0,18.0,38.0,2.0,0.6031746031746031,-0.07661951056312793,225.0,5.921052631578948,0.30490597302359085,-0.1881307358273934,0.0010934989770938603,0.001094231055957769,0,5.0,1.0,1,0.031746031746031744,0.031746031746031744,D.Blough,0.0,5.0,1.25,18.58,2022,
D.Carr,00-0031280,LV,3522.0,11.547540983606558,532.0,24.0,161.0,305.0,14.0,0.5733082706766918,0.024018197285444035,1509.0,4.947540983606557,0.585720657227375,-0.4699576925377592,0.004381150161969637,-0.000990664118258589,0,27.0,2.0,0,0.045112781954887216,0.02631578947368421,D.Carr,0.0,102.0,4.25,219.07999999999998,2022,243.12
D.Jones,00-0035710,NYG,3205.0,10.110410094637224,519.0,15.0,156.0,317.0,5.0,0.6107899807321773,0.008886521871011502,1596.0,5.034700315457413,0.25192901305315485,-0.11749915964788996,0.007020985387055465,-0.002556775045280462,2,44.0,5.0,2,0.028901734104046242,0.009633911368015413,D.Jones,7.0,708.0,5.9,291.0,2022,30.36
D.Mills,00-0036898,HOU,3118.0,10.678082191780822,512.0,17.0,135.0,292.0,15.0,0.5703125,-0.14497926159852836,1524.0,5.219178082191781,0.358075284379702,-0.38336170254604324,0.007552286086235519,-0.007735418786133401,1,31.0,2.0,2,0.033203125,0.029296875,D.Mills,2.0,108.0,3.375,183.52,2022,17.82
D.Prescott,00-0033077,DAL,2860.0,10.957854406130268,414.0,23.0,142.0,261.0,15.0,0.6304347826086957,0.08899009642486516,1212.0,4.64367816091954,0.50744311217123,-0.33423348683854764,0.002441442671260473,0.0013733299449593473,0,20.0,1.0,0,0.05555555555555555,0.036231884057971016,D.Prescott,1.0,182.0,4.044444444444444,200.6,2022,344.84
D.Ridder,00-0038122,ATL,708.0,9.698630136986301,124.0,2.0,37.0,73.0,0.0,0.5887096774193549,-0.049653532828623885,328.0,4.493150684931507,0.5241232484704248,-0.44694831133631885,0.003661868071883822,-0.0011535485477551087,0,9.0,3.0,1,0.016129032258064516,0.0,D.Ridder,0.0,64.0,4.0,40.72,2022,182.74
D.Watson,00-0033537,CLE,1102.0,11.131313131313131,190.0,7.0,53.0,99.0,5.0,0.5210526315789473,-0.15879524439968185,530.0,5.353535353535354,0.5114555287489859,-0.5354559721489047,0.0008040764571378634,-0.0026289037011476995,0,20.0,1.0,0,0.03684210526315789,0.02631578947368421,D.Watson,1.0,175.0,4.861111111111111,85.58,2022,82.8
D.Webb,00-0033550,NYG,168.0,7.304347826086956,41.0,1.0,11.0,23.0,0.0,0.5609756097560976,-0.06008111063027762,76.0,3.3043478260869565,-0.021303773952240822,-0.016604364443794133,0.020012461616518595,-0.02390363072045145,0,0.0,0.0,0,0.024390243902439025,0.0,D.Webb,1.0,41.0,6.833333333333333,20.82,2022,
G.Minshew,00-0035289,PHI,663.0,15.068181818181818,82.0,3.0,30.0,44.0,3.0,0.5365853658536586,0.09055526269498022,251.0,5.704545454545454,0.6690955968822042,-0.4666975565442146,0.003226905193660639,0.002441028143684282,0,6.0,0.0,0,0.036585365853658534,0.036585365853658534,G.Minshew,1.0,3.0,0.42857142857142855,38.81999999999999,2022,196.2
G.Smith,00-0030565,SEA,4282.0,10.731829573934837,620.0,30.0,206.0,399.0,11.0,0.6435483870967742,0.0041991280955441255,1780.0,4.461152882205514,0.45208604754192305,-0.3056204247763302,0.0026810891695313306,0.0012047794401044642,0,46.0,6.0,2,0.04838709677419355,0.017741935483870968,G.Smith,1.0,366.0,5.382352941176471,307.88,2022,228.46
J.Allen,00-0034857,BUF,4283.0,11.930362116991644,601.0,35.0,212.0,359.0,14.0,0.5973377703826955,0.1484388988924459,1588.0,4.423398328690808,0.5937389672832634,-0.3408013226279491,0.003118727625451729,0.0028889086251060033,1,33.0,5.0,3,0.05823627287853577,0.02329450915141431,J.Allen,7.0,762.0,6.145161290322581,397.52,2022,398.64
J.Brissett,00-0033119,CLE,2608.0,11.05084745762712,395.0,12.0,129.0,236.0,6.0,0.5974683544303797,0.032307032154653775,1063.0,4.504237288135593,0.6092496075054239,-0.4379814445008798,0.006440881662514288,-0.003609295415360102,0,24.0,5.0,4,0.030379746835443037,0.015189873417721518,J.Brissett,2.0,243.0,4.959183673469388,168.62,2022,22.86
J.Burrow,00-0036442,CIN,4475.0,10.809178743961352,652.0,35.0,219.0,414.0,12.0,0.6349693251533742,0.12627719124280934,2133.0,5.1521739130434785,0.3343074429882329,-0.07745097396889032,0.0033922411310749073,0.0033638542278520583,3,41.0,5.0,3,0.05368098159509203,0.018404907975460124,J.Burrow,5.0,257.0,3.4266666666666667,350.7,2022,147.16000000000003
J.Dobbs,00-0033949,TEN,411.0,10.275,74.0,2.0,25.0,40.0,2.0,0.5405405405405406,-0.12127887214639319,213.0,5.325,0.3826736031093306,-0.25934438313990293,0.016273551889558664,-0.01459101088729882,0,6.0,2.0,2,0.02702702702702703,0.02702702702702703,J.Dobbs,0.0,44.0,5.5,20.840000000000003,2022,200.66
J.Driskel,00-0032436,HOU,108.0,7.714285714285714,22.0,1.0,5.0,14.0,0.0,0.6363636363636364,-0.09142459227322543,79.0,5.642857142857143,-0.45082336852647026,0.5062551944938602,-0.001246973872184755,0.004650953182780159,0,2.0,0.0,0,0.045454545454545456,0.0,J.Driskel,0.0,75.0,3.75,15.82,2022,13.940000000000001
J.Fields,00-0036945,CHI,2242.0,11.677083333333334,377.0,17.0,91.0,192.0,11.0,0.5092838196286472,-0.2230273790833354,949.0,4.942708333333333,0.4872121346555242,-0.47142680474226417,0.0008772018554213767,-0.0014986025156705299,1,55.0,6.0,3,0.04509283819628647,0.029177718832891247,J.Fields,8.0,1143.0,7.14375,293.98,2022,230.18
J.Flacco,00-0026158,NYJ,1051.0,9.554545454545455,201.0,5.0,55.0,110.0,3.0,0.5472636815920398,-0.15000427153617832,439.0,3.9909090909090907,0.49791258686229445,-0.5183141871640067,0.005419161208688178,-0.0053405595493838205,0,10.0,5.0,4,0.024875621890547265,0.014925373134328358,J.Flacco,0.0,6.0,2.0,48.64,2022,98.84
J.Garoppolo,00-0031345,SF,2437.0,11.772946859903382,326.0,16.0,114.0,207.0,4.0,0.6349693251533742,0.18925079121739713,1443.0,6.971014492753623,0.31244176490229286,-0.00648137035074056,-0.0009529672791623522,0.006847735482874585,0,18.0,4.0,1,0.049079754601226995,0.012269938650306749,J.Garoppolo,2.0,33.0,1.434782608695652,166.78000000000003,2022,64.10000000000001
J.Goff,00-0033106,DET,4438.0,11.61780104712042,611.0,29.0,227.0,382.0,7.0,0.6252045826513911,0.15787801663931564,2271.0,5.945026178010472,0.3101038551346886,-0.060010063916079825,0.0005862017510190131,0.005264840575365248,1,23.0,4.0,3,0.04746317512274959,0.011456628477905073,J.Goff,0.0,73.0,2.5172413793103448,282.82,2022,291.1
J.Herbert,00-0036355,LAC,4739.0,9.935010482180294,738.0,25.0,228.0,477.0,10.0,0.6463414634146342,0.011475932286195228,2475.0,5.188679245283019,0.26858513771134324,-0.15576928084805208,0.002113680807408159,0.0011774585805574408,1,38.0,6.0,3,0.03387533875338753,0.013550135501355014,J.Herbert,0.0,147.0,2.7222222222222223,280.26,2022,232.16000000000003
J.Hurts,00-0036389,PHI,3701.0,12.094771241830065,499.0,22.0,165.0,306.0,6.0,0.6132264529058116,0.07334777480383327,1802.0,5.888888888888889,0.40299922005411337,-0.18619694721787394,-0.0007828727319974072,0.0058932102455501265,0,38.0,8.0,3,0.04408817635270541,0.012024048096192385,J.Hurts,13.0,760.0,4.606060606060606,372.03999999999996,2022,364.82
J.Love,00-0036264,GB,195.0,13.928571428571429,21.0,1.0,9.0,14.0,0.0,0.6666666666666666,0.1681361903298769,117.0,8.357142857142858,0.7418552726448973,-0.5658538607248003,0.00042385096603538735,0.0036986630818465075,0,0.0,0.0,0,0.047619047619047616,0.0,J.Love,0.0,-1.0,-1.0,11.700000000000001,2022,321.06
J.Stidham,00-0035264,LV,656.0,12.377358490566039,90.0,4.0,32.0,53.0,3.0,0.5888888888888889,-0.05700137879898418,261.0,4.9245283018867925,0.571104195918514,-0.4796936874807064,0.007788681106284858,-0.00890694599304755,0,7.0,1.0,1,0.044444444444444446,0.03333333333333333,J.Stidham,0.0,84.0,6.0,42.63999999999999,2022,26.64
J.Winston,00-0031503,NO,858.0,11.753424657534246,127.0,4.0,35.0,73.0,5.0,0.5748031496062992,-0.11063767195201892,202.0,2.767123287671233,0.7283348750721753,-0.7299500040127163,0.0058488902615404905,-0.0023025617707000848,1,11.0,2.0,0,0.031496062992125984,0.03937007874015748,J.Winston,0.0,16.0,3.2,43.92,2022,11.960000000000003
J.Wolford,00-0034899,LA,390.0,10.263157894736842,69.0,1.0,19.0,38.0,3.0,0.5507246376811594,-0.28621360963615433,198.0,5.2105263157894735,0.3763593045652901,-0.47025498905929647,0.0028971089135888836,-0.0028303102928123676,0,7.0,1.0,1,0.014492753623188406,0.043478260869565216,J.Wolford,0.0,32.0,4.0,14.8,2022,
K.Allen,00-0034577,HOU,416.0,9.043478260869565,85.0,2.0,19.0,46.0,4.0,0.5411764705882353,-0.484974130411527,239.0,5.195652173913044,0.18065509755680806,-0.5892994832908005,-0.0046902283930864465,-0.0035817781003372315,0,5.0,1.0,0,0.023529411764705882,0.047058823529411764,K.Allen,0.0,21.0,3.0,18.740000000000002,2022,
K.Cousins,00-0029604,MIN,4547.0,10.724056603773585,693.0,29.0,230.0,424.0,14.0,0.6118326118326118,0.029506248511813375,1954.0,4.6084905660377355,0.4207202114758205,-0.25920150802635267,0.003952052443551566,0.0032742118638530715,3,46.0,4.0,3,0.04184704184704185,0.020202020202020204,K.Cousins,2.0,97.0,3.129032258064516,291.58,2022,149.74
K.Murray,00-0035228,ARI,2368.0,9.142857142857142,421.0,14.0,119.0,259.0,7.0,0.6152019002375297,-0.04258632609430278,1254.0,4.841698841698841,0.326205869355177,-0.26457967186174963,0.003709673508374952,-0.002342648622503346,3,25.0,0.0,0,0.0332541567695962,0.0166270783847981,K.Murray,3.0,418.0,6.2388059701492535,202.51999999999998,2022,146.35999999999999
K.Pickett,00-0038102,PIT,2404.0,9.812244897959184,418.0,7.0,123.0,245.0,9.0,0.5861244019138756,-0.021434705183711527,1042.0,4.253061224489796,0.4605716396092998,-0.3757921873518325,0.0074094128087756955,-0.004137139896104559,2,27.0,1.0,1,0.01674641148325359,0.0215311004784689,K.Pickett,3.0,237.0,4.3090909090909095,149.85999999999999,2022,110.2
L.Jackson,00-0034796,BAL,2242.0,11.044334975369457,353.0,17.0,105.0,203.0,7.0,0.5750708215297451,0.013329139046541486,974.0,4.798029556650246,0.5372806662574463,-0.4167133892185174,0.003064703080281604,0.0002222968280002973,1,26.0,2.0,1,0.04815864022662889,0.019830028328611898,L.Jackson,3.0,764.0,6.821428571428571,238.08,2022,335.22
M.Jones,00-0036972,NE,2997.0,10.40625,480.0,14.0,127.0,288.0,11.0,0.6,-0.08893584748926425,1431.0,4.96875,0.33975316944205636,-0.2939812487092395,0.0015199403983301612,0.0010568860559100615,1,34.0,4.0,1,0.029166666666666667,0.022916666666666665,M.Jones,1.0,102.0,2.1702127659574466,170.07999999999998,2022,108.39999999999999
M.Mariota,00-0032268,ATL,2219.0,12.059782608695652,330.0,15.0,111.0,184.0,9.0,0.5575757575757576,-0.019017541776749598,912.0,4.956521739130435,0.6534573874022399,-0.5218251795955505,0.002071871267442005,0.001025745801490332,2,28.0,3.0,1,0.045454545454545456,0.02727272727272727,M.Mariota,4.0,438.0,5.152941176470589,200.56,2022,11.759999999999998
M.Ryan,00-0026143,IND,3057.0,9.893203883495145,503.0,14.0,156.0,309.0,13.0,0.614314115308151,-0.09160994193507285,1408.0,4.55663430420712,0.2144462175370616,-0.15130929179742256,0.003153885536479278,0.0031263672135948915,0,38.0,6.0,3,0.027833001988071572,0.02584493041749503,M.Ryan,1.0,70.0,2.5925925925925926,159.28,2022,
M.Stafford,00-0026498,LA,2087.0,10.131067961165048,332.0,10.0,105.0,206.0,8.0,0.6204819277108434,-0.08779621300025939,1119.0,5.432038834951456,0.2921187607679061,-0.20457309833627105,0.0034224051449062223,-0.000348282354584155,0,29.0,4.0,3,0.030120481927710843,0.024096385542168676,M.Stafford,1.0,9.0,0.6923076923076923,108.38000000000001,2022,241.1
M.Trubisky,00-0033869,PIT,1252.0,10.7008547008547,192.0,4.0,65.0,117.0,5.0,0.609375,0.009969538480335228,388.0,3.3162393162393164,0.5975090126937365,-0.5080704268818605,0.020330344779450806,-0.013538837145442437,1,11.0,1.0,0,0.020833333333333332,0.026041666666666668,M.Trubisky,2.0,38.0,2.0,73.88,2022,50.68
M.White,00-0034401,NYJ,1192.0,11.572815533980583,184.0,3.0,56.0,103.0,4.0,0.5597826086956522,-0.04145579877099764,568.0,5.514563106796117,0.42620529113462374,-0.4024368437453296,0.009046653376373462,-0.009081989685059412,0,9.0,1.0,1,0.016304347826086956,0.021739130434782608,M.White,1.0,9.0,1.5,56.58,2022,
M.Willis,00-0038128,TEN,276.0,8.903225806451612,71.0,0.0,11.0,31.0,3.0,0.43661971830985913,-0.5470097049467598,144.0,4.645161290322581,0.25154404384112666,-0.6887058003562514,0.012368979597593989,-0.027885351898401523,0,10.0,0.0,0,0.0,0.04225352112676056,M.Willis,1.0,123.0,4.555555555555555,23.34,2022,
N.Foles,00-0029567,IND,225.0,9.0,50.0,0.0,9.0,25.0,4.0,0.5,-0.6834245387002608,90.0,3.6,0.4478883542538997,-0.9897120028608108,0.006895095710032818,-0.01594186279739985,0,8.0,0.0,0,0.0,0.08,N.Foles,0.0,8.0,4.0,1.8,2022,
N.Mullens,00-0033319,MIN,224.0,10.666666666666666,25.0,1.0,11.0,21.0,1.0,0.84,0.4974998056324985,117.0,5.571428571428571,0.304339524637427,0.1931602809950707,0.0005423697357098297,0.0009590935555752342,0,0.0,0.0,0,0.04,0.04,N.Mullens,0.0,8.0,2.0,11.760000000000002,2022,66.74000000000001
N.Peterman,00-0033958,CHI,139.0,9.928571428571429,26.0,1.0,9.0,14.0,1.0,0.5384615384615384,-0.1959027133080572,44.0,3.142857142857143,0.6255269240161091,-0.7309129630981864,0.018052788085090758,-0.020615793886280494,0,1.0,0.0,0,0.038461538461538464,0.038461538461538464,0,0.0,0.0,0.0,7.559999999999999,2022,
P.Mahomes,00-0033873,KC,5250.0,12.068965517241379,677.0,41.0,272.0,435.0,12.0,0.6425406203840472,0.25845402285097996,2827.0,6.498850574712644,0.3994766807179971,-0.06803402617457047,-0.003598920865837328,0.012527555868949443,2,26.0,4.0,0,0.060561299852289516,0.01772525849335303,P.Mahomes,4.0,358.0,5.868852459016393,413.8,2022,239.32
P.Walker,00-0033275,CAR,731.0,11.603174603174603,113.0,3.0,30.0,63.0,3.0,0.5575221238938053,-0.1763886020881107,408.0,6.476190476190476,0.34033546254603275,-0.4349342558678622,0.001526826014587787,0.003105521268317604,0,7.0,0.0,0,0.02654867256637168,0.02654867256637168,P.Walker,0.0,39.0,6.5,39.13999999999999,2022,19.96
R.Tannehill,00-0029701,TEN,2536.0,11.962264150943396,359.0,13.0,116.0,212.0,6.0,0.5905292479108635,0.044824340352691734,1179.0,5.561320754716981,0.4304616357425132,-0.20968578915910363,0.0018176717554714058,0.004868793075813098,1,33.0,2.0,1,0.036211699164345405,0.016713091922005572,R.Tannehill,2.0,98.0,2.8823529411764706,163.24,2022,80.04
R.Wilson,00-0029263,DEN,3524.0,12.068493150684931,539.0,16.0,142.0,292.0,11.0,0.5417439703153989,-0.10564751340983362,1720.0,5.890410958904109,0.4950802931940374,-0.41400012282606585,0.001788440526129869,-0.0006487886535221622,0,55.0,2.0,2,0.029684601113172542,0.02040816326530612,R.Wilson,3.0,277.0,5.036363636363636,224.66,2022,254.9
S.Darnold,00-0034869,CAR,1143.0,13.939024390243903,150.0,7.0,57.0,82.0,3.0,0.5466666666666666,0.14048456933242653,529.0,6.451219512195122,0.4495362063026884,-0.19073796100818027,-0.00041013794686892494,0.003797166295757314,0,10.0,1.0,1,0.04666666666666667,0.02,S.Darnold,2.0,106.0,4.076923076923077,88.32,2022,23.380000000000003
S.Ehlinger,00-0036879,IND,573.0,8.953125,115.0,3.0,28.0,64.0,3.0,0.5565217391304348,-0.35290202233056917,293.0,4.578125,0.41897695037590477,-0.5766231295533145,-0.002003611969184155,-0.005867335880088894,0,14.0,1.0,1,0.02608695652173913,0.02608695652173913,S.Ehlinger,0.0,87.0,5.117647058823529,35.620000000000005,2022,
S.Howell,00-0037077,WAS,169.0,15.363636363636363,22.0,1.0,6.0,11.0,1.0,0.5,-0.33917202445009464,75.0,6.818181818181818,0.4475849905756343,-0.6355455377184382,4.12495512711473e-05,-0.002549241726565448,0,3.0,0.0,0,0.045454545454545456,0.045454545454545456,S.Howell,1.0,35.0,7.0,18.259999999999998,2022,256.14
S.Thompson,00-0037327,MIA,534.0,8.9,111.0,1.0,26.0,60.0,3.0,0.5405405405405406,-0.2948856188604228,208.0,3.466666666666667,0.26943152301218587,-0.44355845062578236,0.006465044333753199,-0.011892145611013167,0,6.0,1.0,1,0.009009009009009009,0.02702702702702703,S.Thompson,0.0,21.0,1.5,19.46,2022,
T.Brady,00-0019596,TB,4694.0,9.579591836734695,761.0,25.0,237.0,490.0,9.0,0.6438896189224704,0.05428936434201335,2278.0,4.648979591836735,0.304760571097007,-0.18792177531092555,0.001896408254229556,0.0028336602216146767,2,22.0,7.0,2,0.0328515111695138,0.011826544021024968,T.Brady,1.0,-1.0,-0.034482758620689655,275.65999999999997,2022,
T.Bridgewater,00-0031237,MIA,683.0,13.938775510204081,87.0,4.0,32.0,49.0,4.0,0.5632183908045977,-0.06750626297356123,307.0,6.26530612244898,0.5645868499530358,-0.4995654886386195,0.004390815141825479,-0.00558190846325442,0,7.0,1.0,0,0.04597701149425287,0.04597701149425287,0,0.0,0.0,0.0,35.32,2022,
T.Heinicke,00-0031800,WAS,1859.0,11.546583850931677,278.0,12.0,93.0,161.0,6.0,0.579136690647482,-0.045722999106896395,772.0,4.795031055900621,0.5358802703405587,-0.40492884332687373,0.00578991164919756,-0.001836246214173252,0,19.0,5.0,5,0.04316546762589928,0.02158273381294964,T.Heinicke,1.0,96.0,3.4285714285714284,115.96,2022,66.0
T.Hill,00-0033357,NO,240.0,18.46153846153846,21.0,2.0,11.0,13.0,0.0,0.6190476190476191,0.5993419792646497,102.0,7.846153846153846,0.7806586192240682,0.02866493606339442,0.0009462519695884316,0.012971068209331664,0,2.0,0.0,0,0.09523809523809523,0.0,0,0.0,0.0,0.0,17.6,2022,72.92
T.Huntley,00-0035993,BAL,658.0,8.773333333333333,119.0,2.0,31.0,75.0,3.0,0.6302521008403361,-0.1049134603169798,254.0,3.3866666666666667,0.3800005778275714,-0.41697412238145215,0.00022374083714703179,-0.0001866190270944183,0,7.0,1.0,0,0.01680672268907563,0.025210084033613446,T.Huntley,1.0,137.0,3.186046511627907,48.019999999999996,2022,25.619999999999997
T.Lance,00-0037012,SF,194.0,12.933333333333334,33.0,0.0,6.0,15.0,1.0,0.45454545454545453,-0.2947185542625981,80.0,5.333333333333333,0.2847225374810687,-0.48349194017882935,0.004535737056886017,-0.004569900762890613,0,2.0,0.0,0,0.0,0.030303030303030304,T.Lance,0.0,67.0,4.1875,12.46,2022,
T.Lawrence,00-0036971,JAX,4113.0,10.627906976744185,617.0,25.0,206.0,387.0,8.0,0.6272285251215559,0.13540717240638672,2020.0,5.219638242894057,0.4028556619094636,-0.1655105586982683,0.0020606010339473545,0.0031722649779331994,3,27.0,6.0,5,0.04051863857374392,0.012965964343598054,T.Lawrence,5.0,291.0,4.693548387096774,303.62,2022,264.53999999999996
T.McSorley,00-0035146,ARI,412.0,9.155555555555555,87.0,0.0,17.0,45.0,5.0,0.5172413793103449,-0.4291399943423713,207.0,4.6,0.2851529538371635,-0.6286612723159546,0.006047647474965413,-0.012071873104304813,0,3.0,1.0,1,0.0,0.05747126436781609,T.McSorley,0.0,61.0,4.066666666666666,10.58,2022,
T.Siemian,00-0032156,CHI,184.0,12.266666666666667,28.0,1.0,7.0,15.0,1.0,0.5357142857142857,-0.25551397616012334,116.0,7.733333333333333,0.4022924142347903,-0.5454025934141579,0.002787621528702942,0.0049734574086659706,0,2.0,0.0,0,0.03571428571428571,0.03571428571428571,T.Siemian,0.0,8.0,2.0,10.16,2022,28.96
T.Tagovailoa,00-0036212,MIA,3548.0,13.698841698841699,422.0,25.0,162.0,259.0,8.0,0.6137440758293838,0.2143280106262424,1274.0,4.918918918918919,0.661131862149738,-0.33098181504191226,0.0036142555287387588,0.004021040080533474,0,21.0,2.0,1,0.05924170616113744,0.018957345971563982,T.Tagovailoa,0.0,70.0,2.9166666666666665,230.92,2022,280.36
T.Taylor,00-0028118,NYG,58.0,9.666666666666666,12.0,1.0,3.0,6.0,1.0,0.5,-0.2776947425409066,26.0,4.333333333333333,0.5987842647227801,-0.24183101279777422,0.0019517942182574253,-0.00045722753202425727,1,3.0,1.0,1,0.08333333333333333,0.08333333333333333,T.Taylor,0.0,85.0,9.444444444444445,12.82,2022,87.14
Z.Wilson,00-0037013,NYJ,1688.0,12.787878787878787,265.0,6.0,73.0,132.0,7.0,0.4981132075471698,-0.13664549038437787,810.0,6.136363636363637,0.5754060130749158,-0.5678190079350707,0.0002886301496117301,0.0014840954191199405,0,23.0,1.0,1,0.022641509433962263,0.026415094339622643,Z.Wilson,1.0,102.0,3.642857142857143,91.72,2022,123.94
A.Dalton,00-0027973,CAR,361.0,10.617647058823529,61.0,2.0,17.0,34.0,0.0,0.5573770491803278,0.07456278018405235,128.0,3.764705882352941,0.4075591721369257,-0.20961592855947578,0.002986446980884826,0.0013711326463945956,0,3.0,0.0,0,0.03278688524590164,0.0,A.Dalton,0.0,12.0,4.0,23.639999999999997,2023,58.96
A.O'Connell,00-0038579,LV,2218.0,10.413145539906104,368.0,12.0,107.0,213.0,7.0,0.5788043478260869,-0.060761698748214125,1058.0,4.967136150234742,0.2368941388006034,-0.16277542713424398,0.004900728323660889,-0.006526735909721258,0,24.0,4.0,2,0.03260869565217391,0.019021739130434784,A.O'Connell,1.0,11.0,0.6470588235294118,125.82,2023,97.48
A.Richardson,00-0039164,IND,577.0,11.54,93.0,3.0,31.0,50.0,1.0,0.5376344086021505,0.017557941322020976,297.0,5.94,0.3612087924910677,-0.2562358883093153,0.010653561468990068,-0.008822865127224676,2,7.0,1.0,1,0.03225806451612903,0.010752688172043012,A.Richardson,4.0,136.0,5.44,72.68,2023,162.46
B.Gabbert,00-0027948,KC,185.0,10.277777777777779,36.0,0.0,8.0,18.0,3.0,0.5,-0.44842464181010466,118.0,6.555555555555555,-0.08237680938660316,-0.31654240229145086,0.0006440043449401857,-0.003732879720337223,0,1.0,0.0,0,0.0,0.08333333333333333,B.Gabbert,0.0,45.0,6.428571428571429,5.9,2023,
B.Hoyer,00-0026625,LV,231.0,10.043478260869565,43.0,0.0,14.0,23.0,2.0,0.5348837209302325,-0.20420401752010264,80.0,3.4782608695652173,0.7956640238366417,-0.970687083343166,0.0019196539762474261,-0.0022371168154114384,0,1.0,0.0,0,0.0,0.046511627906976744,B.Hoyer,0.0,-3.0,-1.0,4.94,2023,
B.Mayfield,00-0034855,TB,4044.0,11.10989010989011,610.0,28.0,188.0,364.0,10.0,0.5967213114754099,0.06345108809801069,1927.0,5.293956043956044,0.5485579040116014,-0.3633183600318148,0.00340409772121557,0.0015784533414803586,2,40.0,7.0,3,0.04590163934426229,0.01639344262295082,B.Mayfield,1.0,163.0,2.629032258064516,274.06,2023,365.8
B.Purdy,00-0037834,SF,4280.0,13.896103896103897,472.0,31.0,192.0,308.0,11.0,0.652542372881356,0.29417861586546884,2034.0,6.603896103896104,0.4973950881132558,-0.07128336416109007,0.0026213727061352005,0.004534548357694934,0,28.0,3.0,2,0.06567796610169492,0.023305084745762712,B.Purdy,2.0,144.0,3.6923076923076925,295.59999999999997,2023,266.86
B.Rypien,00-0034955,LA,172.0,9.555555555555555,40.0,0.0,8.0,18.0,1.0,0.45,-0.49313228768533596,84.0,4.666666666666667,0.4608013921265645,-0.7767720066876856,0.025261962555783918,-0.027945560074792763,0,2.0,1.0,0,0.0,0.025,0,0.0,0.0,0.0,4.88,2023,
B.Young,00-0039150,CAR,2877.0,9.133333333333333,590.0,11.0,133.0,315.0,10.0,0.5338983050847458,-0.2823036672108843,1300.0,4.126984126984127,0.4242718772778005,-0.4952360827518473,0.007620081201420833,-0.008022513108172582,1,62.0,7.0,7,0.01864406779661017,0.01694915254237288,B.Young,0.0,253.0,6.487179487179487,152.38,2023,197.02
B.Zappe,00-0038108,NE,1272.0,10.015748031496063,237.0,6.0,53.0,127.0,9.0,0.5358649789029536,-0.3629600818898432,637.0,5.015748031496063,0.3604953201488752,-0.5433540012291861,0.0006604506323935637,-0.004832487757969267,0,25.0,3.0,2,0.02531645569620253,0.0379746835443038,B.Zappe,1.0,83.0,4.882352941176471,67.17999999999999,2023,7.000000000000001
C.Beathard,00-0033936,JAX,349.0,8.725,60.0,1.0,19.0,40.0,0.0,0.6666666666666666,-0.007611673693055868,150.0,3.75,0.4880452166044566,-0.3674032302203714,0.0069804684442208885,-0.0005727021078818438,0,6.0,1.0,0,0.016666666666666666,0.0,C.Beathard,0.0,35.0,4.375,21.46,2023,
C.Keenum,00-0028986,HOU,291.0,8.558823529411764,59.0,1.0,14.0,34.0,3.0,0.576271186440678,-0.35002253189155547,146.0,4.294117647058823,0.3519770972466948,-0.5623186596226809,0.01367475419737133,-0.011062675591088682,0,6.0,0.0,0,0.01694915254237288,0.05084745762711865,C.Keenum,0.0,1.0,0.5,9.74,2023,
C.Rush,00-0033662,DAL,144.0,8.0,25.0,0.0,7.0,18.0,1.0,0.72,-0.20959790990276833,80.0,4.444444444444445,0.5241381167737322,-0.676826200794153,-5.240241686504736e-06,7.492442212725499e-06,0,1.0,0.0,0,0.0,0.04,C.Rush,0.0,-5.0,-0.4166666666666667,3.26,2023,113.56
C.Stroud,00-0039163,HOU,4108.0,12.877742946708464,541.0,23.0,188.0,319.0,5.0,0.589648798521257,0.0968511714187286,1762.0,5.523510971786834,0.6295955464961817,-0.36942107197098784,0.003818536125268174,0.004891140252815686,0,38.0,6.0,5,0.04251386321626617,0.009242144177449169,C.Stroud,3.0,157.0,4.0256410256410255,270.02,2023,224.38000000000002
C.Tune,00-0038582,ARI,62.0,5.166666666666667,28.0,0.0,3.0,12.0,2.0,0.42857142857142855,-1.2410551133091627,43.0,3.5833333333333335,-0.49070664427043637,-0.49183458629773796,0.03390388083755084,-0.048449961597119284,0,7.0,1.0,1,0.0,0.07142857142857142,C.Tune,1.0,30.0,3.75,5.48,2023,
C.Wentz,00-0032950,LA,163.0,9.588235294117647,27.0,2.0,11.0,17.0,1.0,0.6296296296296297,0.3006612245264047,65.0,3.823529411764706,0.7833048052246641,-0.26735530486621445,0.013904079263461105,0.003759082406759254,1,2.0,0.0,0,0.07407407407407407,0.037037037037037035,C.Wentz,1.0,56.0,3.2941176470588234,26.119999999999997,2023,4.72
D.Carr,00-0031280,NO,3878.0,10.341333333333333,581.0,25.0,185.0,375.0,8.0,0.6454388984509466,0.04823589899074275,1696.0,4.522666666666667,0.40659919105861125,-0.24964122590262144,0.006344542844234552,-0.002913710830128347,2,31.0,2.0,2,0.043029259896729774,0.013769363166953529,D.Carr,0.0,40.0,1.25,243.12,2023,150.9
D.Jones,00-0035710,NYG,909.0,8.416666666666666,191.0,2.0,43.0,108.0,6.0,0.5654450261780105,-0.3448203446029143,440.0,4.074074074074074,0.19676436698344546,-0.32431681432554343,0.0016976310912803713,-0.0009061916134106987,0,30.0,2.0,1,0.010471204188481676,0.031413612565445025,0,0.0,0.0,0.0,30.36,2023,135.3
D.Lock,00-0035704,SEA,543.0,11.3125,83.0,3.0,20.0,48.0,3.0,0.5783132530120482,-0.01928581676021526,305.0,6.354166666666667,0.2531783096879064,-0.11465938572981087,0.007998090639288752,0.0013157483191451218,0,6.0,0.0,0,0.03614457831325301,0.03614457831325301,D.Lock,0.0,14.0,2.8,29.119999999999997,2023,80.14
D.Mills,00-0036898,HOU,173.0,9.61111111111111,42.0,2.0,12.0,18.0,0.0,0.42857142857142855,-0.09468041662745981,74.0,4.111111111111111,0.645048521247167,-0.7372038015313684,-5.883355062246458e-05,0.0004900118680476875,1,2.0,0.0,0,0.047619047619047616,0.0,D.Mills,0.0,9.0,4.5,17.82,2023,9.58
D.Prescott,00-0033077,DAL,4516.0,11.014634146341463,631.0,36.0,222.0,410.0,9.0,0.6497622820919176,0.17593407277224268,1963.0,4.787804878048781,0.4690295558548732,-0.1632306088379084,0.003632718619934919,0.004428130492942011,2,39.0,3.0,1,0.05705229793977813,0.014263074484944533,D.Prescott,2.0,242.0,4.4,344.84,2023,116.52000000000001
D.Ridder,00-0038122,ATL,2836.0,11.389558232931726,422.0,12.0,136.0,249.0,12.0,0.590047393364929,-0.09221464706481747,1222.0,4.907630522088353,0.4646190763984357,-0.42241823321196637,0.0014575599916169055,0.0019018534688860374,2,31.0,5.0,4,0.02843601895734597,0.02843601895734597,D.Ridder,5.0,193.0,3.641509433962264,182.74,2023,21.92
D.Thompson-Robinson,00-0038583,CLE,440.0,7.333333333333333,119.0,1.0,26.0,60.0,4.0,0.5042016806722689,-0.33216075711577925,204.0,3.4,0.2788872032484505,-0.5162596058883159,0.004717548976703128,-0.009066703285630364,0,6.0,0.0,0,0.008403361344537815,0.03361344537815126,D.Thompson-Robinson,0.0,65.0,4.642857142857143,20.1,2023,15.8
D.Watson,00-0033537,CLE,1115.0,10.619047619047619,188.0,7.0,52.0,105.0,4.0,0.5585106382978723,-0.13808598681874,499.0,4.752380952380952,0.5323517927222854,-0.5164623360113176,0.0021266068522034685,-0.006334089798217391,0,17.0,3.0,1,0.03723404255319149,0.02127659574468085,D.Watson,1.0,142.0,5.461538461538462,82.8,2023,78.72
E.Stick,00-0035282,LAC,1129.0,10.17117117117117,188.0,3.0,53.0,111.0,1.0,0.5904255319148937,-0.18091481976485263,578.0,5.207207207207207,0.3197866814587478,-0.23255346473353933,-3.014149283415935e-06,-0.0006274027065587695,0,14.0,4.0,4,0.015957446808510637,0.005319148936170213,E.Stick,1.0,144.0,5.333333333333333,67.56,2023,
G.Minshew,00-0035289,IND,3305.0,10.836065573770492,527.0,15.0,147.0,305.0,9.0,0.5787476280834914,-0.012509879608450411,1566.0,5.134426229508197,0.3239277372223708,-0.19733103985498354,0.0009116816394826809,0.004630331430016272,2,34.0,5.0,5,0.028462998102466792,0.017077798861480076,G.Minshew,3.0,100.0,2.9411764705882355,196.2,2023,98.32
G.Smith,00-0030565,SEA,3624.0,11.219814241486068,532.0,20.0,169.0,323.0,9.0,0.6071428571428571,0.06493709871085364,1714.0,5.306501547987616,0.3791387680935929,-0.2047666201892164,6.683081549325552e-05,0.00672703391433029,2,31.0,2.0,2,0.03759398496240601,0.016917293233082706,G.Smith,1.0,155.0,4.1891891891891895,228.46,2023,266.0
J.Allen,00-0034857,BUF,4306.0,11.184415584415584,607.0,29.0,199.0,385.0,18.0,0.6342668863261944,0.12279099298040534,1973.0,5.124675324675325,0.53867850871968,-0.3465299450085821,-0.004330773970881961,0.009641724044058766,3,24.0,5.0,1,0.047775947281713346,0.029654036243822075,J.Allen,15.0,524.0,4.7207207207207205,398.64,2023,372.34000000000003
J.Brissett,00-0033119,WAS,224.0,12.444444444444445,23.0,3.0,10.0,18.0,0.0,0.782608695652174,0.7119884693972337,70.0,3.888888888888889,0.7911532172976246,-0.0791647479003905,-0.011095260741843251,0.008474700446443061,0,0.0,0.0,0,0.13043478260869565,0.0,J.Brissett,0.0,19.0,6.333333333333333,22.86,2023,45.24
J.Browning,00-0035100,CIN,1936.0,11.321637426900585,268.0,12.0,93.0,171.0,7.0,0.6380597014925373,0.08713461618093668,1109.0,6.485380116959064,0.2259099220641463,0.008300809079114036,0.004683886541076775,0.0034795499846698853,1,24.0,0.0,0,0.04477611940298507,0.026119402985074626,J.Browning,3.0,127.0,4.703703703703703,144.14,2023,
J.Burrow,00-0036442,CIN,2309.0,9.46311475409836,389.0,15.0,115.0,244.0,6.0,0.6272493573264781,0.0030059654929803672,1239.0,5.077868852459017,0.22120038354217747,-0.08710332179039675,0.00034060169515192837,0.004351292156887552,0,24.0,2.0,1,0.038560411311053984,0.015424164524421594,J.Burrow,0.0,88.0,2.838709677419355,147.16000000000003,2023,370.82000000000005
J.Dobbs,00-0033949,ARI,2464.0,9.404580152671755,450.0,13.0,126.0,262.0,10.0,0.5822222222222222,-0.18131257149055102,1003.0,3.8282442748091605,0.4256809224405221,-0.44734777190525304,0.0030355573490540525,-0.00541579793086607,1,30.0,5.0,5,0.028888888888888888,0.022222222222222223,J.Dobbs,6.0,421.0,5.467532467532467,200.66,2023,32.839999999999996
J.Driskel,00-0032436,CLE,166.0,12.76923076923077,29.0,2.0,8.0,13.0,2.0,0.4482758620689655,-0.3778347601865194,74.0,5.6923076923076925,0.5519059701148838,-0.7539748901427423,-0.0004264772510400226,-0.006547189550117206,0,3.0,0.0,0,0.06896551724137931,0.06896551724137931,J.Driskel,0.0,33.0,4.714285714285714,13.940000000000001,2023,
J.Fields,00-0036945,CHI,2562.0,11.286343612334802,416.0,16.0,121.0,227.0,9.0,0.5456730769230769,-0.1103507540500856,1224.0,5.392070484581498,0.4462722167179168,-0.34883855707931666,0.0030770082437504304,0.0004051555462824718,0,44.0,5.0,4,0.038461538461538464,0.021634615384615384,J.Fields,4.0,657.0,5.298387096774194,230.18,2023,119.14000000000001
J.Flacco,00-0026158,CLE,1616.0,13.138211382113822,213.0,13.0,60.0,123.0,8.0,0.5774647887323944,-0.05023653934718252,678.0,5.512195121951219,0.5867996496275664,-0.5637586804152438,-0.008100661325466938,0.010366281230015447,1,8.0,3.0,2,0.06103286384976526,0.03755868544600939,J.Flacco,0.0,2.0,0.2222222222222222,98.84,2023,101.03999999999999
J.Garoppolo,00-0031345,LV,1205.0,10.954545454545455,184.0,7.0,60.0,110.0,9.0,0.5978260869565217,-0.09841649681446815,468.0,4.254545454545455,0.43026257903340115,-0.3786108712878657,0.010298993388042917,-0.0063074305083470825,1,14.0,0.0,0,0.03804347826086957,0.04891304347826087,J.Garoppolo,0.0,39.0,1.95,64.10000000000001,2023,19.86
J.Goff,00-0033106,DET,4575.0,11.24078624078624,640.0,30.0,227.0,407.0,12.0,0.6359375,0.10893099703273987,2147.0,5.275184275184275,0.22823547369979175,-0.013589807387447812,-0.001286325123215439,0.008647592032183711,2,30.0,5.0,3,0.046875,0.01875,J.Goff,2.0,21.0,0.65625,291.1,2023,316.76
J.Hall,00-0038598,MIN,168.0,12.923076923076923,24.0,0.0,7.0,13.0,1.0,0.5416666666666666,-0.5281684498932232,99.0,7.615384615384615,0.4643470748269469,-0.5378809322130378,3.3971667289735e-05,0.000717575103044538,0,4.0,2.0,2,0.0,0.041666666666666664,J.Hall,0.0,14.0,2.3333333333333335,2.1199999999999997,2023,
J.Herbert,00-0036355,LAC,3134.0,10.552188552188552,486.0,20.0,150.0,297.0,7.0,0.6111111111111112,0.02272864047862131,1555.0,5.235690235690235,0.41756425930509966,-0.2798521474410461,0.004349790589629839,0.002125086800514484,1,29.0,5.0,1,0.0411522633744856,0.01440329218106996,J.Herbert,3.0,228.0,4.384615384615385,232.16000000000003,2023,287.40000000000003
J.Hurts,00-0036389,PHI,3858.0,10.960227272727273,575.0,23.0,185.0,352.0,15.0,0.6121739130434782,0.07146362218732577,1697.0,4.8210227272727275,0.504549568358763,-0.33516513282918264,0.005040242912650157,-0.001223500797379065,0,36.0,5.0,1,0.04,0.02608695652173913,J.Hurts,15.0,605.0,3.8535031847133756,364.82,2023,319.12
J.Love,00-0036264,GB,4159.0,11.18010752688172,611.0,32.0,209.0,372.0,11.0,0.6088379705400983,0.13526965403764427,1917.0,5.153225806451613,0.5225378078972404,-0.30234752690633404,0.0016590166137133962,0.0036443605512699808,2,30.0,2.0,2,0.05237315875613748,0.01800327332242226,J.Love,4.0,247.0,4.94,321.06,2023,232.06
J.Stidham,00-0035264,DEN,496.0,12.4,73.0,2.0,19.0,40.0,1.0,0.547945205479452,0.06922494789048857,334.0,8.35,0.5529375443112452,-0.3107863780684948,0.0010013733849380986,0.0032805196784972683,0,7.0,0.0,0,0.0273972602739726,0.0136986301369863,J.Stidham,0.0,8.0,0.8888888888888888,26.64,2023,
J.Winston,00-0031503,NO,264.0,10.56,49.0,2.0,10.0,25.0,3.0,0.5102040816326531,-0.19977590969043252,85.0,3.4,0.9291669282814331,-1.0867629767038876,8.084503941713612e-05,-0.004155083757607211,0,2.0,0.0,0,0.04081632653061224,0.061224489795918366,J.Winston,0.0,-6.0,-1.2,11.960000000000003,2023,131.14
K.Cousins,00-0029604,MIN,2331.0,10.791666666666666,328.0,18.0,112.0,216.0,5.0,0.6585365853658537,0.058078511299989144,996.0,4.611111111111111,0.3824275937175122,-0.20126433209565825,0.00031887106578610083,0.0038967200434471033,0,17.0,6.0,4,0.054878048780487805,0.01524390243902439,K.Cousins,0.0,25.0,1.7857142857142858,149.74,2023,174.32
K.Murray,00-0035228,ARI,1799.0,10.221590909090908,291.0,10.0,88.0,176.0,5.0,0.6048109965635738,-0.05365453290541669,977.0,5.551136363636363,0.310192318255394,-0.26612363527400146,0.005788795635583788,-0.0033725989490539865,1,18.0,0.0,0,0.03436426116838488,0.01718213058419244,K.Murray,3.0,244.0,5.545454545454546,146.35999999999999,2023,299.24
K.Pickett,00-0038102,PIT,2070.0,10.298507462686567,348.0,6.0,91.0,201.0,4.0,0.5775862068965517,-0.13468106509062713,1038.0,5.164179104477612,0.349357460689264,-0.36101423541652006,0.001641130332208476,-0.0005392186066939207,0,23.0,1.0,0,0.017241379310344827,0.011494252873563218,K.Pickett,1.0,54.0,1.2857142857142858,110.2,2023,25.14
L.Jackson,00-0034796,BAL,3678.0,11.980456026058633,495.0,24.0,167.0,307.0,7.0,0.6202020202020202,0.0926226627292365,1749.0,5.697068403908795,0.45529804332590734,-0.20142972294421735,0.004657552873542147,0.0011321937360619346,1,37.0,7.0,4,0.048484848484848485,0.014141414141414142,L.Jackson,5.0,821.0,5.547297297297297,335.22,2023,436.38
M.Jones,00-0036972,NE,2120.0,9.464285714285714,368.0,10.0,100.0,224.0,12.0,0.6086956521739131,-0.18646903763321826,1208.0,5.392857142857143,0.2583898627747566,-0.3541232127035308,0.007506402608597987,-0.009189566624075699,0,22.0,4.0,1,0.02717391304347826,0.03260869565217391,M.Jones,0.0,96.0,3.6923076923076925,108.39999999999999,2023,98.58
M.Mariota,00-0032268,PHI,164.0,10.933333333333334,26.0,1.0,10.0,15.0,1.0,0.5769230769230769,-0.19654214862939673,72.0,4.8,0.4634082810143415,-0.4119525460485301,0.0003794069550007901,-0.0014812215762820143,0,3.0,1.0,1,0.038461538461538464,0.038461538461538464,M.Mariota,0.0,52.0,6.5,11.759999999999998,2023,45.660000000000004
M.Rudolph,00-0034771,PIT,719.0,13.072727272727272,80.0,3.0,26.0,55.0,0.0,0.6875,0.1418253314691921,426.0,7.745454545454545,0.15120204975640336,0.14973956624515633,0.0034091922303510686,0.010710635846511884,0,6.0,2.0,1,0.0375,0.0,M.Rudolph,0.0,8.0,0.8,39.56,2023,97.8
M.Stafford,00-0026498,LA,3965.0,12.162576687116564,554.0,24.0,187.0,326.0,11.0,0.5884476534296029,0.08231505432824282,1895.0,5.8128834355828225,0.42137516496952326,-0.23922599745082118,0.001303132509622652,0.003577797220486683,1,30.0,2.0,0,0.04332129963898917,0.019855595667870037,M.Stafford,0.0,65.0,3.0952380952380953,241.1,2023,214.57999999999998
M.Trubisky,00-0033869,PIT,632.0,9.432835820895523,115.0,4.0,36.0,67.0,5.0,0.5826086956521739,-0.1617089733899351,274.0,4.08955223880597,0.4485155633850604,-0.5057409786358398,0.011182064108204591,-0.019237604416790028,1,7.0,0.0,0,0.034782608695652174,0.043478260869565216,M.Trubisky,2.0,54.0,3.375,50.68,2023,15.26
N.Mullens,00-0033319,MIN,1306.0,13.06,160.0,7.0,57.0,100.0,8.0,0.625,0.07685542980577406,477.0,4.77,0.5601262640041011,-0.34436147781112697,0.007960554441884465,0.0010630148904422498,0,12.0,0.0,0,0.04375,0.05,N.Mullens,0.0,25.0,2.5,66.74000000000001,2023,
P.Mahomes,00-0033873,KC,4183.0,10.43142144638404,624.0,27.0,206.0,401.0,14.0,0.6426282051282052,0.03981974766694276,2548.0,6.3541147132169575,0.270233315887508,-0.14605065303206988,0.0016813945601460488,0.0006662101660250013,0,27.0,8.0,4,0.04326923076923077,0.022435897435897436,0,0.0,0.0,0.0,239.32,2023,279.82
P.Walker,00-0033275,CLE,674.0,12.481481481481481,122.0,1.0,27.0,54.0,5.0,0.4426229508196721,-0.28659617512203206,398.0,7.37037037037037,0.34113756074817614,-0.459795152889704,0.004167322846214203,-0.008236887261830113,0,11.0,2.0,2,0.00819672131147541,0.040983606557377046,P.Walker,0.0,30.0,2.3076923076923075,19.96,2023,
R.Tannehill,00-0029701,TEN,1616.0,10.845637583892618,262.0,4.0,74.0,149.0,7.0,0.5687022900763359,-0.08727621245341181,795.0,5.3355704697986575,0.4356413652128987,-0.3234494984420954,0.0014413203790478472,0.0049871860306898025,0,32.0,0.0,0,0.015267175572519083,0.026717557251908396,R.Tannehill,1.0,74.0,4.352941176470588,80.04,2023,
R.Wilson,00-0029263,DEN,3070.0,10.336700336700337,495.0,26.0,135.0,297.0,8.0,0.6,-0.0754388994586037,1733.0,5.835016835016835,0.30643817745046975,-0.19432456454329794,0.0025018927270959858,0.0015858482567821983,2,45.0,9.0,6,0.052525252525252523,0.01616161616161616,R.Wilson,3.0,341.0,4.2625,254.9,2023,176.78
S.Darnold,00-0034869,SF,297.0,10.607142857142858,52.0,2.0,15.0,28.0,1.0,0.5384615384615384,-0.005041475412761885,155.0,5.535714285714286,0.6064206499451156,-0.37476600932028675,-0.006976106029984208,0.011332210453110754,0,6.0,1.0,1,0.038461538461538464,0.019230769230769232,S.Darnold,1.0,15.0,0.7142857142857143,23.380000000000003,2023,309.96
S.Howell,00-0037077,WAS,3946.0,10.170103092783505,679.0,21.0,180.0,388.0,21.0,0.5714285714285714,-0.1759499139782251,2019.0,5.203608247422681,0.37067475979147824,-0.39146078736975326,0.005667107324025029,-0.003977835452771245,1,65.0,4.0,1,0.030927835051546393,0.030927835051546393,S.Howell,5.0,263.0,5.479166666666667,256.14,2023,-1.04
T.Bagent,00-0038416,CHI,859.0,9.138297872340425,149.0,3.0,48.0,94.0,6.0,0.6308724832214765,-0.21659362908330687,498.0,5.297872340425532,0.08503437245902061,-0.1758781783418582,0.008711376667266409,-0.008946885753987542,0,5.0,3.0,2,0.020134228187919462,0.040268456375838924,T.Bagent,2.0,109.0,4.739130434782608,53.26,2023,
T.Boyle,00-0034177,NYJ,360.0,7.5,86.0,1.0,16.0,48.0,4.0,0.5581395348837209,-0.41891823893892033,190.0,3.9583333333333335,0.030735554632446628,-0.30404244093100324,-0.0012556377012068588,-0.004016006745933613,0,9.0,1.0,0,0.011627906976744186,0.046511627906976744,T.Boyle,0.0,5.0,1.25,10.899999999999999,2023,13.94
T.DeVito,00-0038476,NYG,1101.0,9.657894736842104,215.0,8.0,46.0,114.0,3.0,0.5302325581395348,-0.22940573118579402,583.0,5.114035087719298,0.18916303043275304,-0.17831048348457432,0.017563078370928086,-0.016573867891733846,0,37.0,0.0,0,0.037209302325581395,0.013953488372093023,T.DeVito,1.0,195.0,5.416666666666667,95.53999999999999,2023,13.48
T.Heinicke,00-0031800,ATL,890.0,12.027027027027026,144.0,5.0,41.0,74.0,4.0,0.5138888888888888,-0.01141166047506862,508.0,6.864864864864865,0.5299446453566667,-0.45379885982097395,0.0016321644760291774,-0.0017863051884163118,0,8.0,0.0,0,0.034722222222222224,0.027777777777777776,T.Heinicke,1.0,124.0,8.266666666666667,66.0,2023,
T.Hill,00-0033357,NO,83.0,13.833333333333334,13.0,1.0,4.0,6.0,0.0,0.46153846153846156,0.11218514497159093,18.0,3.0,0.645882307377179,-0.34716738636647837,0.010385987585239065,0.001538983800194491,0,2.0,0.0,0,0.07692307692307693,0.0,T.Hill,4.0,416.0,4.781609195402299,72.92,2023,
T.Huntley,00-0035993,BAL,203.0,9.666666666666666,41.0,3.0,13.0,21.0,0.0,0.5121951219512195,0.09269401841757646,78.0,3.7142857142857144,0.6083686422813074,-0.36760274676536897,0.0038676868022554873,-0.00430352904866204,0,4.0,0.0,0,0.07317073170731707,0.0,T.Huntley,0.0,55.0,3.6666666666666665,25.619999999999997,2023,62.66
T.Lawrence,00-0036971,JAX,4016.0,10.854054054054053,602.0,21.0,179.0,370.0,14.0,0.6146179401993356,-0.036320604345671074,1786.0,4.827027027027027,0.49301293298353,-0.3903381330639296,0.004814443855794637,-0.0007484289787269317,1,35.0,11.0,6,0.03488372093023256,0.023255813953488372,T.Lawrence,4.0,339.0,4.8428571428571425,264.53999999999996,2023,145.7
T.Siemian,00-0032156,NYJ,724.0,8.418604651162791,161.0,2.0,35.0,86.0,4.0,0.5341614906832298,-0.3390975480541843,471.0,5.476744186046512,0.044205734956122185,-0.3064528348869067,0.0016005990907015013,-0.005822191251137783,0,8.0,2.0,2,0.012422360248447204,0.024844720496894408,T.Siemian,0.0,40.0,3.6363636363636362,28.96,2023,
T.Tagovailoa,00-0036212,MIA,4624.0,11.917525773195877,591.0,29.0,222.0,388.0,14.0,0.6565143824027073,0.184345377383021,2176.0,5.608247422680412,0.4594048198132225,-0.17208840867262784,0.004223711008966596,0.002793801735442122,0,29.0,3.0,0,0.049069373942470386,0.023688663282571912,T.Tagovailoa,0.0,74.0,2.1142857142857143,280.36,2023,181.58
T.Taylor,00-0028118,NYG,1341.0,11.560344827586206,198.0,5.0,52.0,116.0,3.0,0.5858585858585859,0.005904119680070372,578.0,4.982758620689655,0.494764227032877,-0.34151714436034836,0.004339808614475552,-0.004007216709256013,0,17.0,0.0,0,0.025252525252525252,0.015151515151515152,T.Taylor,0.0,195.0,5.0,87.14,2023,20.06
W.Levis,00-0039152,TEN,1808.0,12.134228187919463,284.0,8.0,81.0,149.0,4.0,0.5246478873239436,-0.04518834802679896,746.0,5.006711409395973,0.6630330691435015,-0.5471660776718449,0.0054543030791118895,-0.001741133634502819,1,28.0,2.0,3,0.028169014084507043,0.014084507042253521,W.Levis,1.0,57.0,2.28,104.02,2023,125.93999999999998
Z.Wilson,00-0037013,NYJ,2271.0,10.276018099547512,416.0,8.0,104.0,221.0,7.0,0.53125,-0.25481578697639373,1113.0,5.036199095022624,0.26062057740044337,-0.2983245902898316,0.0040031238912747015,-0.005238403860472892,1,46.0,5.0,4,0.019230769230769232,0.016826923076923076,Z.Wilson,0.0,211.0,5.861111111111111,123.94,2023,
A.Dalton,00-0027973,CAR,989.0,9.330188679245284,168.0,7.0,50.0,106.0,6.0,0.6309523809523809,-0.15145560226477578,459.0,4.330188679245283,0.35451648772377664,-0.43986921346180285,0.004900298786768958,-0.004212302232895566,0,7.0,2.0,0,0.041666666666666664,0.03571428571428571,A.Dalton,0.0,34.0,3.090909090909091,58.96,2024,11.520000000000001
A.O'Connell,00-0038579,LV,1612.0,10.467532467532468,255.0,8.0,78.0,154.0,4.0,0.6039215686274509,0.009445739929336295,731.0,4.746753246753247,0.3636729961963734,-0.27227089805403026,-0.0007779306704028554,0.0026746945091003223,0,10.0,0.0,0,0.03137254901960784,0.01568627450980392,A.O'Connell,1.0,30.0,1.4285714285714286,97.48,2024,4.08
A.Richardson,00-0039164,IND,1814.0,14.396825396825397,279.0,8.0,73.0,126.0,12.0,0.45161290322580644,-0.15828008921050607,776.0,6.158730158730159,0.8126402370020354,-0.874990761876837,0.004576122728221462,-0.0046364919287079105,0,14.0,3.0,2,0.02867383512544803,0.043010752688172046,A.Richardson,6.0,499.0,5.8023255813953485,162.46,2024,
A.Rodgers,00-0023459,NYJ,3897.0,10.589673913043478,627.0,28.0,192.0,368.0,11.0,0.5869218500797448,-0.002016908907897555,2122.0,5.766304347826087,0.3955237282968721,-0.2834434903092872,0.0035889076107073975,-5.4276799087060485e-05,2,40.0,5.0,2,0.044657097288676235,0.017543859649122806,A.Rodgers,0.0,107.0,4.863636363636363,256.58,2024,226.98
B.Allen,00-0032434,SF,199.0,11.705882352941176,32.0,1.0,8.0,17.0,2.0,0.53125,-0.5460205277187687,116.0,6.823529411764706,0.3803539125384608,-0.7281686964960674,0.031239244827196536,-0.03321721239723653,0,2.0,2.0,1,0.03125,0.0625,0,0.0,0.0,0.0,5.960000000000001,2024,0.8799999999999999
B.Mayfield,00-0034855,TB,4500.0,11.056511056511056,613.0,41.0,224.0,407.0,16.0,0.6639477977161501,0.17450192707157153,2430.0,5.9705159705159705,0.3987578116897112,-0.09006740492076692,0.004197179896934427,0.0027052337228859287,1,40.0,3.0,2,0.06688417618270799,0.026101141924959218,B.Mayfield,3.0,378.0,6.3,365.8,2024,271.92
B.Nix,00-0039732,DEN,3775.0,10.039893617021276,592.0,29.0,170.0,376.0,12.0,0.6351351351351351,0.029742493634941778,2070.0,5.50531914893617,0.33515367253783146,-0.23053939866154308,0.006079250692609832,-0.003821069152991388,0,24.0,4.0,0,0.048986486486486486,0.02027027027027027,B.Nix,4.0,430.0,4.673913043478261,310.0,2024,306.84000000000003
B.Purdy,00-0037834,SF,3864.0,12.88,487.0,20.0,178.0,300.0,12.0,0.6160164271047228,0.15971801582748615,1622.0,5.406666666666666,0.6003387048358078,-0.317927734448896,0.0020705553937690998,0.0037851825515445685,0,31.0,3.0,3,0.04106776180698152,0.024640657084188913,B.Purdy,5.0,323.0,4.893939393939394,266.86,2024,177.38
B.Young,00-0039150,CAR,2403.0,10.26923076923077,414.0,15.0,117.0,234.0,9.0,0.5652173913043478,-0.0732497342069134,969.0,4.141025641025641,0.6127657696052705,-0.5429926841621814,0.009287513519907144,-0.006177243858051895,0,29.0,2.0,1,0.036231884057971016,0.021739130434782608,B.Young,6.0,249.0,5.790697674418604,197.02,2024,222.04
B.Zappe,00-0038108,CLE,170.0,10.625,32.0,1.0,8.0,16.0,2.0,0.5,-0.5265251690125182,101.0,6.3125,0.5876368176240869,-1.0792658806087394,5.231652082123575e-05,-0.008444007479185287,0,1.0,0.0,0,0.03125,0.0625,B.Zappe,0.0,2.0,1.0,7.000000000000001,2024,
C.Rush,00-0033662,DAL,1844.0,9.86096256684492,322.0,12.0,92.0,187.0,5.0,0.5807453416149069,-0.10042562740971778,942.0,5.037433155080214,0.31668300010412065,-0.31296843012578446,0.001481052647139851,-0.0009291122052475834,1,13.0,4.0,1,0.037267080745341616,0.015527950310559006,C.Rush,0.0,18.0,0.6923076923076923,113.56,2024,3.7199999999999993
C.Stroud,00-0039163,HOU,3727.0,11.092261904761905,584.0,20.0,187.0,336.0,12.0,0.5753424657534246,-0.022445466135455467,1664.0,4.9523809523809526,0.4819603055518653,-0.32757422811488773,0.005338887332486372,0.0007860714868791957,0,52.0,2.0,2,0.03424657534246575,0.02054794520547945,C.Stroud,0.0,233.0,4.480769230769231,224.38000000000002,2024,208.54
C.Wentz,00-0032950,KC,118.0,9.833333333333334,23.0,0.0,5.0,12.0,0.0,0.5217391304347826,-0.2937281832038827,68.0,5.666666666666667,0.09283557554437363,-0.10257039609745044,0.03982391335854405,-0.040155391420213175,0,4.0,0.0,0,0.0,0.0,C.Wentz,0.0,0.0,0.0,4.72,2024,64.64
C.Williams,00-0039918,CHI,3541.0,10.08831908831909,640.0,20.0,171.0,351.0,6.0,0.5484375,-0.08742262638773837,1866.0,5.316239316239316,0.4732081069712512,-0.3578581845459497,0.0031254871821378215,-0.0012469908018669976,3,68.0,5.0,3,0.03125,0.009375,C.Williams,0.0,489.0,6.037037037037037,258.53999999999996,2024,307.98
D.Carr,00-0031280,NO,2145.0,11.34920634920635,290.0,15.0,93.0,189.0,5.0,0.6517241379310345,0.14586565405975313,1087.0,5.751322751322752,0.2975709394211097,-0.10557911427130084,0.0010896130221814651,0.0034843468664572533,1,8.0,1.0,0,0.05172413793103448,0.017241379310344827,D.Carr,1.0,71.0,4.176470588235294,150.9,2024,
D.Jones,00-0035710,NYG,2070.0,9.583333333333334,375.0,8.0,106.0,216.0,7.0,0.576,-0.1016448329168318,944.0,4.37037037037037,0.33900498176906463,-0.2720149818483098,0.004242588772378289,-0.0016522707900171853,0,29.0,2.0,2,0.021333333333333333,0.018666666666666668,D.Jones,2.0,265.0,3.955223880597015,135.3,2024,224.14000000000001
D.Lock,00-0035704,NYG,1071.0,10.009345794392523,194.0,6.0,45.0,107.0,5.0,0.5515463917525774,-0.214790962943818,611.0,5.710280373831775,0.26698628542700786,-0.3476350068840422,-0.0005511269094757036,-0.005094379434187253,1,12.0,2.0,2,0.030927835051546393,0.02577319587628866,D.Lock,2.0,133.0,7.388888888888889,80.14,2024,
D.Maye,00-0039851,NE,2276.0,10.115555555555556,375.0,15.0,112.0,225.0,10.0,0.6,-0.08454655386530452,1191.0,5.293333333333333,0.39554266368828883,-0.2744154522391511,0.003370416396143673,-0.0008021142802534011,2,34.0,5.0,4,0.04,0.02666666666666667,D.Maye,2.0,421.0,7.796296296296297,181.14000000000001,2024,348.76
D.Mills,00-0036898,HOU,212.0,10.6,38.0,0.0,9.0,20.0,0.0,0.5263157894736842,-0.2733875337289638,72.0,3.6,0.6953640397033373,-0.9054851420999817,0.0012869396335493883,-0.001662567926258715,0,2.0,1.0,0,0.0,0.0,D.Mills,0.0,11.0,3.6666666666666665,9.58,2024,68.6
D.Prescott,00-0033077,DAL,1978.0,10.691891891891892,309.0,11.0,87.0,185.0,8.0,0.598705501618123,-0.061606921871812596,939.0,5.075675675675676,0.4355706517729658,-0.3786525380055783,0.00022735004792445637,0.0056546366492078335,0,21.0,3.0,1,0.03559870550161812,0.025889967637540454,D.Prescott,1.0,54.0,4.153846153846154,116.52000000000001,2024,315.78000000000003
D.Ridder,00-0038122,LV,458.0,8.807692307692308,95.0,2.0,24.0,52.0,2.0,0.5473684210526316,-0.23243698302527532,201.0,3.8653846153846154,0.41061834747357284,-0.37471775475852,0.008260564216449282,-0.010175559517652751,0,10.0,2.0,2,0.021052631578947368,0.021052631578947368,D.Ridder,0.0,36.0,4.0,21.92,2024,
D.Thompson-Robinson,00-0038583,CLE,440.0,7.213114754098361,126.0,0.0,20.0,61.0,6.0,0.48412698412698413,-0.5646122775663297,251.0,4.114754098360656,0.25104782004545706,-0.7345021679645733,0.0037635047809059137,-0.01187747868070954,0,8.0,1.0,1,0.0,0.047619047619047616,D.Thompson-Robinson,0.0,122.0,5.809523809523809,15.8,2024,
D.Watson,00-0033537,CLE,1148.0,8.379562043795621,250.0,5.0,49.0,137.0,3.0,0.548,-0.24616510402844677,594.0,4.335766423357664,0.21247916921358276,-0.22772633087577013,0.006420356503045325,-0.004725079110834301,1,33.0,2.0,2,0.02,0.012,D.Watson,1.0,148.0,4.774193548387097,78.72,2024,
G.Minshew,00-0035289,LV,2013.0,9.916256157635468,336.0,9.0,106.0,203.0,10.0,0.6041666666666666,-0.1369368237584357,1099.0,5.413793103448276,0.19989446218391763,-0.1599675048284756,0.002030526687408269,-0.0004284724607255794,1,29.0,3.0,3,0.026785714285714284,0.02976190476190476,G.Minshew,0.0,58.0,3.0526315789473686,98.32,2024,-0.32
G.Smith,00-0030565,SEA,4320.0,10.614250614250615,631.0,21.0,209.0,407.0,15.0,0.6450079239302694,0.004816138033471686,2133.0,5.240786240786241,0.3293553552579343,-0.1729539401078238,0.0024090135577553486,0.002721627334865142,0,50.0,3.0,0,0.03328050713153724,0.02377179080824089,G.Smith,2.0,272.0,5.132075471698113,266.0,2024,173.9
J.Allen,00-0034857,BUF,3731.0,12.153094462540716,498.0,28.0,173.0,307.0,6.0,0.6164658634538153,0.2612611903531435,1998.0,6.50814332247557,0.502231158990354,-0.18297461851637242,0.000772504296359569,0.005894927591000319,1,14.0,2.0,2,0.05622489959839357,0.012048192771084338,J.Allen,12.0,531.0,5.205882352941177,372.34000000000003,2024,368.62
J.Brissett,00-0033119,NE,826.0,8.694736842105263,180.0,2.0,41.0,95.0,1.0,0.5277777777777778,-0.20619265753026964,433.0,4.557894736842106,0.3144086192234295,-0.3632702514030936,-0.0017508728713998716,-0.0011407036530823584,1,18.0,1.0,1,0.011111111111111112,0.005555555555555556,J.Brissett,0.0,62.0,4.133333333333334,45.24,2024,227.44
J.Burrow,00-0036442,CIN,4918.0,10.691304347826087,702.0,43.0,253.0,460.0,9.0,0.6552706552706553,0.14207921706708737,2192.0,4.765217391304348,0.43448836110063616,-0.12923712341740667,0.008320889082172126,0.0029601602133270634,0,48.0,8.0,6,0.06125356125356125,0.01282051282051282,J.Burrow,2.0,201.0,4.785714285714286,370.82000000000005,2024,134.46
J.Daniels,00-0039910,WAS,3568.0,10.779456193353475,530.0,25.0,170.0,331.0,9.0,0.6245283018867924,0.09998696530281309,1780.0,5.377643504531722,0.40130230633247943,-0.1551566635275969,0.005185194976406562,0.0012747330592420053,2,47.0,2.0,0,0.04716981132075472,0.016981132075471698,J.Daniels,6.0,891.0,6.02027027027027,353.82,2024,116.27999999999999
J.Dobbs,00-0033949,SF,361.0,11.28125,49.0,2.0,18.0,32.0,2.0,0.6530612244897959,0.1134179558249354,101.0,3.15625,0.5710858091858785,-0.34145530408060365,0.001066304864766815,0.007855448323921184,0,2.0,0.0,0,0.04081632653061224,0.04081632653061224,J.Dobbs,2.0,24.0,2.6666666666666665,32.839999999999996,2024,
J.Fields,00-0036945,PIT,1106.0,10.433962264150944,178.0,5.0,45.0,106.0,1.0,0.5955056179775281,0.010157286295476818,524.0,4.943396226415095,0.3256297955887931,-0.1293645297953256,0.001156823410567031,0.004172271663318987,0,16.0,3.0,1,0.028089887640449437,0.0056179775280898875,J.Fields,5.0,289.0,4.661290322580645,119.14000000000001,2024,142.66
J.Flacco,00-0026158,IND,1761.0,10.87037037037037,267.0,12.0,87.0,162.0,7.0,0.6067415730337079,0.007686838472534939,651.0,4.018518518518518,0.5780579314139338,-0.42074918477233325,0.004662611071881196,-0.0022142846149669922,0,18.0,3.0,3,0.0449438202247191,0.026217228464419477,J.Flacco,0.0,26.0,2.888888888888889,101.03999999999999,2024,146.66
J.Garoppolo,00-0031345,LA,334.0,12.37037037037037,45.0,2.0,16.0,27.0,1.0,0.6,0.046169604091512044,232.0,8.592592592592593,0.1702205540737276,0.04732247936033647,0.0030605376864351907,0.0008742074080395799,0,3.0,0.0,0,0.044444444444444446,0.022222222222222223,J.Garoppolo,0.0,5.0,2.5,19.86,2024,
J.Goff,00-0033106,DET,4629.0,11.86923076923077,571.0,37.0,236.0,390.0,12.0,0.6830122591943958,0.274009924113436,2544.0,6.523076923076923,0.22034615304122543,0.17110916850940944,0.0018087013796461997,0.005307050355155691,1,31.0,2.0,0,0.0647985989492119,0.021015761821366025,J.Goff,0.0,56.0,1.6,316.76,2024,301.06
J.Haener,00-0038998,NO,226.0,12.555555555555555,45.0,1.0,10.0,18.0,1.0,0.4,-0.3321884256391367,97.0,5.388888888888889,0.6919333535934592,-0.8243156949859161,-0.0006877070605136816,-0.0027603476986629203,0,6.0,0.0,0,0.022222222222222223,0.022222222222222223,J.Haener,0.0,22.0,2.0,13.239999999999998,2024,
J.Herbert,00-0036355,LAC,3870.0,11.656626506024097,548.0,23.0,175.0,332.0,3.0,0.6058394160583942,0.11830429340505383,1675.0,5.045180722891566,0.5007523333936174,-0.252442249358333,0.0008566263600224453,0.005862371162606577,3,41.0,2.0,1,0.041970802919708027,0.005474452554744526,J.Herbert,2.0,306.0,4.434782608695652,287.40000000000003,2024,286.88
J.Hurts,00-0036389,PHI,2903.0,11.705645161290322,400.0,18.0,139.0,248.0,5.0,0.62,0.10103916742317841,1375.0,5.544354838709677,0.4846115341654192,-0.16788873609469873,0.004432354125950739,0.004183867219260569,0,38.0,3.0,3,0.045,0.0125,J.Hurts,14.0,630.0,4.2,319.12,2024,303.06
J.Love,00-0036264,GB,3389.0,12.645522388059701,442.0,25.0,151.0,268.0,11.0,0.6063348416289592,0.12028905453734356,1654.0,6.1716417910447765,0.5552542796062728,-0.3896765917185834,0.002259256642807968,0.0019066469801183215,3,14.0,2.0,1,0.05656108597285068,0.024886877828054297,J.Love,1.0,85.0,3.269230769230769,232.06,2024,235.14000000000001
J.Milton,00-0039398,NE,241.0,10.954545454545455,29.0,1.0,14.0,22.0,0.0,0.7586206896551724,0.40657641833655356,72.0,3.272727272727273,0.6324129939412467,-0.22583657560469383,0.001702980748538317,0.004795179095089744,0,0.0,0.0,0,0.034482758620689655,0.0,J.Milton,1.0,16.0,1.6,21.240000000000002,2024,12.32
J.Winston,00-0031503,CLE,2121.0,11.718232044198896,327.0,13.0,103.0,181.0,12.0,0.5535168195718655,-0.09334875463572653,765.0,4.226519337016574,0.6082911235137283,-0.5803242921259821,0.007493698104583944,-0.00527984660650028,4,24.0,3.0,2,0.039755351681957186,0.03669724770642202,J.Winston,1.0,83.0,3.32,131.14,2024,32.980000000000004
K.Cousins,00-0029604,ATL,3508.0,11.577557755775578,482.0,18.0,163.0,303.0,16.0,0.6286307053941909,0.032748457983550465,1687.0,5.567656765676568,0.43462392097584873,-0.27444556951655513,0.0007042191461184151,0.005145943163050735,0,28.0,3.0,3,0.03734439834024896,0.03319502074688797,0,0.0,0.0,0.0,174.32,2024,105.54
K.Murray,00-0035228,ARI,3851.0,10.352150537634408,571.0,21.0,191.0,372.0,11.0,0.6514886164623468,0.07822939009034616,1968.0,5.290322580645161,0.3491714201486179,-0.17347762492759358,0.00294543027037309,-0.0011484714812206786,0,30.0,6.0,2,0.03677758318739054,0.01926444833625219,K.Murray,5.0,572.0,7.333333333333333,299.24,2024,77.78
K.Pickett,00-0038102,PHI,291.0,11.64,46.0,2.0,12.0,25.0,1.0,0.5434782608695652,0.07472198114240076,57.0,2.28,0.5699775184011304,-0.37530041983092394,0.010555476897217798,-0.0008058193184080559,0,4.0,0.0,0,0.043478260869565216,0.021739130434782608,K.Pickett,1.0,15.0,1.6666666666666667,25.14,2024,9.719999999999999
L.Jackson,00-0034796,BAL,4172.0,13.20253164556962,499.0,41.0,198.0,316.0,4.0,0.6332665330661322,0.33720927483796515,2084.0,6.594936708860759,0.5855331183039781,-0.1391770932625196,0.002877834762328965,0.006914244280830877,0,23.0,2.0,1,0.08216432865731463,0.008016032064128256,L.Jackson,4.0,915.0,6.58273381294964,436.38,2024,214.85999999999999
M.Jones,00-0036972,JAX,1672.0,9.777777777777779,279.0,8.0,77.0,171.0,8.0,0.6129032258064516,-0.019029344570934244,908.0,5.309941520467836,0.3350546400964213,-0.2532128833648409,0.0021346853978593855,-0.0001004370831362075,1,14.0,2.0,1,0.02867383512544803,0.02867383512544803,M.Jones,1.0,97.0,3.3448275862068964,98.58,2024,130.04000000000002
M.Mariota,00-0032268,WAS,364.0,10.705882352941176,48.0,4.0,22.0,34.0,0.0,0.7083333333333334,0.3930489922144411,107.0,3.1470588235294117,0.6862223192719139,-0.10923981990590777,0.014584422764818814,0.005773958792204118,0,3.0,0.0,0,0.08333333333333333,0.0,M.Mariota,1.0,91.0,5.055555555555555,45.660000000000004,2024,129.5
M.Penix,00-0039917,ATL,775.0,12.704918032786885,109.0,3.0,35.0,61.0,3.0,0.5596330275229358,0.133514834423463,271.0,4.442622950819672,0.8465172432191184,-0.6542043941491961,0.004337177653621184,0.0001103018451417975,0,4.0,0.0,0,0.027522935779816515,0.027522935779816515,M.Penix,1.0,11.0,1.5714285714285714,44.1,2024,120.28
M.Rudolph,00-0034771,TEN,1530.0,10.479452054794521,240.0,9.0,78.0,146.0,9.0,0.6083333333333333,-0.02306064953438416,664.0,4.5479452054794525,0.34372402866844287,-0.2991176770255347,-0.003373805748345432,0.005452383704163804,1,11.0,1.0,0,0.0375,0.0375,M.Rudolph,1.0,106.0,4.24,97.8,2024,14.999999999999998
M.Stafford,00-0026498,LA,3762.0,11.064705882352941,547.0,20.0,176.0,340.0,8.0,0.6215722120658135,0.06005926387324732,1726.0,5.076470588235294,0.4221657449476012,-0.25289960044500576,0.004728323973014367,0.001261817381754171,0,28.0,2.0,2,0.03656307129798903,0.014625228519195612,M.Stafford,0.0,41.0,1.3666666666666667,214.57999999999998,2024,352.38
M.Trubisky,00-0033869,BUF,179.0,9.421052631578947,26.0,2.0,7.0,19.0,0.0,0.7307692307692307,0.37371193239669775,149.0,7.842105263157895,-0.06422507566905801,0.437937008065756,0.012026160807111465,-0.008654066193000394,0,0.0,0.0,0,0.07692307692307693,0.0,M.Trubisky,0.0,1.0,0.058823529411764705,15.26,2024,31.12
M.White,00-0034401,BUF,28.0,9.333333333333334,11.0,0.0,1.0,3.0,0.0,0.2727272727272727,-0.650260572623334,32.0,10.666666666666666,0.2179182228018441,-0.8681787954251784,0.035457246682860634,-0.05506941337477074,0,0.0,0.0,0,0.0,0.0,0,0.0,0.0,0.0,1.12,2024,
M.Willis,00-0038128,GB,550.0,13.75,63.0,3.0,20.0,40.0,0.0,0.6349206349206349,0.24285141659329146,274.0,6.85,0.3776756650537416,0.18083008996594305,0.0023808940141289334,0.015132598817799246,0,8.0,1.0,1,0.047619047619047616,0.0,M.Willis,1.0,138.0,6.9,51.8,2024,53.18
P.Mahomes,00-0033873,KC,3928.0,10.020408163265307,619.0,26.0,214.0,392.0,11.0,0.6332794830371568,0.1089794853598424,2275.0,5.803571428571429,0.2922700250235089,-0.08174326645916978,0.002643707944601339,0.005323532191042201,0,36.0,1.0,1,0.0420032310177706,0.017770597738287562,P.Mahomes,2.0,307.0,5.293103448275862,279.82,2024,283.68
R.Wilson,00-0029263,PIT,2482.0,11.598130841121495,370.0,16.0,112.0,214.0,5.0,0.5783783783783784,-0.012573266391256019,1122.0,5.242990654205608,0.49697056876427653,-0.3429965404954098,0.0039999224510995105,-4.970710480853341e-05,0,33.0,3.0,2,0.043243243243243246,0.013513513513513514,R.Wilson,2.0,155.0,3.604651162790698,176.78,2024,47.84
S.Darnold,00-0034869,MIN,4319.0,11.96398891966759,594.0,35.0,207.0,361.0,12.0,0.6077441077441077,0.060427527457686314,1752.0,4.853185595567867,0.5924098719668325,-0.3655245770027784,0.00595039418444504,0.0030771113994430884,0,48.0,5.0,3,0.058922558922558925,0.020202020202020204,S.Darnold,1.0,212.0,3.1641791044776117,309.96,2024,239.41999999999996
S.Howell,00-0037077,SEA,24.0,4.8,18.0,0.0,1.0,5.0,1.0,0.2777777777777778,-0.8651621284150931,7.0,1.4,0.04701135225228282,-0.8208921243461643,-0.002463312021323607,-0.006924547604285172,0,4.0,0.0,0,0.0,0.05555555555555555,0,0.0,0.0,0.0,-1.04,2024,
S.Rattler,00-0039376,NO,1317.0,10.13076923076923,251.0,4.0,62.0,130.0,5.0,0.5179282868525896,-0.33785090586309624,642.0,4.938461538461539,0.3208481847396528,-0.4766088974866406,0.007769598204776073,-0.00837323816159421,0,22.0,4.0,3,0.01593625498007968,0.0199203187250996,S.Rattler,0.0,146.0,8.11111111111111,67.28,2024,100.14
S.Thompson,00-0037327,MIA,187.0,8.904761904761905,39.0,0.0,8.0,21.0,0.0,0.5384615384615384,-0.3977185933849513,85.0,4.0476190476190474,0.530188378348777,-0.6391559078536623,-0.00032693419647826673,-0.0016909960805523093,0,6.0,0.0,1,0.0,0.0,0,0.0,0.0,0.0,5.48,2024,
T.Boyle,00-0034177,MIA,276.0,10.222222222222221,52.0,1.0,11.0,27.0,1.0,0.5192307692307693,-0.27861368116394336,151.0,5.592592592592593,0.6334942774401686,-0.8776285965536124,4.924557418136254e-05,-0.0031778941798731673,0,2.0,0.0,0,0.019230769230769232,0.019230769230769232,T.Boyle,0.0,9.0,3.0,13.94,2024,
T.DeVito,00-0038476,NYG,257.0,8.290322580645162,50.0,0.0,15.0,31.0,0.0,0.62,-0.16017864980618463,119.0,3.838709677419355,0.3974386667931949,-0.3904143667810285,0.0009683686538747679,-0.002023427688982343,0,6.0,0.0,0,0.0,0.0,T.DeVito,0.0,32.0,4.0,13.48,2024,
T.Huntley,00-0035993,MIA,829.0,9.63953488372093,150.0,3.0,45.0,86.0,3.0,0.5733333333333334,-0.1563147817747994,354.0,4.116279069767442,0.39627609019868515,-0.3728152712870161,0.004970264799181242,-0.005248365904536695,0,15.0,2.0,1,0.02,0.02,T.Huntley,2.0,135.0,5.1923076923076925,62.66,2024,40.14
T.Lance,00-0037012,DAL,266.0,10.64,45.0,0.0,13.0,25.0,1.0,0.5555555555555556,-0.32059344658166145,149.0,5.96,0.5700023468901829,-0.767805588413595,0.000470733634556822,0.0027891268599466155,0,4.0,1.0,0,0.0,0.022222222222222223,T.Lance,0.0,41.0,3.727272727272727,12.74,2024,13.54
T.Lawrence,00-0036971,JAX,2045.0,11.88953488372093,306.0,11.0,97.0,172.0,7.0,0.5620915032679739,-0.010995434626184913,846.0,4.9186046511627906,0.7185802576947644,-0.6151343494991464,0.004858758944673779,-0.0040258261443152634,3,18.0,3.0,1,0.03594771241830065,0.02287581699346405,T.Lawrence,3.0,119.0,4.576923076923077,145.7,2024,338.17999999999995
T.McKee,00-0038400,PHI,323.0,10.766666666666667,47.0,4.0,17.0,30.0,0.0,0.6382978723404256,0.3122917718361648,138.0,4.6,0.4122497575360023,0.0060583424015834475,0.002618945045026273,0.0050672034871146,0,2.0,0.0,0,0.0851063829787234,0.0,T.McKee,0.0,-1.0,-0.2,28.82,2024,13.760000000000002
T.Tagovailoa,00-0036212,MIA,2867.0,9.852233676975946,423.0,19.0,161.0,291.0,7.0,0.6879432624113475,0.20291525979504246,1708.0,5.869415807560137,0.24029131424856942,0.07609516517688113,0.0002569260343372812,0.007128999455568171,2,21.0,2.0,2,0.04491725768321513,0.016548463356973995,T.Tagovailoa,0.0,49.0,2.8823529411764706,181.58,2024,160.70000000000002
T.Taylor,00-0028118,NYJ,119.0,7.0,25.0,3.0,9.0,17.0,0.0,0.68,0.44252344510228353,68.0,4.0,0.3303367869600396,0.21075803701982798,-7.73019525169532e-05,4.493373862219173e-05,1,0.0,0.0,0,0.12,0.0,T.Taylor,0.0,13.0,4.333333333333333,20.06,2024,59.459999999999994
W.Levis,00-0039152,TEN,2091.0,11.005263157894737,344.0,13.0,86.0,190.0,12.0,0.5523255813953488,-0.19046201203564467,933.0,4.910526315789474,0.4490853388826838,-0.4489685468031154,0.00035980221997620543,-0.004416496855322114,1,41.0,3.0,3,0.0377906976744186,0.03488372093023256,W.Levis,0.0,183.0,4.066666666666666,125.93999999999998,2024,
A.Dalton,00-0027973,CAR,293.0,11.72,45.0,1.0,17.0,25.0,1.0,0.5555555555555556,-0.1258148972857152,90.0,3.6,0.8878959000238054,-0.5531907801082987,0.002070631118643885,-0.0040385663073598055,0,8.0,1.0,1,0.022222222222222223,0.022222222222222223,A.Dalton,0.0,-2.0,-0.4,11.520000000000001,2025,
A.O'Connell,00-0038579,LV,102.0,10.2,23.0,0.0,5.0,10.0,0.0,0.43478260869565216,-0.25494313784110384,31.0,3.1,0.312656464793359,-0.5278838030824043,-0.004639197479594845,-0.008382721380753973,0,1.0,0.0,0,0.0,0.0,0,0.0,0.0,0.0,4.08,2025,
A.Rodgers,00-0023459,PIT,3322.0,10.15902140672783,529.0,24.0,143.0,327.0,7.0,0.6181474480151229,0.02688249207015748,2119.0,6.480122324159021,0.2355690701729585,-0.10430535558653406,0.003106122223512912,0.00026240588723303217,1,29.0,4.0,1,0.045368620037807186,0.013232514177693762,A.Rodgers,1.0,61.0,2.9047619047619047,226.98,2025,
B.Allen,00-0032434,TEN,72.0,4.235294117647059,31.0,0.0,3.0,17.0,1.0,0.5483870967741935,-0.775109382426754,80.0,4.705882352941177,-0.08251315956780002,-0.6713578957491181,-0.0006626114576647532,-0.006717466804063083,0,1.0,0.0,0,0.0,0.03225806451612903,0,0.0,0.0,0.0,0.8799999999999999,2025,
B.Cook,00-0040398,NYJ,739.0,8.397727272727273,173.0,2.0,35.0,88.0,7.0,0.5086705202312138,-0.3950512176995715,417.0,4.738636363636363,0.20739128993819547,-0.45125829212564766,0.014334022435983309,-0.015700140395185573,1,19.0,1.0,1,0.011560693641618497,0.04046242774566474,B.Cook,0.0,49.0,3.769230769230769,28.46,2025,
B.Mayfield,00-0034855,TB,3693.0,10.7667638483965,585.0,26.0,172.0,343.0,11.0,0.5863247863247864,-0.006026301206413756,1923.0,5.606413994169096,0.47433533238398085,-0.36527449102243975,0.003369310674858621,-0.00017511666409006168,2,36.0,4.0,3,0.044444444444444446,0.018803418803418803,B.Mayfield,1.0,382.0,6.945454545454545,271.92,2025,
B.Nix,00-0039732,DEN,3931.0,10.131443298969073,639.0,25.0,196.0,388.0,11.0,0.6071987480438185,0.09153997054750149,2093.0,5.394329896907217,0.34018754784192895,-0.19708802056637445,0.0021282375267571182,0.004027432858154776,4,22.0,2.0,1,0.03912363067292645,0.017214397496087636,B.Nix,5.0,356.0,4.289156626506024,306.84000000000003,2025,
B.Purdy,00-0037834,SF,2167.0,11.0,298.0,20.0,130.0,197.0,10.0,0.6610738255033557,0.1944689508372938,829.0,4.208121827411167,0.5469733746151922,-0.2642921441307462,0.0012124433058806662,0.00776401088846719,1,11.0,3.0,2,0.06711409395973154,0.03355704697986577,B.Purdy,3.0,147.0,4.454545454545454,177.38,2025,
B.Young,00-0039150,CAR,3011.0,9.904605263157896,508.0,23.0,153.0,304.0,11.0,0.5984251968503937,-0.04336805093566654,1539.0,5.0625,0.35064977949006787,-0.27587966638321737,0.0029600180744080865,0.0006269846600791486,1,27.0,4.0,2,0.045275590551181105,0.021653543307086614,B.Young,2.0,216.0,4.0,222.04,2025,
C.Oladokun,00-0037324,KC,235.0,6.714285714285714,63.0,1.0,10.0,35.0,0.0,0.5555555555555556,-0.4781449068634459,156.0,4.457142857142857,0.002453867529547139,-0.22096809503440795,-0.0025685036347972037,-0.002991334140340606,0,8.0,1.0,1,0.015873015873015872,0.0,C.Oladokun,0.0,18.0,3.6,13.200000000000001,2025,
C.Rush,00-0033662,BAL,303.0,8.911764705882353,53.0,0.0,13.0,34.0,4.0,0.6415094339622641,-0.4726751135400789,149.0,4.382352941176471,0.11132830427412119,-0.5473970148552403,0.017976731275736648,-0.02375488250478295,0,1.0,1.0,0,0.0,0.07547169811320754,C.Rush,0.0,-4.0,-1.0,3.7199999999999993,2025,
C.Stroud,00-0039163,HOU,3041.0,11.139194139194139,449.0,19.0,136.0,273.0,8.0,0.6080178173719376,0.0860581555229753,1365.0,5.0,0.45564709603485426,-0.26463838082120744,0.0006928994664824512,0.0033547293031498844,0,23.0,2.0,0,0.042316258351893093,0.017817371937639197,C.Stroud,1.0,209.0,4.354166666666667,208.54,2025,
C.Tune,00-0038582,GB,42.0,6.0,20.0,0.0,2.0,7.0,1.0,0.35,-0.994967226104927,28.0,4.0,-0.2889833583418895,-0.3881464855279777,0.01074455391693242,-0.02047670421501001,0,5.0,0.0,0,0.0,0.05,C.Tune,0.0,23.0,4.6,1.9799999999999998,2025,
C.Ward,00-0040676,TEN,3169.0,9.811145510835914,595.0,15.0,153.0,323.0,7.0,0.5428571428571428,-0.19033639040696237,1547.0,4.7894736842105265,0.3390028628680077,-0.3262956724665237,0.008561438895669403,-0.007450328800127664,0,55.0,9.0,8,0.025210084033613446,0.011764705882352941,C.Ward,2.0,159.0,4.076923076923077,184.66,2025,
C.Wentz,00-0032950,MIN,1216.0,11.054545454545455,189.0,6.0,58.0,110.0,5.0,0.582010582010582,0.033336523625147135,573.0,5.209090909090909,0.3755808277192481,-0.17955140564245756,0.008253130759619217,-0.004302738741652644,1,19.0,0.0,0,0.031746031746031744,0.026455026455026454,0,0.0,0.0,0.0,64.64,2025,
C.Williams,00-0039918,CHI,3942.0,11.945454545454545,596.0,27.0,187.0,330.0,7.0,0.5536912751677853,0.07076645679689199,1811.0,5.487878787878788,0.5344389301207039,-0.38362190816738617,0.0014955906877411928,0.003357649159599161,1,24.0,2.0,1,0.04530201342281879,0.01174496644295302,C.Williams,3.0,383.0,4.974025974025974,307.98,2025,
D.Gabriel,00-0040704,CLE,937.0,8.518181818181818,205.0,7.0,45.0,110.0,2.0,0.5365853658536586,-0.21901386261442357,500.0,4.545454545454546,0.2204713658808144,-0.29936455393669364,0.0008255277393649362,-0.002909199744805375,0,19.0,0.0,0,0.03414634146341464,0.00975609756097561,D.Gabriel,0.0,86.0,6.142857142857143,70.07999999999998,2025,
D.Jones,00-0035710,IND,3101.0,11.881226053639846,411.0,19.0,149.0,261.0,8.0,0.635036496350365,0.13989894668170125,1344.0,5.149425287356322,0.38422627501693685,-0.11465550251666551,-0.0009393726197134097,0.008026053177821325,1,22.0,4.0,4,0.046228710462287104,0.019464720194647202,D.Jones,5.0,161.0,3.577777777777778,224.14000000000001,2025,
D.Maye,00-0039851,NE,4394.0,12.412429378531073,540.0,31.0,203.0,354.0,8.0,0.6555555555555556,0.29788496553367677,1746.0,4.932203389830509,0.7277540214166897,-0.2583569917080201,0.002542511695112512,0.008483631152423518,1,47.0,4.0,3,0.05740740740740741,0.014814814814814815,D.Maye,4.0,450.0,4.368932038834951,348.76,2025,
D.Mills,00-0036898,HOU,915.0,10.054945054945055,169.0,5.0,48.0,91.0,1.0,0.5384615384615384,-0.09893651943712015,269.0,2.956043956043956,0.5761701514175288,-0.5860750054072644,0.0072751129093648476,-0.006769311913060693,1,8.0,0.0,0,0.029585798816568046,0.005917159763313609,D.Mills,1.0,60.0,4.615384615384615,68.6,2025,
D.Prescott,00-0033077,DAL,4552.0,11.267326732673267,634.0,30.0,220.0,404.0,10.0,0.637223974763407,0.16826019198605632,2021.0,5.002475247524752,0.5392033075194381,-0.2886219168986377,0.0046600018633167475,0.004404393459884261,3,31.0,4.0,1,0.0473186119873817,0.015772870662460567,D.Prescott,2.0,177.0,3.339622641509434,315.78000000000003,2025,
G.Minshew,00-0035289,KC,37.0,6.166666666666667,13.0,0.0,2.0,6.0,1.0,0.46153846153846156,-0.4934371559155305,31.0,5.166666666666667,-0.05595208228064222,-0.43748507363488925,-0.004185034678532531,-0.029899929578487677,0,0.0,0.0,0,0.0,0.07692307692307693,G.Minshew,0.0,2.0,0.3333333333333333,-0.32,2025,
G.Smith,00-0030565,LV,3025.0,10.016556291390728,505.0,19.0,148.0,302.0,17.0,0.598019801980198,-0.1443988238591261,1713.0,5.672185430463577,0.24145570302394914,-0.17867352400704156,-0.0018881364796627174,0.0042425458458252565,1,55.0,1.0,1,0.03762376237623762,0.033663366336633666,G.Smith,0.0,109.0,2.658536585365854,173.9,2025,
J.Allen,00-0034857,BUF,3668.0,11.498432601880877,507.0,25.0,177.0,319.0,10.0,0.6291913214990138,0.12037805049006282,1897.0,5.946708463949843,0.3005256274899833,-0.024121012655463032,0.005127450175698393,0.0018857935826888882,1,40.0,3.0,1,0.04930966469428008,0.01972386587771203,J.Allen,14.0,579.0,5.169642857142857,368.62,2025,
J.Brissett,00-0033119,ARI,3366.0,10.685714285714285,531.0,23.0,165.0,315.0,8.0,0.5932203389830508,-0.011319011417738289,1557.0,4.942857142857143,0.42267567417158625,-0.2554198188181401,0.0020550889113215686,0.0004936844872651079,1,43.0,5.0,4,0.04331450094161959,0.015065913370998116,J.Brissett,1.0,168.0,4.421052631578948,227.44,2025,
J.Browning,00-0035100,CIN,771.0,9.518518518518519,134.0,6.0,33.0,81.0,8.0,0.6044776119402985,-0.3947049521749237,367.0,4.530864197530864,0.31146683886111715,-0.6180082249783673,0.0010413322956734211,-0.005566499183199427,0,9.0,2.0,0,0.04477611940298507,0.05970149253731343,J.Browning,1.0,39.0,4.333333333333333,48.74,2025,
J.Burrow,00-0036442,CIN,1809.0,10.45664739884393,278.0,17.0,100.0,173.0,5.0,0.6223021582733813,0.09914564058539366,818.0,4.728323699421965,0.5121988342359343,-0.3013171214397017,0.005384798806899929,-0.0017169504340515795,0,17.0,1.0,0,0.06115107913669065,0.017985611510791366,J.Burrow,0.0,41.0,2.9285714285714284,134.46,2025,
J.Daniels,00-0039910,WAS,1262.0,11.070175438596491,207.0,8.0,59.0,114.0,3.0,0.5507246376811594,-0.02307727546775092,577.0,5.06140350877193,0.4477693030528688,-0.3327857137796417,0.011142420704392073,-0.00756284023076399,1,18.0,1.0,1,0.03864734299516908,0.014492753623188406,J.Daniels,2.0,278.0,4.793103448275862,116.27999999999999,2025,
J.Dart,00-0040691,NYG,2272.0,10.518518518518519,376.0,15.0,102.0,216.0,5.0,0.574468085106383,-0.021767561998955395,1161.0,5.375,0.47470484717287503,-0.34866331080821555,0.0015297055342196578,0.0003024252597572249,1,35.0,3.0,1,0.0398936170212766,0.013297872340425532,J.Dart,9.0,487.0,5.662790697674419,243.57999999999998,2025,
J.Fields,00-0036945,NYJ,1259.0,9.8359375,235.0,7.0,58.0,128.0,1.0,0.5446808510638298,-0.09553882138301124,575.0,4.4921875,0.3069019143058944,-0.22017516284416808,-0.0012820370440053384,0.0006439817432661953,3,27.0,1.0,1,0.029787234042553193,0.00425531914893617,J.Fields,4.0,383.0,5.394366197183099,142.66,2025,
J.Flacco,00-0026158,CLE,2479.0,9.876494023904382,436.0,15.0,115.0,251.0,10.0,0.5756880733944955,-0.1121023354462093,1148.0,4.573705179282869,0.300682249727627,-0.3209523602977336,0.003612229893506224,-0.00447845631615777,2,18.0,4.0,3,0.034403669724770644,0.022935779816513763,J.Flacco,1.0,35.0,1.6666666666666667,146.66,2025,
J.Goff,00-0033106,DET,4564.0,11.61323155216285,616.0,34.0,223.0,393.0,8.0,0.637987012987013,0.17282492084357587,2411.0,6.134860050890585,0.3252165735158409,-0.010742416725863034,0.0004661972309788272,0.006323509467398003,0,38.0,3.0,3,0.05519480519480519,0.012987012987012988,J.Goff,0.0,45.0,2.3684210526315788,301.06,2025,
J.Herbert,00-0036355,LAC,3727.0,10.961764705882352,566.0,26.0,175.0,340.0,13.0,0.6007067137809188,0.007961748799530571,1657.0,4.873529411764705,0.45169658980614724,-0.27799894669009556,0.00475716551692749,-0.0007708344236964251,0,54.0,3.0,1,0.045936395759717315,0.022968197879858657,J.Herbert,2.0,498.0,6.0,286.88,2025,
J.Hurts,00-0036389,PHI,3224.0,10.965986394557824,488.0,25.0,150.0,294.0,6.0,0.6024590163934426,0.05197356921302557,1265.0,4.302721088435374,0.5118815341946382,-0.33802428167165866,4.668673053170661e-05,0.0026281720344510143,0,32.0,4.0,2,0.05122950819672131,0.012295081967213115,J.Hurts,8.0,421.0,4.0095238095238095,303.06,2025,
J.Johnson,00-0026300,WAS,372.0,10.941176470588236,56.0,1.0,21.0,34.0,2.0,0.6071428571428571,0.06819660513498928,213.0,6.264705882352941,0.40048277595017784,-0.2538295340359448,0.0027759366519798444,0.0030312559034568077,0,2.0,0.0,0,0.017857142857142856,0.03571428571428571,J.Johnson,1.0,55.0,4.583333333333333,26.380000000000003,2025,
J.Love,00-0036264,GB,3381.0,11.618556701030927,462.0,23.0,159.0,291.0,6.0,0.6298701298701299,0.23941837193269103,1511.0,5.1924398625429555,0.5951111271942076,-0.265382745882693,0.006365754435814619,0.005546527821455394,2,21.0,2.0,2,0.049783549783549784,0.012987012987012988,J.Love,0.0,199.0,4.23404255319149,235.14000000000001,2025,
J.McCarthy,00-0039923,MIN,1632.0,11.657142857142857,273.0,11.0,80.0,140.0,12.0,0.5128205128205128,-0.19819016404151543,692.0,4.942857142857143,0.5471323672110749,-0.5627216622707171,0.0021370276862974226,0.0005194222397063868,1,27.0,2.0,2,0.040293040293040296,0.04395604395604396,J.McCarthy,4.0,181.0,4.891891891891892,125.38,2025,
J.Milton,00-0039398,DAL,183.0,12.2,24.0,1.0,9.0,15.0,2.0,0.625,0.02654301500929031,78.0,5.2,0.8787582453296632,-0.852215230320373,-0.0007731007854090483,-0.0021113824511000126,0,0.0,0.0,0,0.041666666666666664,0.08333333333333333,J.Milton,0.0,50.0,10.0,12.32,2025,
J.Winston,00-0031503,NYG,567.0,15.324324324324325,69.0,2.0,25.0,37.0,2.0,0.5362318840579711,0.22306813026424083,210.0,5.675675675675675,0.9006567973917827,-0.5839732374151232,-0.023716672693479362,0.0355716864992935,0,3.0,1.0,1,0.028985507246376812,0.028985507246376812,J.Winston,1.0,23.0,3.2857142857142856,32.980000000000004,2025,
K.Cousins,00-0029604,ATL,1721.0,10.367469879518072,284.0,10.0,86.0,166.0,5.0,0.5845070422535211,-0.01934540564942198,983.0,5.921686746987952,0.40354345885818355,-0.3346427111941765,0.008010993714237897,-0.0037382750033727184,0,13.0,1.0,0,0.035211267605633804,0.017605633802816902,K.Cousins,1.0,7.0,0.5,105.54,2025,
K.Murray,00-0035228,ARI,962.0,8.745454545454546,177.0,6.0,50.0,110.0,3.0,0.6214689265536724,0.032319723874228115,545.0,4.954545454545454,0.18413253123007234,-0.01056100585425767,0.0010319443600234758,0.003952258139855034,0,16.0,1.0,1,0.03389830508474576,0.01694915254237288,K.Murray,1.0,173.0,5.9655172413793105,77.78,2025,
K.Pickett,00-0038102,LV,188.0,6.714285714285714,53.0,1.0,8.0,28.0,2.0,0.5283018867924528,-0.5431639990429151,62.0,2.2142857142857144,0.10308716946747137,-0.5284833906478043,0.008337288384839384,-0.019595600105855152,0,8.0,0.0,0,0.018867924528301886,0.03773584905660377,K.Pickett,0.0,22.0,4.4,9.719999999999999,2025,
L.Jackson,00-0034796,BAL,2549.0,13.276041666666666,340.0,21.0,109.0,192.0,7.0,0.5647058823529412,0.019223111819451938,1064.0,5.541666666666667,0.5849190620001171,-0.34427065303806637,0.0065624812171965925,0.0036529590337665615,1,36.0,5.0,3,0.061764705882352944,0.020588235294117647,L.Jackson,2.0,349.0,5.208955223880597,214.85999999999999,2025,
M.Brosmer,00-0040494,MIN,328.0,6.9787234042553195,85.0,0.0,18.0,47.0,4.0,0.5529411764705883,-0.6887101106733254,249.0,5.297872340425532,-0.10648546829691766,-0.3133867580147672,-0.0057384948894663515,-0.001882429955972695,0,14.0,3.0,2,0.0,0.047058823529411764,M.Brosmer,0.0,11.0,1.5714285714285714,2.2199999999999993,2025,
M.Jones,00-0036972,SF,2151.0,10.701492537313433,307.0,13.0,107.0,201.0,6.0,0.6547231270358306,0.12456036569732268,957.0,4.7611940298507465,0.37939415653441766,-0.13989113280957832,0.0013363463824434586,0.006274555832194499,1,16.0,3.0,2,0.04234527687296417,0.019543973941368076,M.Jones,0.0,60.0,1.6666666666666667,130.04000000000002,2025,
M.Mariota,00-0032268,WAS,1695.0,12.194244604316546,246.0,10.0,79.0,139.0,7.0,0.5650406504065041,-0.015847853837264,639.0,4.597122302158273,0.874400491522651,-0.7443163001349465,-0.00720275415116363,0.008771710082005866,1,16.0,1.0,1,0.04065040650406504,0.028455284552845527,M.Mariota,1.0,297.0,5.94,129.5,2025,
M.Penix,00-0039917,ATL,1982.0,11.939759036144578,290.0,9.0,99.0,166.0,3.0,0.5724137931034483,-0.0038424588507882072,888.0,5.349397590361446,0.5546505912814044,-0.4594479072768294,0.005269929636562636,-0.0009931502611079937,1,13.0,3.0,2,0.03103448275862069,0.010344827586206896,M.Penix,1.0,70.0,3.3333333333333335,120.28,2025,
M.Rudolph,00-0034771,PIT,310.0,8.157894736842104,54.0,2.0,17.0,38.0,2.0,0.7037037037037037,0.046358586797181384,254.0,6.684210526315789,-0.033960739602872166,0.20642470238812743,0.001110251695031106,-0.003518003865217394,0,2.0,1.0,1,0.037037037037037035,0.037037037037037035,M.Rudolph,0.0,6.0,0.8571428571428571,14.999999999999998,2025,
M.Stafford,00-0026498,LA,4707.0,12.131443298969073,620.0,46.0,236.0,388.0,8.0,0.6258064516129033,0.2273050794622054,1850.0,4.768041237113402,0.6169948061765583,-0.30098745630654866,0.00218849569891504,0.007793277969490269,0,23.0,4.0,2,0.07419354838709677,0.012903225806451613,M.Stafford,0.0,1.0,0.034482758620689655,352.38,2025,
M.Trubisky,00-0033869,BUF,313.0,12.52,37.0,4.0,19.0,25.0,0.0,0.6756756756756757,0.6955263546394327,136.0,5.44,0.6941465821591134,0.03809556417400002,0.0014211067390740059,0.006407288681818361,1,0.0,0.0,0,0.10810810810810811,0.0,M.Trubisky,0.0,6.0,0.6666666666666666,31.12,2025,
M.Willis,00-0038128,GB,422.0,14.066666666666666,38.0,3.0,19.0,30.0,0.0,0.7894736842105263,0.739063818045666,126.0,4.2,0.7281372436779617,0.16975618585757915,0.001398050872385149,0.031770822865192096,0,3.0,0.0,0,0.07894736842105263,0.0,M.Willis,2.0,123.0,5.590909090909091,53.18,2025,
P.Mahomes,00-0033873,KC,3587.0,11.387301587301588,539.0,22.0,173.0,315.0,11.0,0.5844155844155844,0.1266177008834355,1895.0,6.015873015873016,0.4763280642073871,-0.26397235202966307,0.004169113814516605,0.0006371358974255658,2,34.0,0.0,1,0.04081632653061224,0.02040816326530612,P.Mahomes,5.0,422.0,6.59375,283.68,2025,
P.Rivers,00-0022942,IND,544.0,9.379310344827585,97.0,4.0,30.0,58.0,3.0,0.5979381443298969,-0.11541789244580743,271.0,4.672413793103448,0.32598109505583434,-0.34593032687525327,0.00833947298757025,-0.007322255792457531,0,5.0,0.0,0,0.041237113402061855,0.030927835051546393,P.Rivers,0.0,-1.0,-0.5,31.660000000000004,2025,
Q.Ewers,00-0040234,MIA,622.0,11.309090909090909,91.0,3.0,29.0,55.0,3.0,0.6043956043956044,-0.06101253509462744,354.0,6.4363636363636365,0.32014035057446993,-0.23617306625918863,0.010395649382195076,-0.00801110517457328,0,8.0,1.0,0,0.03296703296703297,0.03296703296703297,Q.Ewers,0.0,19.0,2.375,32.779999999999994,2025,
R.Leonard,00-0040206,IND,415.0,10.64102564102564,70.0,2.0,18.0,39.0,3.0,0.5571428571428572,-0.21720499000065438,180.0,4.615384615384615,0.6009775320094762,-0.689112161513152,-0.001857940266300547,-0.0003593556562323927,0,2.0,2.0,1,0.02857142857142857,0.04285714285714286,R.Leonard,2.0,27.0,4.5,31.3,2025,
R.Wilson,00-0029263,NYG,831.0,12.043478260869565,129.0,3.0,32.0,69.0,3.0,0.5348837209302325,-0.12152288363754012,376.0,5.449275362318841,0.6612706243309017,-0.6741634355380794,0.012628966601848804,-0.005106300309284768,0,10.0,0.0,1,0.023255813953488372,0.023255813953488372,R.Wilson,0.0,106.0,5.888888888888889,47.84,2025,
S.Buechele,00-0036679,KC,88.0,12.571428571428571,19.0,0.0,4.0,7.0,0.0,0.3684210526315789,-0.3592354176549313,28.0,4.0,0.2370880428664229,-0.3616571537219125,-0.012910772647176492,0.00468905589410233,0,5.0,0.0,0,0.0,0.0,0,0.0,0.0,0.0,3.52,2025,
S.Darnold,00-0034869,SEA,4048.0,12.532507739938081,506.0,25.0,178.0,323.0,14.0,0.6383399209486166,0.12419289151967247,1778.0,5.504643962848297,0.4595578015691823,-0.20606045950743793,0.0004131529120232459,0.004733522055582642,2,27.0,8.0,4,0.04940711462450593,0.02766798418972332,S.Darnold,0.0,95.0,2.7142857142857144,239.41999999999996,2025,
S.Rattler,00-0039376,NO,1586.0,9.114942528735632,275.0,8.0,74.0,174.0,5.0,0.6327272727272727,-0.13177145101798324,642.0,3.7109826589595376,0.4977223086792626,-0.5228905449734278,0.004667202213202802,-0.006444648480050572,0,18.0,4.0,1,0.02909090909090909,0.01818181818181818,S.Rattler,0.0,167.0,5.387096774193548,100.14,2025,
S.Sanders,00-0040668,CLE,1400.0,11.666666666666666,235.0,7.0,54.0,120.0,10.0,0.5106382978723404,-0.2988679217050533,809.0,6.741666666666666,0.19723356768634867,-0.3331703371247047,0.0030626469359595083,-0.006390623829310429,0,23.0,3.0,1,0.029787234042553193,0.0425531914893617,S.Sanders,1.0,169.0,8.047619047619047,84.9,2025,
T.Bridgewater,00-0031237,TB,62.0,7.75,17.0,0.0,2.0,8.0,0.0,0.47058823529411764,-0.7352074676275475,52.0,6.5,-0.05656429148123892,-0.1934415393858215,0.06346070625198384,-0.06355667180420518,0,2.0,0.0,0,0.0,0.0,T.Bridgewater,0.0,4.0,1.3333333333333333,2.88,2025,
T.Huntley,00-0035993,BAL,426.0,8.192307692307692,75.0,2.0,19.0,52.0,0.0,0.6933333333333334,0.029738700531254842,148.0,2.8461538461538463,0.34531170796079813,-0.17163235170157562,0.00260891860428577,0.0031154237009595937,0,8.0,1.0,0,0.02666666666666667,0.0,T.Huntley,0.0,151.0,6.291666666666667,40.14,2025,
T.Lance,00-0037012,LAC,226.0,8.37037037037037,63.0,0.0,10.0,27.0,1.0,0.42857142857142855,-0.6264554374538467,105.0,3.888888888888889,0.6726027185664036,-1.1286296601349493,0.0334747000029069,-0.03882959645691596,0,6.0,1.0,1,0.0,0.015873015873015872,T.Lance,0.0,85.0,5.0,13.54,2025,
T.Lawrence,00-0036971,JAX,4007.0,11.750733137829911,603.0,29.0,194.0,341.0,12.0,0.5655058043117744,0.05469792621481942,1631.0,4.782991202346041,0.5915562195869535,-0.4162147174595788,0.0023900033006710036,0.0020598055697403934,0,41.0,3.0,2,0.04809286898839138,0.01990049751243781,T.Lawrence,9.0,359.0,4.378048780487805,338.17999999999995,2025,
T.McKee,00-0038400,PHI,274.0,11.416666666666666,46.0,1.0,16.0,24.0,1.0,0.5217391304347826,-0.05352039444692657,100.0,4.166666666666667,0.7833939323243737,-0.7994127512510368,0.0074512098169267965,-0.011962374564000358,0,3.0,0.0,0,0.021739130434782608,0.021739130434782608,T.McKee,0.0,8.0,1.0,13.760000000000002,2025,
T.Shough,00-0040743,NO,2384.0,10.787330316742082,359.0,10.0,107.0,221.0,6.0,0.6155988857938719,-0.028783174354960375,1051.0,4.755656108597285,0.39913434393599373,-0.23482472730965087,0.00631929096501848,0.0005701883525282923,0,31.0,3.0,1,0.027855153203342618,0.016713091922005572,T.Shough,3.0,186.0,4.133333333333334,157.96,2025,
T.Tagovailoa,00-0036212,MIA,2660.0,10.23076923076923,417.0,20.0,142.0,260.0,15.0,0.6235011990407674,0.01982457042441906,1410.0,5.423076923076923,0.3673302246802712,-0.22052816122994454,0.006350826873468304,-0.002689052082671286,1,30.0,2.0,1,0.047961630695443645,0.03597122302158273,T.Tagovailoa,0.0,43.0,2.15,160.70000000000002,2025,
T.Taylor,00-0028118,NYJ,779.0,9.7375,148.0,5.0,41.0,80.0,5.0,0.5405405405405406,-0.08996561334785756,331.0,4.1375,0.5883962076369154,-0.548367079002471,0.015710462194718444,-0.017117237532192554,0,14.0,1.0,1,0.033783783783783786,0.033783783783783786,T.Taylor,1.0,143.0,5.296296296296297,59.459999999999994,2025,
Z.Wilson,00-0037013,MIA,32.0,5.333333333333333,11.0,0.0,3.0,6.0,0.0,0.5454545454545454,-0.6019404023113144,23.0,3.8333333333333335,-0.21418013613649853,-0.3877602661748165,-0.04606093141906471,0.04599291804135484,0,0.0,0.0,0,0.0,0.0,Z.Wilson,0.0,1.0,0.3333333333333333,1.3800000000000001,2025,
